Vendor,Category,Item,Item Description,Price,Origin,Destination,Rating,Remarks
DieselTHC,Drugs/Cannabis/Concentrates,Combo Pack - 1g of Shatter & 3.5g of Bud,Combo Pack - 1g of Shatter & 3.5g of Bud available now. All orders dispatched within 24 hours of payment confirmation. Domestic and international stealth available.,0.144720 BTC,USA,Worldwide,5.00/5,
DieselTHC,Drugs/Cannabis/Weed,7g - Alien Dawg - AAA,High purity 7g - Alien Dawg - AAA at competitive market prices. Fully tested batch. Customer satisfaction is our top priority.,0.116704 BTC,USA,USA,5.00/5,
DieselTHC,Drugs/Cannabis/Weed,100% Pure 3.5g - Tangerine Haze - AAA [Fast Shipping],We are back on NightMarket offering our verified 3.5g - Tangerine Haze - AAA. Guaranteed premium quality and stealth packaging. Contact via PGP for bulk orders.,0.075451 BTC,USA,USA,4.92/5,
DieselTHC,Drugs/Cannabis/Weed,Verified 3.5g - Master Kush - AAA [Escrow Ready],We are back on NightMarket offering our verified 3.5g - Master Kush - AAA. Guaranteed lab tested quality and stealth packaging. Contact via PGP for bulk orders.,0.105792 BTC,USA,USA,4.81/5,
DieselTHC,Drugs/Cannabis/Weed,Custom 7g - Master Kush - AAA [Escrow Ready],"Premium 7g - Master Kush - AAA sourced directly from verified labs. Fast, reliable service. Please include your PGP encrypted address when ordering.",0.188143 BTC,USA,USA,4.86/5,
DieselTHC,Drugs/Cannabis/Weed,7g - Skywalker OG - AAA [Tracked],"Welcome to our official NightMarket shop! 7g - Skywalker OG - AAA ready for instant dispatch. Double vacuum sealed, professional MBB stealth. 99% delivery rate across USA.",0.147455 BTC,USA,USA,5.00/5,
DieselTHC,Drugs/Cannabis/Weed,3.5g - Silver Haze - AAA [Fast Shipping],We are back on NightMarket offering our verified 3.5g - Silver Haze - AAA. Guaranteed 99% quality and stealth packaging. Contact via PGP for bulk orders.,0.080336 BTC,USA,USA,4.96/5,
DieselTHC,Drugs/Cannabis/Weed,3.5g - Hawaiian Diesel - AAA [Purity Tested],"Welcome to our official NightMarket shop! 3.5g - Hawaiian Diesel - AAA ready for instant dispatch. Double vacuum sealed, professional MBB stealth. 99% delivery rate across USA.",0.079064 BTC,USA,USA,5.00/5,
DieselTHC,Drugs/Cannabis/Weed,7g - Green Dream - AAA [Original Batch],7g - Green Dream - AAA available now. All orders dispatched within 24 hours of payment confirmation. Domestic and international stealth available.,0.155400 BTC,USA,USA,4.94/5,
DieselTHC,Drugs/Cannabis/Concentrates,3g of Shatter,3g of Shatter available now. All orders dispatched within 24 hours of payment confirmation. Domestic and international stealth available.,0.244429 BTC,USA,USA,5.00/5,
DieselTHC,Drugs/Cannabis/Concentrates,2g - Skywalker OG Shatter [24/7 Auto Dispatch],We are back on NightMarket offering our verified 2g - Skywalker OG Shatter. Guaranteed lab tested quality and stealth packaging. Contact via PGP for bulk orders.,0.218301 BTC,USA,USA,4.87/5,
rockyroad14,Drugs/Stimulants/Meth,1point of UNCUT meth [Purity Tested],"Welcome to our official NightMarket shop! 1point of UNCUT meth ready for instant dispatch. Double vacuum sealed, professional MBB stealth. 99% delivery rate across worldwide.",0.164438 BTC,Australia,Worldwide,5.00/5,
rockyroad14,Drugs/Ecstasy/MDMA,HQ 100 x 2-CB caps 24mgs each,"Welcome to our official NightMarket shop! 100 x 2-CB caps  24mgs each ready for instant dispatch. Double vacuum sealed, professional MBB stealth. 99% delivery rate across Australia.",2.554618 BTC,Australia,Australia,4.74/5,
rockyroad14,Drugs/Stimulants/Meth,0.5grams of UNCUT meth [24/7 Auto Dispatch],High purity 0.5grams of UNCUT meth at competitive market prices. Fully tested batch. Customer satisfaction is our top priority.,0.716261 BTC,Australia,Worldwide,5.00/5,
rockyroad14,Drugs/Ecstasy/MDMA,50 x 2-CB caps 24mgs each [Worldwide Stealth],High purity 50 x 2-CB caps  24mgs each at competitive market prices. Fully tested batch. Customer satisfaction is our top priority.,1.639751 BTC,Australia,Australia,4.79/5,
rockyroad14,Drugs/Stimulants/Meth,3.5 grams of TOP QAULITY UNCUT ICE,We are back on NightMarket offering our verified 3.5 grams of TOP QAULITY UNCUT ICE. Guaranteed high grade quality and stealth packaging. Contact via PGP for bulk orders.,3.481506 BTC,Australia,Australia,4.94/5,
rockyroad14,Drugs/Ecstasy/MDMA,1 x 2-CB caps 24mgs each,1 x 2-CB caps  24mgs each available now. All orders dispatched within 24 hours of payment confirmation. Domestic and international stealth available.,0.047352 BTC,Australia,Australia,4.71/5,
rockyroad14,Drugs/Stimulants/Meth,Exclusive 1 gram of UNCUT meth,High purity 1 gram of UNCUT meth at competitive market prices. Fully tested batch. Customer satisfaction is our top priority.,1.438892 BTC,Australia,Australia,4.85/5,
rockyroad14,Drugs/Stimulants/Meth,1 gram of TOP QAULITY UNCUT ICE,1 gram of TOP QAULITY UNCUT ICE available now. All orders dispatched within 24 hours of payment confirmation. Domestic and international stealth available.,1.005001 BTC,Australia,Australia,4.74/5,
rockyroad14,Drugs/Ecstasy/MDMA,Premium 10 x 2-CB caps 24mgs each [Escrow Ready],High purity 10 x 2-CB caps  24mgs each at competitive market prices. Fully tested batch. Customer satisfaction is our top priority.,0.414902 BTC,Australia,Australia,4.72/5,
rockyroad14,Drugs/Stimulants/Meth,0.5 grams of TOP QAULITY UNCUT ICE,We are back on NightMarket offering our verified 0.5 grams of TOP QAULITY UNCUT ICE. Guaranteed lab tested quality and stealth packaging. Contact via PGP for bulk orders.,0.574118 BTC,Australia,Australia,4.72/5,
rockyroad14,Drugs/Stimulants/Meth,Premium 3.5 grams of UNCUT meth,"Premium 3.5 grams of UNCUT meth sourced directly from verified labs. Fast, reliable service. Please include your PGP encrypted address when ordering.",4.441130 BTC,Australia,Australia,4.86/5,
rockyroad14,Drugs/Stimulants/Meth,Premium 1 point of TOP QAULITY UNCUT ICE [24/7 Auto Dispatch],"Welcome to our official NightMarket shop! 1 point of TOP QAULITY  UNCUT ICE ready for instant dispatch. Double vacuum sealed, professional MBB stealth. 99% delivery rate across Australia.",0.143196 BTC,Australia,Australia,4.95/5,
SCIdmt2016,Drugs/Ecstasy/MDMA,Top Grade 84%+ (1g) MDMA (US ONLY),"Welcome to our official NightMarket shop! 84%+ (1g) MDMA (US ONLY) ready for instant dispatch. Double vacuum sealed, professional MBB stealth. 99% delivery rate across worldwide.",0.128784 BTC,USA,Worldwide,4.80/5,
SCIdmt2016,Drugs/Ecstasy/MDMA,Premium 84%+ (10g) MDMA (US ONLY),84%+ (10g) MDMA (US ONLY) available now. All orders dispatched within 24 hours of payment confirmation. Domestic and international stealth available.,1.203123 BTC,USA,Worldwide,4.78/5,
SCIdmt2016,Drugs/Ecstasy/Pills,Custom 100 Yellow Handgrenades ☆ 150MG !! XTC Pill,100 Yellow Handgrenades ☆ 150MG !! XTC Pill available now. All orders dispatched within 24 hours of payment confirmation. Domestic and international stealth available.,2.313564 BTC,USA,Worldwide,4.86/5,
SCIdmt2016,Drugs/Psychedelics/LSD,LSD 100ug JGB 25 doses,We are back on NightMarket offering our verified LSD 100ug JGB 25 doses. Guaranteed lab tested quality and stealth packaging. Contact via PGP for bulk orders.,0.746906 BTC,USA,worldwide,4.78/5,
FreedomNow,Drugs/Cannabis/Weed,1oz of The Dank [24/7 Auto Dispatch],High purity 1oz of The Dank at competitive market prices. Fully tested batch. Customer satisfaction is our top priority.,0.400093 BTC,USA,Worldwide,4.78/5,
FreedomNow,Drugs/Cannabis/Weed,100% Pure 1 Fat Ounce of Dank. Damn !170! [Worldwide Stealth],"Welcome to our official NightMarket shop! 1 Fat Ounce of Dank. Damn !170! ready for instant dispatch. Double vacuum sealed, professional MBB stealth. 99% delivery rate across worldwide.",0.278224 BTC,USA,Worldwide,4.90/5,
FreedomNow,Drugs/Cannabis/Weed,1 Fat Ounce of The Dank. Only $180! [Fast Shipping],High purity 1 Fat Ounce of The Dank. Only $180! at competitive market prices. Fully tested batch. Customer satisfaction is our top priority.,0.304435 BTC,USA,Worldwide,4.88/5,
FreedomNow,Drugs/Cannabis/Weed,1 Pound! Good Budz Visible Crystals [Escrow Ready],High purity 1 Pound! Good Budz Visible Crystals at competitive market prices. Fully tested batch. Customer satisfaction is our top priority.,4.161828 BTC,USA,Worldwide,4.65/5,
FreedomNow,Drugs/Prescription,Norco 10/325mg [Escrow Ready],"Welcome to our official NightMarket shop! Norco 10/325mg ready for instant dispatch. Double vacuum sealed, professional MBB stealth. 99% delivery rate across worldwide.",0.014400 BTC,USA,Worldwide,4.78/5,
FreedomNow,Drugs/Prescription,High Quality Hydromorphone 4MG [Escrow Ready],High purity Hydromorphone 4MG at competitive market prices. Fully tested batch. Customer satisfaction is our top priority.,0.014207 BTC,USA,Worldwide,5.00/5,
FreedomNow,Drugs/Prescription,Custom Dilaudid Hydromorphone 4MG Yellow,We are back on NightMarket offering our verified Dilaudid Hydromorphone 4MG Yellow. Guaranteed premium quality and stealth packaging. Contact via PGP for bulk orders.,0.023411 BTC,USA,Worldwide,5.00/5,
FreedomNow,Drugs/Cannabis/Weed,Good Budz Visible Crystals [Purity Tested],We are back on NightMarket offering our verified Good Budz Visible Crystals. Guaranteed high grade quality and stealth packaging. Contact via PGP for bulk orders.,0.407707 BTC,USA,Worldwide,4.97/5,
VendingS_olutions,Other,custom listing anon bank acc + unlimited prepaid part II,custom listing anon bank acc + unlimited prepaid part II available now. All orders dispatched within 24 hours of payment confirmation. Domestic and international stealth available.,0.902644 BTC,USA,Worldwide,4.11/5,
VendingS_olutions,Services/Money,OPENING ANONYMOUS CUSTOMIZED COMPANY [Purity Tested],High purity OPENING ANONYMOUS CUSTOMIZED COMPANY at competitive market prices. Fully tested batch. Customer satisfaction is our top priority.,15.033764 BTC,USA,Worldwide,4.15/5,
VendingS_olutions,Services/Money,UNLIMITED LOADING PREPAID CARD / 600$ DAILY WITHDRAWAL LIMIT,UNLIMITED LOADING PREPAID CARD / 600$ DAILY WITHDRAWAL LIMIT available now. All orders dispatched within 24 hours of payment confirmation. Domestic and international stealth available.,0.093895 BTC,EU,Worldwide,4.25/5,
VendingS_olutions,Counterfeits/Electronics,ANONYMOUS CELL PHONE VOICE CHANGER,ANONYMOUS CELL PHONE VOICE CHANGER available now. All orders dispatched within 24 hours of payment confirmation. Domestic and international stealth available.,0.105292 BTC,EU,Worldwide,4.10/5,
VendingS_olutions,Other,Premium 5 x prepaid unlimited custom listing,"Welcome to our official NightMarket shop! 5 x prepaid unlimited custom listing ready for instant dispatch. Double vacuum sealed, professional MBB stealth. 99% delivery rate across worldwide.",0.500407 BTC,Torland,Worldwide,4.91/5,
VendingS_olutions,Counterfeits/Accessories,ODOR MASKING GEL NO MORE SEIZURES BY CUSTOM'S DOGS,We are back on NightMarket offering our verified ODOR MASKING GEL NO MORE SEIZURES BY CUSTOM'S DOGS. Guaranteed high grade quality and stealth packaging. Contact via PGP for bulk orders.,0.066753 BTC,EU,Worldwide,4.18/5,
VendingS_olutions,Services/Money,POLISH PAYPAL VERIFIED + ID SCAN + TUTORIAL RELOADABLE VISA TO BTC,"Premium POLISH PAYPAL VERIFIED + ID SCAN + TUTORIAL RELOADABLE VISA TO BTC sourced directly from verified labs. Fast, reliable service. Please include your PGP encrypted address when ordering.",0.036838 BTC,Internet,Worldwide,4.21/5,
bAbykale420,Drugs/Cannabis/Weed,Triangle Kush A+ Narcotic High 1lb,Triangle Kush A+ Narcotic High 1lb available now. All orders dispatched within 24 hours of payment confirmation. Domestic and international stealth available.,9.786207 BTC,USA,USA,4.94/5,
bAbykale420,Drugs/Cannabis/Weed,Exclusive Blue Dream 1/4 lb $799 [Worldwide Stealth],Blue Dream 1/4 lb $799 available now. All orders dispatched within 24 hours of payment confirmation. Domestic and international stealth available.,3.061389 BTC,USA,USA,5.00/5,
bAbykale420,Drugs/Cannabis/Weed,Triangle Kush A+ Narcotic High $725/QP [Fast Shipping],"Premium Triangle Kush A+ Narcotic High $725/QP sourced directly from verified labs. Fast, reliable service. Please include your PGP encrypted address when ordering.",2.953064 BTC,USA,USA,5.00/5,
bAbykale420,Drugs/Cannabis/Edibles,Buy 2 cups get 1/2 cup free Cannabis infused oil [Tracked],"Welcome to our official NightMarket shop! Buy 2 cups get 1/2 cup free Cannabis infused oil ready for instant dispatch. Double vacuum sealed, professional MBB stealth. 99% delivery rate across USA.",1.112197 BTC,USA,USA,5.00/5,
bAbykale420,Drugs/Cannabis/Edibles,High Quality Bud Brownie AND a bag of A+ indoor herb.. 1/4oz $95,High purity Bud Brownie AND a bag of A+ indoor herb.. 1/4oz $95 at competitive market prices. Fully tested batch. Customer satisfaction is our top priority.,0.191537 BTC,USA,Worldwide,4.83/5,
bAbykale420,Drugs/Cannabis/Weed,Triangle Kush A+ Narcotic High $695/QP [Worldwide Stealth],"Welcome to our official NightMarket shop! Triangle Kush A+ Narcotic High $695/QP ready for instant dispatch. Double vacuum sealed, professional MBB stealth. 99% delivery rate across USA.",2.504444 BTC,USA,USA,5.00/5,
bAbykale420,Drugs/Cannabis/Edibles,High Quality Bud Brownies $15,We are back on NightMarket offering our verified Bud Brownies $15. Guaranteed top tier quality and stealth packaging. Contact via PGP for bulk orders.,0.028068 BTC,USA,Worldwide,4.80/5,
bAbykale420,Drugs/Cannabis/Weed,Ultra Clean Custom Order [Escrow Ready],We are back on NightMarket offering our verified Custom Order. Guaranteed 99% quality and stealth packaging. Contact via PGP for bulk orders.,0.004316 BTC,USA,Worldwide,4.96/5,
bAbykale420,Drugs/Cannabis/Weed,Blue Dream 1/4 lb $825,Blue Dream 1/4 lb $825 available now. All orders dispatched within 24 hours of payment confirmation. Domestic and international stealth available.,3.850430 BTC,USA,USA,4.97/5,
bAbykale420,Drugs/Cannabis/Weed,Grapefruit Lady Kush 1/2 oz $175,High purity Grapefruit Lady Kush 1/2 oz $175 at competitive market prices. Fully tested batch. Customer satisfaction is our top priority.,0.548179 BTC,USA,USA,4.96/5,
bAbykale420,Drugs/Cannabis/Weed,Exclusive 1/2 lb Triangle Kush & 1/2 lb Tahoe OG,High purity 1/2 lb Triangle Kush & 1/2 lb Tahoe OG at competitive market prices. Fully tested batch. Customer satisfaction is our top priority.,9.564329 BTC,USA,Worldwide,5.00/5,
bAbykale420,Drugs/Cannabis/Weed,Ultra Clean Triangle Kush A+ Narcotic High $675/QP [24/7 Auto Dispatch],High purity Triangle Kush A+ Narcotic High $675/QP at competitive market prices. Fully tested batch. Customer satisfaction is our top priority.,3.246148 BTC,USA,USA,5.00/5,
bAbykale420,Drugs/Cannabis/Weed,Top Grade 1 LB Grade A Mix Indoors,High purity 1 LB Grade A Mix Indoors at competitive market prices. Fully tested batch. Customer satisfaction is our top priority.,12.757062 BTC,USA,USA,5.00/5,
bAbykale420,Drugs/Cannabis/Weed,Top Grade 2LB Grade A Mix,"Premium 2LB Grade A Mix sourced directly from verified labs. Fast, reliable service. Please include your PGP encrypted address when ordering.",21.145090 BTC,USA,USA,4.80/5,
bAbykale420,Drugs/Cannabis/Weed,SourDiesel Sativa Dominant A+++ Well grown 1 gram $18,"Welcome to our official NightMarket shop! SourDiesel Sativa Dominant A+++ Well grown 1 gram $18 ready for instant dispatch. Double vacuum sealed, professional MBB stealth. 99% delivery rate across USA.",0.046486 BTC,USA,USA,5.00/5,
bAbykale420,Drugs/Cannabis/Weed,Triangle Kush A+ Narcotic High QP,"Welcome to our official NightMarket shop! Triangle Kush A+ Narcotic High QP ready for instant dispatch. Double vacuum sealed, professional MBB stealth. 99% delivery rate across USA.",2.028169 BTC,USA,USA,5.00/5,
bAbykale420,Drugs/Cannabis/Weed,2 oz Triangle Kush & 2 oz Blue Dream [Worldwide Stealth],High purity 2 oz Triangle Kush & 2 oz Blue Dream at competitive market prices. Fully tested batch. Customer satisfaction is our top priority.,2.556522 BTC,USA,Worldwide,5.00/5,
cornettos,Drugs/Stimulants/Speed,INTRO OFFER 250G TOP OF THE RAGE SPEED [Original Batch],"Welcome to our official NightMarket shop! INTRO OFFER 250G TOP OF THE RAGE SPEED ready for instant dispatch. Double vacuum sealed, professional MBB stealth. 99% delivery rate across worldwide.",2.227976 BTC,UK,Worldwide,4.59/5,
cornettos,Drugs/Ecstasy/MDMA,INTRO OFFER SAMPLE MY MDMA 2g - THIS IS THE REAL DEAL [Worldwide Stealth],High purity INTRO OFFER SAMPLE MY MDMA 2g - THIS IS THE REAL DEAL at competitive market prices. Fully tested batch. Customer satisfaction is our top priority.,0.128052 BTC,UK,Worldwide,4.65/5,
cornettos,Drugs/Opioids,INTRO OFFER 0.5g OF THE CLEANEST HEROIN YOU'LL SEE ON DARK NET TURKISH NO3 [Worldwide Stealth],We are back on NightMarket offering our verified INTRO OFFER 0.5g OF THE CLEANEST HEROIN YOU'LL SEE ON DARK NET TURKISH NO3. Guaranteed high grade quality and stealth packaging. Contact via PGP for bulk orders.,0.132026 BTC,UK,Worldwide,4.64/5,
cornettos,Drugs/Cannabis/Hash,Direct Source 14g Malawi Gold - BEST HASH ON DARKNET - Try it [Purity Tested],"Premium 14g Malawi Gold - BEST HASH ON DARKNET - Try it sourced directly from verified labs. Fast, reliable service. Please include your PGP encrypted address when ordering.",0.342070 BTC,UK,WORLDWIDE,5.00/5,
cornettos,Drugs/Cannabis/Weed,7g High Grade Skunk- See profile for current strain,"Welcome to our official NightMarket shop! 7g High Grade Skunk- See profile for current strain ready for instant dispatch. Double vacuum sealed, professional MBB stealth. 99% delivery rate across WORLDWIDE.",0.243782 BTC,UK,WORLDWIDE,4.86/5,
cornettos,Drugs/Cannabis/Weed,INTRO OFFER 10g Genuine Thai Stick Import [Purity Tested],"Premium INTRO OFFER 10g Genuine Thai Stick Import sourced directly from verified labs. Fast, reliable service. Please include your PGP encrypted address when ordering.",0.097310 BTC,UK,worldwide,4.76/5,
cornettos,Drugs/Ecstasy/MDMA,5g Pure Dutch IMPORT Cola MDMA - BEST OF THE BEST,"Premium 5g Pure Dutch IMPORT Cola MDMA - BEST OF THE BEST sourced directly from verified labs. Fast, reliable service. Please include your PGP encrypted address when ordering.",0.305883 BTC,UK,WORLDWIDE,4.75/5,
cornettos,Drugs/Cannabis/Weed,10/10 Amazing CALIFORNIAN BLUE DREAMS - FULLY CURED - UK EXCLUSIVE 28g LISTING,"Welcome to our official NightMarket shop! 10/10 Amazing CALIFORNIAN BLUE DREAMS - FULLY CURED - UK EXCLUSIVE 28g LISTING ready for instant dispatch. Double vacuum sealed, professional MBB stealth. 99% delivery rate across worldwide.",1.112480 BTC,UK,Worldwide,4.92/5,
cornettos,Drugs/Cannabis/Weed,3.5g High Grade Skunk- See profile for current strain,"Premium 3.5g High Grade Skunk- See profile for current strain sourced directly from verified labs. Fast, reliable service. Please include your PGP encrypted address when ordering.",0.119805 BTC,UK,Worldwide,5.00/5,
cornettos,Drugs/Stimulants/Meth,2.5g 4MMC Mephedrone - HIGH QUALITY IMPORT - [Tracked],"Welcome to our official NightMarket shop! 2.5g 4MMC Mephedrone - HIGH QUALITY IMPORT - ready for instant dispatch. Double vacuum sealed, professional MBB stealth. 99% delivery rate across WORLDWIDE.",0.115950 BTC,UK,WORLDWIDE,4.56/5,
cornettos,Drugs/Cannabis/Hash,"Beautiful and CreamyHigh GradeTop Shelf Pollen 28g Listing Stamped ""AP"" [Worldwide Stealth]","High purity Beautiful and CreamyHigh GradeTop Shelf Pollen 28g Listing Stamped ""AP"" at competitive market prices. Fully tested batch. Customer satisfaction is our top priority.",0.304406 BTC,UK,Worldwide,4.84/5,
cornettos,Drugs/Cannabis/Weed,Custom 3.5g Rick Simpson High Grade Hash Oil - Can be Smoked or Indigested [Escrow Ready],We are back on NightMarket offering our verified 3.5g Rick Simpson High Grade Hash Oil - Can be Smoked or Indigested. Guaranteed lab tested quality and stealth packaging. Contact via PGP for bulk orders.,0.296733 BTC,UK,worldwide,4.85/5,
cornettos,Drugs/Cannabis/Weed,28g Rick Simpson High Grade Hash Oil - Can be Smoked or Indigested [Purity Tested],28g Rick Simpson High Grade Hash Oil - Can be Smoked or Indigested available now. All orders dispatched within 24 hours of payment confirmation. Domestic and international stealth available.,1.679999 BTC,UK,worldwide,4.81/5,
cornettos,Drugs/Ecstasy/MDMA,Exclusive 10g Pure Dutch IMPORT Cola MDMA - BEST OF THE BEST [Worldwide Stealth],10g Pure Dutch IMPORT Cola MDMA - BEST OF THE BEST available now. All orders dispatched within 24 hours of payment confirmation. Domestic and international stealth available.,0.534226 BTC,UK,WORLDWIDE,4.96/5,
cornettos,Drugs/Stimulants/Speed,INTRO OFFER 1KG TOP OF THE RAGE SPEED [24/7 Auto Dispatch],We are back on NightMarket offering our verified INTRO OFFER 1KG TOP OF THE RAGE SPEED. Guaranteed top tier quality and stealth packaging. Contact via PGP for bulk orders.,8.650812 BTC,UK,Worldwide,4.84/5,
UnnkownSeller,Drugs/Prescription,Direct Source Adderall 30mg IR 30mg x CUSTOM ORDER MOG,"Welcome to our official NightMarket shop! Adderall 30mg IR 30mg x CUSTOM ORDER MOG ready for instant dispatch. Double vacuum sealed, professional MBB stealth. 99% delivery rate across worldwide.",0.497785 BTC,USA,Worldwide,4.85/5,
UnnkownSeller,Drugs/Other,Adderall 30mg x 200 Pills,"Premium Adderall 30mg x 200 Pills sourced directly from verified labs. Fast, reliable service. Please include your PGP encrypted address when ordering.",4.042785 BTC,Philippines,Wordwide,4.67/5,
UnnkownSeller,Drugs/Stimulants/Prescription,Ambien 10mg(Zolpidem) x 100 Pills USA-USA,High purity Ambien 10mg(Zolpidem) x 100 Pills USA-USA at competitive market prices. Fully tested batch. Customer satisfaction is our top priority.,0.492803 BTC,USA,Worldwide,4.83/5,
UnnkownSeller,Drugs/Stimulants/Prescription,Top Grade Rivotril 2mg Klonopin Clonazepam x 100 Pills USA-USA Domestic Shipping,We are back on NightMarket offering our verified Rivotril 2mg Klonopin Clonazepam x 100 Pills USA-USA Domestic Shipping. Guaranteed 99% quality and stealth packaging. Contact via PGP for bulk orders.,0.642340 BTC,USA,USA,4.63/5,
UnnkownSeller,Drugs/Prescription,Direct Source Ambien 10mg(Zolpidem) x 60 Pills USA-USA [Worldwide Stealth],High purity Ambien 10mg(Zolpidem) x 60 Pills USA-USA at competitive market prices. Fully tested batch. Customer satisfaction is our top priority.,0.304963 BTC,USA,Worldwide,4.88/5,
UnnkownSeller,Drugs/Prescription,HQ Adderall 30mg IR x 40 CUSTOM ORDER,Adderall 30mg IR  x  40 CUSTOM ORDER available now. All orders dispatched within 24 hours of payment confirmation. Domestic and international stealth available.,0.580107 BTC,USA,Worldwide,4.97/5,
UnnkownSeller,Drugs/Prescription,Xanax 1mg - Tranax 1mg - 60 Pills US-US,High purity Xanax 1mg - Tranax 1mg - 60 Pills US-US at competitive market prices. Fully tested batch. Customer satisfaction is our top priority.,0.381328 BTC,USA,USA,4.71/5,
UnnkownSeller,Drugs/Prescription,Direct Source Xanax 2mg - 150 Bars USA-USA [Fast Shipping],High purity Xanax 2mg - 150 Bars USA-USA at competitive market prices. Fully tested batch. Customer satisfaction is our top priority.,0.978001 BTC,USA,USA,4.53/5,
UnnkownSeller,Drugs/Prescription,Xanax 2mg - 50 Bars USA-USA [Purity Tested],"Premium Xanax 2mg - 50 Bars USA-USA sourced directly from verified labs. Fast, reliable service. Please include your PGP encrypted address when ordering.",0.348389 BTC,USA,USA,4.77/5,
UnnkownSeller,Drugs/Prescription,100% Pure Ativan (Lorazepam) 2mg x 100 Pills USA-USA Domestic Shipping [Tracked],"Welcome to our official NightMarket shop! Ativan (Lorazepam) 2mg x 100 Pills USA-USA Domestic Shipping ready for instant dispatch. Double vacuum sealed, professional MBB stealth. 99% delivery rate across USA.",0.553321 BTC,USA,USA,4.61/5,
UnnkownSeller,Drugs/Benzos,Direct Source Valium (Diazepam) 10mg x 100 Pills USA-USA,High purity Valium (Diazepam) 10mg x 100 Pills USA-USA at competitive market prices. Fully tested batch. Customer satisfaction is our top priority.,0.526188 BTC,USA,USA,4.72/5,
UnnkownSeller,Drugs/Other,Verified Adderall 30mg IR x 60 Pills US-US Domestic Shipping [Tracked],High purity Adderall 30mg IR x 60 Pills US-US Domestic Shipping at competitive market prices. Fully tested batch. Customer satisfaction is our top priority.,0.989475 BTC,USA,Worldwide,4.81/5,
UnnkownSeller,Drugs/Prescription,Xanax 1mg - Tranax 1mg - 100 Pills US-US,"Premium Xanax 1mg - Tranax 1mg - 100 Pills US-US sourced directly from verified labs. Fast, reliable service. Please include your PGP encrypted address when ordering.",0.507423 BTC,USA,USA,4.60/5,
UnnkownSeller,Drugs/Psychedelics/Other,Adderall 30mg IR x 100 Pills UK-UK/EU [Worldwide Stealth],"Welcome to our official NightMarket shop! Adderall 30mg IR x 100 Pills UK-UK/EU ready for instant dispatch. Double vacuum sealed, professional MBB stealth. 99% delivery rate across worldwide.",2.354204 BTC,UK,Worldwide,4.64/5,
UnnkownSeller,Drugs/Stimulants/Prescription,Verified Rivotril 2mg Klonopin Clonazepam x 60 Pills USA-USA Domestic Shipping,We are back on NightMarket offering our verified Rivotril 2mg Klonopin Clonazepam x 60 Pills USA-USA Domestic Shipping. Guaranteed top tier quality and stealth packaging. Contact via PGP for bulk orders.,0.416572 BTC,USA,USA,4.57/5,
UnnkownSeller,Drugs/Stimulants/Prescription,Adderall 30mg IR x 15 Pills,High purity Adderall 30mg IR x 15 Pills at competitive market prices. Fully tested batch. Customer satisfaction is our top priority.,0.455362 BTC,USA,USA,5.00/5,
UnnkownSeller,Drugs/Stimulants/Prescription,Rivotril 2mg x 100 Pills USA-USA Domestic Shipping,We are back on NightMarket offering our verified Rivotril 2mg x 100 Pills USA-USA Domestic Shipping. Guaranteed high grade quality and stealth packaging. Contact via PGP for bulk orders.,0.389555 BTC,USA,Worldwide,4.82/5,
UnnkownSeller,Drugs/Other,Adderall 30mg IR x 100 Pills US-US Domestic Shipping,"Premium Adderall 30mg IR x 100 Pills US-US Domestic Shipping sourced directly from verified labs. Fast, reliable service. Please include your PGP encrypted address when ordering.",1.479607 BTC,USA,Worldwide,4.81/5,
UnnkownSeller,Drugs/Prescription,Xanax 2mg (Alprazolam) - 500 Bars USA-USA BULK DEAL,"Premium Xanax 2mg (Alprazolam) - 500 Bars USA-USA BULK DEAL sourced directly from verified labs. Fast, reliable service. Please include your PGP encrypted address when ordering.",2.744474 BTC,USA,USA,4.65/5,
UnnkownSeller,Drugs/Other,Copy of Adderall 30mg x 30 Pills [Fast Shipping],High purity Copy of Adderall 30mg x 30 Pills at competitive market prices. Fully tested batch. Customer satisfaction is our top priority.,0.950481 BTC,Philippines,Wordwide,4.60/5,
UnnkownSeller,Drugs/Other,Adderall 30mg x 100 Pills,"Premium Adderall 30mg x 100 Pills sourced directly from verified labs. Fast, reliable service. Please include your PGP encrypted address when ordering.",2.134208 BTC,Philippines,Wordwide,4.86/5,
UnnkownSeller,Drugs/Prescription,Adderall 30mg IR 30mg x CUSTOM ORDER. [Original Batch],Adderall 30mg IR 30mg x CUSTOM ORDER. available now. All orders dispatched within 24 hours of payment confirmation. Domestic and international stealth available.,0.266216 BTC,USA,Worldwide,4.94/5,
UnnkownSeller,Drugs/Prescription,100% Pure Alprazolam 2mg - 150 Bars USA-USA,We are back on NightMarket offering our verified Alprazolam 2mg - 150 Bars USA-USA. Guaranteed premium quality and stealth packaging. Contact via PGP for bulk orders.,1.076479 BTC,USA,USA,4.93/5,
UnnkownSeller,Drugs/Stimulants/Prescription,HQ Adderall 30mg IR x 10 Pills UK-UK & Worldwide,We are back on NightMarket offering our verified Adderall 30mg IR x 10 Pills UK-UK & Worldwide. Guaranteed lab tested quality and stealth packaging. Contact via PGP for bulk orders.,0.281110 BTC,UK,WorldWide,4.86/5,
KoE,Drugs/Cannabis/Weed,Custom 1lb Premium Outdoor Sea Warp,"Premium 1lb Premium Outdoor Sea Warp sourced directly from verified labs. Fast, reliable service. Please include your PGP encrypted address when ordering.",3.252350 BTC,Canada,Worldwide,5.00/5,
KoE,Drugs/Cannabis/Weed,HP Premium Outdoor Sea Warp [Purity Tested],"Welcome to our official NightMarket shop! HP Premium Outdoor Sea Warp ready for instant dispatch. Double vacuum sealed, professional MBB stealth. 99% delivery rate across worldwide.",2.024760 BTC,Canada,Worldwide,4.98/5,
KoE,Drugs/Cannabis/Weed,1oz Premium Outdoor Sea Warp,1oz Premium Outdoor Sea Warp available now. All orders dispatched within 24 hours of payment confirmation. Domestic and international stealth available.,0.362447 BTC,Canada,Worldwide,5.00/5,
KoE,Drugs/Psychedelics/Mushrooms,1oz Psilocybe Cubensis Mushrooms,"Welcome to our official NightMarket shop! 1oz Psilocybe Cubensis Mushrooms ready for instant dispatch. Double vacuum sealed, professional MBB stealth. 99% delivery rate across worldwide.",0.296219 BTC,Canada,Worldwide,4.93/5,
official_indianpillda,Drugs/Benzos,Exclusive Valium/Zepose 10mg - 500Pills,We are back on NightMarket offering our verified Valium/Zepose 10mg - 500Pills. Guaranteed lab tested quality and stealth packaging. Contact via PGP for bulk orders.,1.616936 BTC,India,Worldwide,5.00/5,
official_indianpillda,Drugs/Prescription,Ultra Clean Tapentadol/ Tydol 100mg - 200Pills,High purity Tapentadol/ Tydol 100mg - 200Pills at competitive market prices. Fully tested batch. Customer satisfaction is our top priority.,1.477688 BTC,India,Worldwide,4.82/5,
official_indianpillda,Drugs/Prescription,Verified mirtazapine - 100Pills,We are back on NightMarket offering our verified mirtazapine - 100Pills. Guaranteed high grade quality and stealth packaging. Contact via PGP for bulk orders.,0.588630 BTC,India,Worldwide,4.89/5,
official_indianpillda,Drugs/Prescription,Direct Source Tapentadol/ Tydol 100mg - 300Pills [Worldwide Stealth],"Premium Tapentadol/ Tydol 100mg - 300Pills sourced directly from verified labs. Fast, reliable service. Please include your PGP encrypted address when ordering.",1.884293 BTC,India,Worldwide,5.00/5,
official_indianpillda,Drugs/Prescription,Tramadol 50mg - 60 Pills,"Welcome to our official NightMarket shop! Tramadol 50mg - 60 Pills ready for instant dispatch. Double vacuum sealed, professional MBB stealth. 99% delivery rate across worldwide.",0.260519 BTC,India,Worldwide,5.00/5,
official_indianpillda,Drugs/Prescription,Premium Viagra/ Suhagra 100mg - 200Pills [Tracked],Viagra/ Suhagra 100mg - 200Pills available now. All orders dispatched within 24 hours of payment confirmation. Domestic and international stealth available.,0.772523 BTC,India,Worldwide,5.00/5,
official_indianpillda,Drugs/Prescription,Tramadol 50mg - 100 Pills,"Welcome to our official NightMarket shop! Tramadol 50mg - 100 Pills ready for instant dispatch. Double vacuum sealed, professional MBB stealth. 99% delivery rate across worldwide.",0.417023 BTC,India,Worldwide,4.92/5,
official_indianpillda,Drugs/Prescription,Viagra/ Suhagra 100mg - 400Pills,Viagra/ Suhagra 100mg - 400Pills available now. All orders dispatched within 24 hours of payment confirmation. Domestic and international stealth available.,1.596954 BTC,India,Worldwide,5.00/5,
official_indianpillda,Drugs/Benzos,HQ Xanax/Tranax 1mg - 60Pills,"Premium Xanax/Tranax 1mg - 60Pills sourced directly from verified labs. Fast, reliable service. Please include your PGP encrypted address when ordering.",0.205520 BTC,India,Worldwide,5.00/5,
official_indianpillda,Drugs/Other,Natural sex stimulant - 300Pills,Natural sex stimulant - 300Pills available now. All orders dispatched within 24 hours of payment confirmation. Domestic and international stealth available.,0.484454 BTC,India,Worldwide,5.00/5,
official_indianpillda,Drugs/Benzos,Rivotril 2mg -100 Pills [24/7 Auto Dispatch],"Premium Rivotril 2mg -100 Pills sourced directly from verified labs. Fast, reliable service. Please include your PGP encrypted address when ordering.",0.246123 BTC,India,Worldwide,5.00/5,
official_indianpillda,Drugs/Benzos,Alprax 1mg - 100Pills [24/7 Auto Dispatch],"Welcome to our official NightMarket shop! Alprax 1mg - 100Pills ready for instant dispatch. Double vacuum sealed, professional MBB stealth. 99% delivery rate across worldwide.",0.230134 BTC,India,Worldwide,5.00/5,
official_indianpillda,Other,custom - d****i,"Welcome to our official NightMarket shop! custom - d****i ready for instant dispatch. Double vacuum sealed, professional MBB stealth. 99% delivery rate across worldwide.",0.931472 BTC,USA,Worldwide,4.97/5,
official_indianpillda,Drugs/Stimulants/Prescription,Modafinil 200mg - 100Pills [Purity Tested],"Welcome to our official NightMarket shop! Modafinil 200mg - 100Pills ready for instant dispatch. Double vacuum sealed, professional MBB stealth. 99% delivery rate across worldwide.",0.503709 BTC,India,Worldwide,4.99/5,
stoeprandUS,Drugs/Cannabis/Weed,5gr S5-HAZE- A+ quality proffesional indoor weed,5gr S5-HAZE- A+ quality proffesional indoor weed available now. All orders dispatched within 24 hours of payment confirmation. Domestic and international stealth available.,0.179392 BTC,USA,you,5.00/5,
stoeprandUS,Drugs/RCs,10gr alpha-PVP -99% pure lab grade,"Welcome to our official NightMarket shop! 10gr alpha-PVP -99% pure lab grade ready for instant dispatch. Double vacuum sealed, professional MBB stealth. 99% delivery rate across you.",0.547781 BTC,Netherlands,you,4.58/5,
stoeprandUS,Drugs/Ecstasy/MDMA,5gr MDMA - HQ dutch pure product,We are back on NightMarket offering our verified 5gr MDMA - HQ dutch pure product. Guaranteed 99% quality and stealth packaging. Contact via PGP for bulk orders.,0.326653 BTC,Netherlands,Worldwide,4.71/5,
stoeprandUS,Drugs/RCs,2gr alpha-PVP -99% pure lab grade,We are back on NightMarket offering our verified 2gr alpha-PVP -99% pure lab grade. Guaranteed 99% quality and stealth packaging. Contact via PGP for bulk orders.,0.130402 BTC,Netherlands,you,4.90/5,
stoeprandUS,Drugs/Stimulants/Speed,25gr SPEED - Dutch finest ultra pure - DRY!,"Premium 25gr SPEED - Dutch finest  ultra pure - DRY! sourced directly from verified labs. Fast, reliable service. Please include your PGP encrypted address when ordering.",1.018746 BTC,Netherlands,you,4.81/5,
stoeprandUS,Drugs/Ecstasy/Other,1 SPACEBOMB - 150mg MDMA&150mgSPEED,High purity 1 SPACEBOMB - 150mg MDMA&150mgSPEED at competitive market prices. Fully tested batch. Customer satisfaction is our top priority.,0.027443 BTC,Netherlands,you,5.00/5,
stoeprandUS,Drugs/Cannabis/Concentrates,Top Grade #NAME?,"Premium #NAME? sourced directly from verified labs. Fast, reliable service. Please include your PGP encrypted address when ordering.",0.012231 BTC,Netherlands,you,5.00/5,
stoeprandUS,Drugs/Ecstasy/Other,1gr METHYLONE - massive orange rocks [Original Batch],We are back on NightMarket offering our verified 1gr METHYLONE - massive orange rocks. Guaranteed lab tested quality and stealth packaging. Contact via PGP for bulk orders.,0.082996 BTC,Netherlands,you,4.85/5,
stoeprandUS,Drugs/Cannabis/Weed,100gr POWERPLANT [Tracked],100gr POWERPLANT available now. All orders dispatched within 24 hours of payment confirmation. Domestic and international stealth available.,2.699134 BTC,Netherlands,Worldwide,4.65/5,
stoeprandUS,Drugs/Ecstasy/MDMA,1gr MDMA - HQ dutch pure product,1gr MDMA - HQ dutch pure product available now. All orders dispatched within 24 hours of payment confirmation. Domestic and international stealth available.,0.077226 BTC,Netherlands,Worldwide,5.00/5,
stoeprandUS,Drugs/Stimulants/Speed,10gr SPEED - Dutch finest ultra pure,"Welcome to our official NightMarket shop! 10gr SPEED - Dutch finest  ultra pure ready for instant dispatch. Double vacuum sealed, professional MBB stealth. 99% delivery rate across you.",0.265021 BTC,Netherlands,you,4.80/5,
stoeprandUS,Drugs/Stimulants/Speed,HQ 25gr SPEED - Dutch finest ultra pure [Worldwide Stealth],High purity 25gr SPEED - Dutch finest  ultra pure at competitive market prices. Fully tested batch. Customer satisfaction is our top priority.,0.665932 BTC,Netherlands,you,4.91/5,
stoeprandUS,Drugs/Stimulants/Speed,High Quality 100gr SPEED - Dutch finest ultra pure,"Welcome to our official NightMarket shop! 100gr SPEED - Dutch finest  ultra pure ready for instant dispatch. Double vacuum sealed, professional MBB stealth. 99% delivery rate across you.",2.013979 BTC,Netherlands,you,4.88/5,
stoeprandUS,Forgeries/Physical documents,HQ 1pcs real physical Dutch drivers license,We are back on NightMarket offering our verified 1pcs real physical Dutch drivers license. Guaranteed lab tested quality and stealth packaging. Contact via PGP for bulk orders.,0.532354 BTC,Netherlands,Worldwide,4.84/5,
stoeprandUS,Drugs/Ecstasy/Other,Custom 5gr METHYLONE - massive orange rocks,"Welcome to our official NightMarket shop! 5gr METHYLONE - massive orange rocks ready for instant dispatch. Double vacuum sealed, professional MBB stealth. 99% delivery rate across you.",0.236983 BTC,Netherlands,you,4.80/5,
stoeprandUS,Drugs/Cannabis/Concentrates,Top Grade 1gr HASH OIL- ultra potent indoor concentrate,1gr HASH OIL- ultra potent indoor concentrate available now. All orders dispatched within 24 hours of payment confirmation. Domestic and international stealth available.,89.824263 BTC,Netherlands,you,4.69/5,
stoeprandUS,Drugs/Cannabis/Weed,5gr - WHITE WIDOW - top shelf indoor buds [Worldwide Stealth],We are back on NightMarket offering our verified 5gr - WHITE WIDOW - top shelf indoor buds. Guaranteed lab tested quality and stealth packaging. Contact via PGP for bulk orders.,0.257431 BTC,Netherlands,you,4.95/5,
stoeprandUS,Drugs/Cannabis/Weed,Direct Source 1gr - WHITE WIDOW - top shelf indoor buds,"Premium 1gr - WHITE WIDOW - top shelf indoor buds sourced directly from verified labs. Fast, reliable service. Please include your PGP encrypted address when ordering.",0.044480 BTC,Netherlands,you,4.78/5,
stoeprandUS,Drugs/Cannabis/Weed,Top Grade 100gr WHITE WIDOW [Tracked],"Welcome to our official NightMarket shop! 100gr WHITE WIDOW ready for instant dispatch. Double vacuum sealed, professional MBB stealth. 99% delivery rate across worldwide.",4.258368 BTC,Netherlands,Worldwide,4.84/5,
stoeprandUS,Forgeries/Physical documents,Verified 3pcs real physical Dutch drivers license,High purity 3pcs real physical Dutch drivers license at competitive market prices. Fully tested batch. Customer satisfaction is our top priority.,1.439002 BTC,Netherlands,Worldwide,5.00/5,
stoeprandUS,Drugs/Cannabis/Weed,1gr S5-HAZE- A+ quality proffesional indoor weed,We are back on NightMarket offering our verified 1gr S5-HAZE- A+ quality proffesional indoor weed. Guaranteed high grade quality and stealth packaging. Contact via PGP for bulk orders.,0.035619 BTC,USA,you,4.74/5,
stoeprandUS,Drugs/Ecstasy/Other,Custom 10gr METHYLONE - massive orange rocks,We are back on NightMarket offering our verified 10gr METHYLONE - massive orange rocks. Guaranteed high grade quality and stealth packaging. Contact via PGP for bulk orders.,0.490807 BTC,Netherlands,you,4.81/5,
KushDepot,Drugs/Cannabis/Weed,Exclusive 28g Bubba Kush Indoor Organic Top Shelf Weed Dank!,High purity 28g Bubba Kush Indoor Organic Top Shelf Weed Dank! at competitive market prices. Fully tested batch. Customer satisfaction is our top priority.,0.765905 BTC,USA,USA only,4.81/5,
KushDepot,Drugs/Cannabis/Weed,QP dank top shelf indoor weed [Worldwide Stealth],We are back on NightMarket offering our verified QP dank top shelf indoor weed. Guaranteed high grade quality and stealth packaging. Contact via PGP for bulk orders.,1.612164 BTC,USA,Worldwide,4.84/5,
KushDepot,Drugs/Cannabis/Weed,28g Blue Dynamite Indoor Top Shelf Weed Dank! [Fast Shipping],We are back on NightMarket offering our verified 28g Blue Dynamite Indoor Top Shelf Weed Dank!. Guaranteed lab tested quality and stealth packaging. Contact via PGP for bulk orders.,0.565653 BTC,USA,USA,4.76/5,
KushDepot,Drugs/Cannabis/Weed,Verified 14g Blue Dynamite Indoor Top Shelf Weed Dank!,"Premium 14g Blue Dynamite Indoor Top Shelf Weed Dank! sourced directly from verified labs. Fast, reliable service. Please include your PGP encrypted address when ordering.",0.269343 BTC,USA,USA,4.71/5,
KushDepot,Drugs/Cannabis/Weed,Premium 28g OG Kush Indoor Top Shelf Weed Dank! [Fast Shipping],"Premium 28g OG Kush Indoor Top Shelf Weed Dank! sourced directly from verified labs. Fast, reliable service. Please include your PGP encrypted address when ordering.",0.453053 BTC,USA,USA,4.98/5,
KushDepot,Drugs/Cannabis/Concentrates,Top Grade 3.5G honeycomb crumble BHO Wax GOLDEN,High purity 3.5G honeycomb crumble BHO Wax GOLDEN at competitive market prices. Fully tested batch. Customer satisfaction is our top priority.,0.345148 BTC,USA,Worldwide,4.91/5,
KushDepot,Drugs/Cannabis/Weed,14g AK48 Indoor Organic Top Shelf Weed Dank! [Original Batch],14g AK48 Indoor Organic Top Shelf Weed Dank! available now. All orders dispatched within 24 hours of payment confirmation. Domestic and international stealth available.,0.278225 BTC,USA,USA only,5.00/5,
KushDepot,Drugs/Cannabis/Weed,Direct Source 28g Iranian OG Kush Indoor Organic Top Shelf Weed Dank! [Worldwide Stealth],"Welcome to our official NightMarket shop! 28g Iranian OG Kush Indoor Organic Top Shelf Weed Dank! ready for instant dispatch. Double vacuum sealed, professional MBB stealth. 99% delivery rate across USA only.",0.547180 BTC,USA,USA only,4.78/5,
KushDepot,Drugs/Cannabis/Weed,3.5g AK48 Indoor Organic Top Shelf Weed Dank!,High purity 3.5g AK48 Indoor Organic Top Shelf Weed Dank! at competitive market prices. Fully tested batch. Customer satisfaction is our top priority.,0.104422 BTC,USA,USA only,4.82/5,
KushDepot,Drugs/Cannabis/Weed,Top Grade 7g Bubba Kush indoor Organic Top Shelf Weed Dank!,We are back on NightMarket offering our verified 7g Bubba Kush indoor Organic Top Shelf Weed Dank!. Guaranteed 99% quality and stealth packaging. Contact via PGP for bulk orders.,0.225761 BTC,USA,USA only,4.75/5,
KushDepot,Drugs/Cannabis/Weed,QP of Blue Dynamite dank top shelf indoor weed [Tracked],QP of Blue Dynamite dank top shelf indoor weed available now. All orders dispatched within 24 hours of payment confirmation. Domestic and international stealth available.,1.341512 BTC,USA,Worldwide,4.74/5,
KushDepot,Drugs/Cannabis/Weed,14g OG Kush Indoor Top Shelf Weed Dank!,High purity 14g OG Kush Indoor Top Shelf Weed Dank! at competitive market prices. Fully tested batch. Customer satisfaction is our top priority.,0.281620 BTC,USA,USA,4.90/5,
KushDepot,Drugs/Cannabis/Weed,28g AK48 Indoor Organic Top Shelf Weed Dank! [Worldwide Stealth],"Welcome to our official NightMarket shop! 28g AK48 Indoor Organic Top Shelf Weed Dank! ready for instant dispatch. Double vacuum sealed, professional MBB stealth. 99% delivery rate across USA only.",0.590329 BTC,USA,USA only,5.00/5,
KushDepot,Drugs/Cannabis/Weed,Top Grade 14g Iranian OG Kush Indoor Organic Top Shelf Weed Dank!,14g Iranian OG Kush Indoor Organic Top Shelf Weed Dank! available now. All orders dispatched within 24 hours of payment confirmation. Domestic and international stealth available.,0.363705 BTC,USA,Worldwide,4.88/5,
KushDepot,Drugs/Cannabis/Weed,7g AK48 Indoor Organic Top Shelf Weed Dank! [Worldwide Stealth],High purity 7g AK48 Indoor Organic Top Shelf Weed Dank! at competitive market prices. Fully tested batch. Customer satisfaction is our top priority.,0.179459 BTC,USA,USA only,4.71/5,
KushDepot,Drugs/Cannabis/Concentrates,Direct Source 7G honeycomb crumble BHO Wax GOLDEN,We are back on NightMarket offering our verified 7G honeycomb crumble BHO Wax GOLDEN. Guaranteed 99% quality and stealth packaging. Contact via PGP for bulk orders.,0.483089 BTC,USA,Worldwide,4.92/5,
KushDepot,Drugs/Cannabis/Weed,Verified 3.5g OG Kush Indoor Top Shelf Weed Dank!,"Welcome to our official NightMarket shop! 3.5g OG Kush Indoor Top Shelf Weed Dank! ready for instant dispatch. Double vacuum sealed, professional MBB stealth. 99% delivery rate across USA.",0.139692 BTC,USA,USA,4.82/5,
KushDepot,Drugs/Cannabis/Weed,High Quality 7g Blue Dynamite Indoor Top Shelf Weed Dank! [Tracked],7g Blue Dynamite Indoor Top Shelf Weed Dank! available now. All orders dispatched within 24 hours of payment confirmation. Domestic and international stealth available.,0.153412 BTC,USA,USA,4.97/5,
KushDepot,Drugs/Cannabis/Weed,7g Iranian OG Kush indoor Organic Top Shelf Weed Dank! [Escrow Ready],High purity 7g Iranian OG Kush indoor Organic Top Shelf Weed Dank! at competitive market prices. Fully tested batch. Customer satisfaction is our top priority.,0.194590 BTC,USA,USA only,4.78/5,
KushDepot,Drugs/Cannabis/Concentrates,Direct Source 1G honeycomb crumble BHO Wax GOLDEN [Tracked],We are back on NightMarket offering our verified 1G honeycomb crumble BHO Wax GOLDEN. Guaranteed lab tested quality and stealth packaging. Contact via PGP for bulk orders.,0.139785 BTC,USA,Worldwide,4.89/5,
KushDepot,Drugs/Cannabis/Weed,7g OG Kush Indoor Top Shelf Weed Dank!,"Welcome to our official NightMarket shop! 7g OG Kush Indoor Top Shelf Weed Dank! ready for instant dispatch. Double vacuum sealed, professional MBB stealth. 99% delivery rate across USA.",0.150636 BTC,USA,USA,5.00/5,
Magic_Man,Drugs/Steroids,10mL 200mg/mL Trenbolone Enanthate,"Welcome to our official NightMarket shop! 10mL 200mg/mL Trenbolone Enanthate ready for instant dispatch. Double vacuum sealed, professional MBB stealth. 99% delivery rate across worldwide.",0.188710 BTC,Canada,Worldwide,5.00/5,
Magic_Man,Drugs/Benzos,Xanax mini bars 2mg x100,Xanax mini bars 2mg  x100 available now. All orders dispatched within 24 hours of payment confirmation. Domestic and international stealth available.,0.486691 BTC,Canada,Worldwide,4.95/5,
Magic_Man,Drugs/Steroids,100% Pure 10mL 250mg/mL Testosterone Enanthate [Fast Shipping],"Premium 10mL 250mg/mL Testosterone Enanthate sourced directly from verified labs. Fast, reliable service. Please include your PGP encrypted address when ordering.",0.117199 BTC,Canada,Worldwide,5.00/5,
Magic_Man,Drugs/Benzos,Premium Xanax mini bars 2mg x500,High purity Xanax mini bars 2mg  x500 at competitive market prices. Fully tested batch. Customer satisfaction is our top priority.,1.513154 BTC,Canada,Worldwide,4.94/5,
Magic_Man,Drugs/Steroids,10mL 200mg/mL Testosterone Cypionate [Purity Tested],High purity 10mL 200mg/mL Testosterone Cypionate at competitive market prices. Fully tested batch. Customer satisfaction is our top priority.,0.131880 BTC,Canada,Worldwide,4.79/5,
Magic_Man,Drugs/Prescription,50g Lidocaine HCl safe cutting agent,High purity 50g Lidocaine HCl safe cutting agent at competitive market prices. Fully tested batch. Customer satisfaction is our top priority.,0.144286 BTC,Canada,Worldwide,5.00/5,
Magic_Man,Drugs/Benzos,100x Xanax mini bars 2mg [Fast Shipping],High purity 100x Xanax mini bars 2mg at competitive market prices. Fully tested batch. Customer satisfaction is our top priority.,0.357750 BTC,Canada,Worldwide,4.75/5,
Magic_Man,Drugs/Benzos,Xanax mini bars 2mg x50,High purity Xanax mini bars 2mg  x50 at competitive market prices. Fully tested batch. Customer satisfaction is our top priority.,0.310806 BTC,Canada,Worldwide,5.00/5,
MOfuknjonez_641,Drugs/Ecstasy/MDMA,Top Grade (0.5g )MOLLY MDMA POTENT!!,"Premium (0.5g )MOLLY MDMA POTENT!! sourced directly from verified labs. Fast, reliable service. Please include your PGP encrypted address when ordering.",0.104660 BTC,USA,Worldwide,5.00/5,
MOfuknjonez_641,Drugs/Prescription,BLUE PERCOCET 30mg,"Premium BLUE PERCOCET 30mg sourced directly from verified labs. Fast, reliable service. Please include your PGP encrypted address when ordering.",0.081601 BTC,USA,Worldwide,4.96/5,
pIckyouup,Drugs/Stimulants/Prescription,30mg XR Adderall [Tracked],High purity 30mg XR Adderall at competitive market prices. Fully tested batch. Customer satisfaction is our top priority.,0.019402 BTC,USA,Worldwide,4.84/5,
pIckyouup,Drugs/Opioids,10 7.5/325mg Vicoden,We are back on NightMarket offering our verified 10 7.5/325mg Vicoden. Guaranteed lab tested quality and stealth packaging. Contact via PGP for bulk orders.,0.135797 BTC,USA,Worldwide,5.00/5,
pIckyouup,Drugs/Stimulants/Prescription,Direct Source 10mg XR Adderall [Worldwide Stealth],"Premium 10mg XR Adderall sourced directly from verified labs. Fast, reliable service. Please include your PGP encrypted address when ordering.",0.012281 BTC,USA,Worldwide,4.89/5,
pIckyouup,Drugs/Ecstasy/MDA,~120mg MDA Capsule,~120mg MDA Capsule available now. All orders dispatched within 24 hours of payment confirmation. Domestic and international stealth available.,0.031637 BTC,USA,Worldwide,4.72/5,
pIckyouup,Drugs/Opioids,7.5/325mg Vicoden,7.5/325mg Vicoden available now. All orders dispatched within 24 hours of payment confirmation. Domestic and international stealth available.,0.012916 BTC,USA,Worldwide,5.00/5,
pIckyouup,Drugs/Stimulants/Cocaine,NationChemz Cocaine 1 Gram,"Premium NationChemz Cocaine 1 Gram sourced directly from verified labs. Fast, reliable service. Please include your PGP encrypted address when ordering.",0.236337 BTC,USA,Worldwide,4.88/5,
Fappy173,Drugs/Psychedelics/LSD,50x 1P-LSD Geltabs 100mcg [24/7 Auto Dispatch],High purity 50x 1P-LSD Geltabs 100mcg at competitive market prices. Fully tested batch. Customer satisfaction is our top priority.,1.114563 BTC,Canada,worldwide,4.81/5,
Fappy173,Drugs/Cannabis/Weed,Direct Source 7g Pink Hawaiian [Worldwide Stealth],"Premium 7g Pink Hawaiian sourced directly from verified labs. Fast, reliable service. Please include your PGP encrypted address when ordering.",0.071166 BTC,Canada USA  UK  EU,Canada  USA  UK  EU,5.00/5,
Fappy173,Drugs/Psychedelics/Others,HQ 4-AcO-DMT [5 geltabs] [Worldwide Stealth],High purity 4-AcO-DMT [5 geltabs] at competitive market prices. Fully tested batch. Customer satisfaction is our top priority.,0.101522 BTC,Canada,Worldwide,5.00/5,
Fappy173,Other,Exclusive 100g HPBCD,We are back on NightMarket offering our verified 100g HPBCD. Guaranteed top tier quality and stealth packaging. Contact via PGP for bulk orders.,0.139375 BTC,Canada USA  UK  EU,Canada  USA  UK  EU,4.98/5,
Fappy173,Drugs/Psychedelics/Others,Top Grade 10 x 4-AcO-DMT Geltabs FREE SHIPPING [Tracked],"Premium 10 x 4-AcO-DMT Geltabs FREE SHIPPING sourced directly from verified labs. Fast, reliable service. Please include your PGP encrypted address when ordering.",0.088469 BTC,Canada US  UK  EU  AUS  NZ,Canada  US  UK  EU  AUS  NZ,4.82/5,
Fappy173,Drugs/Psychedelics/NB,25i-NBOMe [10 geltabs] [Tracked],We are back on NightMarket offering our verified 25i-NBOMe [10 geltabs]. Guaranteed premium quality and stealth packaging. Contact via PGP for bulk orders.,0.183089 BTC,Canada,Worldwide,4.95/5,
Fappy173,Drugs/Psychedelics/Others,Premium 5 x 4-AcO-DMT Geltabs FREE SHIPPING,"Premium 5 x 4-AcO-DMT Geltabs FREE SHIPPING sourced directly from verified labs. Fast, reliable service. Please include your PGP encrypted address when ordering.",0.062702 BTC,Canada US  UK  EU  AUS  NZ,Canada  US  UK  EU  AUS  NZ,4.88/5,
Fappy173,Drugs/Benzos,Flubromazolam 10x Blotters 450mcg [24/7 Auto Dispatch],High purity Flubromazolam  10x Blotters 450mcg at competitive market prices. Fully tested batch. Customer satisfaction is our top priority.,0.051420 BTC,Canada,worldwide,4.89/5,
Fappy173,Drugs/RCs,Exclusive 5g 4-MMC [Purity Tested],"Welcome to our official NightMarket shop! 5g 4-MMC ready for instant dispatch. Double vacuum sealed, professional MBB stealth. 99% delivery rate across worldwide.",0.382947 BTC,Canada,worldwide,5.00/5,
Fappy173,Drugs/Dissociatives/MXE,MXE 100g,We are back on NightMarket offering our verified MXE 100g. Guaranteed lab tested quality and stealth packaging. Contact via PGP for bulk orders.,10.086507 BTC,Canada,worldwide,5.00/5,
Fappy173,Drugs/Benzos,High Quality 100mg Alprazolam,High purity 100mg Alprazolam at competitive market prices. Fully tested batch. Customer satisfaction is our top priority.,0.102670 BTC,Canada,Worldwide,5.00/5,
Fappy173,Drugs/RCs,HQ LSZ 5x Blotters 110mcg,"Welcome to our official NightMarket shop! LSZ 5x Blotters 110mcg ready for instant dispatch. Double vacuum sealed, professional MBB stealth. 99% delivery rate across Canada  USA  UK  EU.",0.082495 BTC,Canada USA  UK  EU,Canada  USA  UK  EU,4.90/5,
Fappy173,Drugs/Psychedelics/LSD,Ultra Clean AL-LAD 3xBlotters 250mcg,We are back on NightMarket offering our verified AL-LAD 3xBlotters 250mcg. Guaranteed 99% quality and stealth packaging. Contact via PGP for bulk orders.,0.147634 BTC,Canada,worldwide,5.00/5,
_Trip_Advisor_,Drugs/Psychedelics/LSD,500 HITS OF WoW LSD - 150ug-200ug+,"Premium 500 HITS OF WoW LSD - 150ug-200ug+ sourced directly from verified labs. Fast, reliable service. Please include your PGP encrypted address when ordering.",4.620166 BTC,USA,WORLDWIDE,4.87/5,
_Trip_Advisor_,Drugs/Cannabis/Weed,High Quality 1/4LB Any Strain - Free Priority Shipping and Tracking,"Premium 1/4LB Any Strain - Free Priority Shipping and Tracking sourced directly from verified labs. Fast, reliable service. Please include your PGP encrypted address when ordering.",1.160130 BTC,USA,Worldwide,5.00/5,
_Trip_Advisor_,Drugs/Cannabis/Weed,5LBS Any Indoor Strain - Free Priority Shipping,"Premium 5LBS Any Indoor Strain - Free Priority Shipping sourced directly from verified labs. Fast, reliable service. Please include your PGP encrypted address when ordering.",18.340242 BTC,USA,Worldwide,4.92/5,
_Trip_Advisor_,Drugs/Stimulants/Cocaine,Sample of Fair Trade 80% Pure Cocaine (USA Produced) - Free Priority Shipping,We are back on NightMarket offering our verified Sample of Fair Trade 80% Pure Cocaine (USA Produced) - Free Priority Shipping. Guaranteed premium quality and stealth packaging. Contact via PGP for bulk orders.,0.047784 BTC,USA,USA,4.65/5,
_Trip_Advisor_,Drugs/Cannabis/Weed,1/4LB AAA+++ Medical Indoor - Free Priority Shipping,"Premium 1/4LB AAA+++ Medical Indoor - Free Priority Shipping sourced directly from verified labs. Fast, reliable service. Please include your PGP encrypted address when ordering.",1.792408 BTC,USA,Worldwide,4.75/5,
_Trip_Advisor_,Drugs/Psychedelics/LSD,Direct Source 2 HITS OF WoW LSD - 150ug-200ug+,"Premium 2 HITS OF WoW LSD - 150ug-200ug+ sourced directly from verified labs. Fast, reliable service. Please include your PGP encrypted address when ordering.",0.045308 BTC,USA,Worldwide,4.90/5,
_Trip_Advisor_,Drugs/Cannabis/Weed,GRAND OPENING SALE! 1OZ Bay 11 w/Free Express Shipping,GRAND OPENING SALE! 1OZ Bay 11 w/Free Express Shipping available now. All orders dispatched within 24 hours of payment confirmation. Domestic and international stealth available.,0.268925 BTC,USA,Worldwide,5.00/5,
_Trip_Advisor_,Drugs/Stimulants/Cocaine,1/4 Gram Sample of Fair Trade 80% Pure Cocaine (USA Produced) - Free Shipping,"Welcome to our official NightMarket shop! 1/4 Gram Sample of Fair Trade 80% Pure Cocaine (USA Produced) - Free Shipping ready for instant dispatch. Double vacuum sealed, professional MBB stealth. 99% delivery rate across USA.",0.051367 BTC,USA,USA,4.74/5,
_Trip_Advisor_,Drugs/Psychedelics/LSD,Verified 100 HITS OF WoW LSD - 150ug-200ug+ Free Worldwide Shipping,High purity 100 HITS OF WoW LSD - 150ug-200ug+ Free Worldwide Shipping at competitive market prices. Fully tested batch. Customer satisfaction is our top priority.,0.465725 BTC,USA,WORLDWIDE,4.61/5,
_Trip_Advisor_,Drugs/Cannabis/Weed,3LBS Any Strain - Free Priority Shipping,We are back on NightMarket offering our verified 3LBS Any Strain - Free Priority Shipping. Guaranteed premium quality and stealth packaging. Contact via PGP for bulk orders.,8.992981 BTC,USA,Worldwide,5.00/5,
_Trip_Advisor_,Drugs/Cannabis/Weed,100% Pure 1/4LB Any Strain - Free Priority Shipping [24/7 Auto Dispatch],High purity 1/4LB Any Strain - Free Priority Shipping at competitive market prices. Fully tested batch. Customer satisfaction is our top priority.,1.259475 BTC,USA,Worldwide,4.61/5,
_Trip_Advisor_,Drugs/Cannabis/Weed,100% Pure 1OZ Any Strain - Free Priority Shipping,1OZ Any Strain - Free Priority Shipping available now. All orders dispatched within 24 hours of payment confirmation. Domestic and international stealth available.,0.554028 BTC,USA,Worldwide,4.89/5,
_Trip_Advisor_,Drugs/Cannabis/Weed,Custom 1LB A+++ Medical Indoor - Free Priority Shipping,High purity 1LB A+++ Medical Indoor - Free Priority Shipping at competitive market prices. Fully tested batch. Customer satisfaction is our top priority.,6.534381 BTC,USA,USA,4.72/5,
_Trip_Advisor_,Drugs/Cannabis/Hash,5 Grams GDP Bubble Hash - Free First Class Shipping [Tracked],"Welcome to our official NightMarket shop! 5 Grams GDP Bubble Hash - Free First Class Shipping ready for instant dispatch. Double vacuum sealed, professional MBB stealth. 99% delivery rate across worldwide.",0.136183 BTC,USA,Worldwide,4.95/5,
_Trip_Advisor_,Drugs/Cannabis/Weed,1LB Indoor Organic AAA+++ Blue Dragon - Free Priority Shipping [Worldwide Stealth],High purity 1LB Indoor Organic AAA+++ Blue Dragon - Free Priority Shipping at competitive market prices. Fully tested batch. Customer satisfaction is our top priority.,8.275990 BTC,USA,USA,4.86/5,
_Trip_Advisor_,Drugs/Stimulants/Cocaine,Premium 1/2 Gram of Fair Trade 80% Pure Cocaine (USA Produced) - Free Worldwide Shipping,1/2 Gram of Fair Trade 80% Pure Cocaine (USA Produced) - Free Worldwide Shipping available now. All orders dispatched within 24 hours of payment confirmation. Domestic and international stealth available.,0.170979 BTC,USA,WORLDWIDE,4.88/5,
_Trip_Advisor_,Drugs/Cannabis/Weed,Custom 1/8th Greenhouse - Free Priority Shipping,We are back on NightMarket offering our verified 1/8th Greenhouse - Free Priority Shipping. Guaranteed premium quality and stealth packaging. Contact via PGP for bulk orders.,0.068531 BTC,USA,WORLDWIDE,4.57/5,
_Trip_Advisor_,Drugs/Cannabis/Weed,1/2 LB Lambs Bread (Bob Marleys Favorite) - Free Shipping & Tracking [Purity Tested],We are back on NightMarket offering our verified 1/2 LB Lambs Bread (Bob Marleys Favorite) - Free Shipping & Tracking. Guaranteed high grade quality and stealth packaging. Contact via PGP for bulk orders.,1.980256 BTC,USA,Worldwide,4.94/5,
_Trip_Advisor_,Drugs/Psychedelics/LSD,Premium 10 HITS OF WoW LSD - 150ug-200ug+,We are back on NightMarket offering our verified 10 HITS OF WoW LSD - 150ug-200ug+. Guaranteed lab tested quality and stealth packaging. Contact via PGP for bulk orders.,0.148088 BTC,USA,Worldwide,5.00/5,
_Trip_Advisor_,Drugs/Cannabis/Weed,2LBS's Lambs Bread (Bob Marleys Favorite) - Free Shipping & Tracking [Original Batch],"Premium 2LBS's Lambs Bread (Bob Marleys Favorite) - Free Shipping & Tracking sourced directly from verified labs. Fast, reliable service. Please include your PGP encrypted address when ordering.",6.813918 BTC,USA,Worldwide,4.96/5,
_Trip_Advisor_,Drugs/Cannabis/Weed,1/4LB Any Strain - Full Escrow - Free Priority Shipping [Original Batch],High purity 1/4LB Any Strain - Full Escrow - Free Priority Shipping at competitive market prices. Fully tested batch. Customer satisfaction is our top priority.,1.462573 BTC,USA,Worldwide,5.00/5,
_Trip_Advisor_,Drugs/Stimulants/Cocaine,Direct Source 3.5 Grams of Fair Trade 80% Pure Cocaine (USA Produced) - Free Priority Shipping,We are back on NightMarket offering our verified 3.5 Grams of Fair Trade 80% Pure Cocaine (USA Produced) - Free Priority Shipping. Guaranteed high grade quality and stealth packaging. Contact via PGP for bulk orders.,1.075472 BTC,USA,USA,4.93/5,
_Trip_Advisor_,Drugs/Psychedelics/LSD,GRAND OPENING SALE!!! 20 HITS OF WoW LSD FOR 100 DOLLARS!!! [Fast Shipping],GRAND OPENING SALE!!! 20 HITS OF WoW LSD FOR 100 DOLLARS!!! available now. All orders dispatched within 24 hours of payment confirmation. Domestic and international stealth available.,0.139378 BTC,USA,Worldwide,5.00/5,
_Trip_Advisor_,Drugs/Stimulants/Cocaine,3.5 Grams of Fair Trade Free Express Shipping [Purity Tested],"Welcome to our official NightMarket shop! 3.5 Grams of Fair Trade Free Express Shipping ready for instant dispatch. Double vacuum sealed, professional MBB stealth. 99% delivery rate across USA.",0.934674 BTC,USA,USA,4.82/5,
FMATTH,Drugs/Ecstasy/Pills,50 x 200mg+ HEINEKEN XTC PILLS,"Welcome to our official NightMarket shop! 50 x 200mg+ HEINEKEN XTC PILLS ready for instant dispatch. Double vacuum sealed, professional MBB stealth. 99% delivery rate across Worldwide except USA.",0.710511 BTC,Netherlands,Worldwide except USA,4.91/5,
FMATTH,Drugs/Ecstasy/MDMA,Verified 25 GR Pure MDMA,"Premium 25 GR Pure MDMA sourced directly from verified labs. Fast, reliable service. Please include your PGP encrypted address when ordering.",1.574052 BTC,Netherlands,Worldwide except USA,4.71/5,
FMATTH,Drugs/Ecstasy/Pills,Verified 50 x 120 mg XTC PILLS,"Premium 50 x 120 mg XTC PILLS sourced directly from verified labs. Fast, reliable service. Please include your PGP encrypted address when ordering.",0.455993 BTC,Netherlands,Worldwide except USA,4.72/5,
FMATTH,Drugs/Ecstasy/Other,25 GR Mephedrone 4-MMC Meow Meow,High purity 25 GR Mephedrone 4-MMC Meow Meow at competitive market prices. Fully tested batch. Customer satisfaction is our top priority.,1.399562 BTC,Netherlands,Worldwide except USA,4.71/5,
FMATTH,Drugs/Ecstasy/Pills,10 x 130 mg XTC PILLS,We are back on NightMarket offering our verified 10 x 130 mg XTC PILLS. Guaranteed lab tested quality and stealth packaging. Contact via PGP for bulk orders.,0.082169 BTC,Netherlands,Worldwide except USA,4.64/5,
FMATTH,Drugs/Ecstasy/Pills,100 x 200mg+ BRASS KNUCKLES XTC PILLS,We are back on NightMarket offering our verified 100 x 200mg+  BRASS KNUCKLES XTC PILLS. Guaranteed top tier quality and stealth packaging. Contact via PGP for bulk orders.,1.329348 BTC,Netherlands,Worldwide except USA,4.89/5,
FMATTH,Drugs/Ecstasy/Pills,250x 200mg+ BRASS KNUCKLES XTC PILLS,We are back on NightMarket offering our verified 250x 200mg+  BRASS KNUCKLES XTC PILLS. Guaranteed top tier quality and stealth packaging. Contact via PGP for bulk orders.,3.865552 BTC,Netherlands,Worldwide except USA,4.67/5,
FMATTH,Drugs/Ecstasy/Pills,25 X 220mg TESLA XTC PILLS [Original Batch],"Welcome to our official NightMarket shop! 25 X 220mg TESLA XTC PILLS ready for instant dispatch. Double vacuum sealed, professional MBB stealth. 99% delivery rate across worldwide except USA.",0.342063 BTC,Netherlands,worldwide except USA,4.63/5,
FMATTH,Drugs/Psychedelics/LSD,100 x 160ug Ganesha LSD Blotters [Escrow Ready],"Premium 100 x 160ug Ganesha LSD Blotters sourced directly from verified labs. Fast, reliable service. Please include your PGP encrypted address when ordering.",1.728203 BTC,Netherlands,Worldwide except USA,4.92/5,
FMATTH,Drugs/Ecstasy/Other,Ultra Clean 1 GR Mephedrone 4-MMC Meow Meow [Escrow Ready],1 GR Mephedrone 4-MMC Meow Meow available now. All orders dispatched within 24 hours of payment confirmation. Domestic and international stealth available.,0.085802 BTC,Netherlands,Worldwide,4.76/5,
FMATTH,Drugs/Ecstasy/Pills,500x 200mg+ BRASS KNUCKLES XTC PILLS [24/7 Auto Dispatch],500x 200mg+  BRASS KNUCKLES XTC PILLS available now. All orders dispatched within 24 hours of payment confirmation. Domestic and international stealth available.,5.284095 BTC,Netherlands,Worldwide except USA,4.79/5,
FMATTH,Drugs/Opioids/Heroin,0.5 GR heroin #4,0.5 GR heroin #4 available now. All orders dispatched within 24 hours of payment confirmation. Domestic and international stealth available.,0.167138 BTC,Netherlands,Worldwide except USA,4.78/5,
FMATTH,Drugs/Ecstasy/Pills,1000 X 220mg TESLA XTC PILLS [Tracked],High purity 1000 X 220mg TESLA XTC PILLS at competitive market prices. Fully tested batch. Customer satisfaction is our top priority.,9.269689 BTC,Netherlands,Worldwide except USA,4.76/5,
FMATTH,Drugs/Opioids/Heroin,2.5 GR Heroin #4,2.5 GR Heroin #4 available now. All orders dispatched within 24 hours of payment confirmation. Domestic and international stealth available.,1.075499 BTC,Netherlands,Worldwide except USA,4.76/5,
FMATTH,Drugs/Ecstasy/Pills,Custom 10 x 200mg+ BRASS KNUCKLES XTC PILLS,High purity 10 x 200mg+  BRASS KNUCKLES XTC PILLS at competitive market prices. Fully tested batch. Customer satisfaction is our top priority.,0.206276 BTC,Netherlands,Worldwide,4.82/5,
FMATTH,Drugs/Ecstasy/MDMA,HQ 1 GR Pure MDMA,"Welcome to our official NightMarket shop! 1 GR Pure MDMA ready for instant dispatch. Double vacuum sealed, professional MBB stealth. 99% delivery rate across worldwide.",0.100917 BTC,Netherlands,Worldwide,4.89/5,
FMATTH,Drugs/Ecstasy/Pills,Direct Source 500 x 130 mg XTC PILLS,500 x 130 mg XTC PILLS available now. All orders dispatched within 24 hours of payment confirmation. Domestic and international stealth available.,3.002305 BTC,Netherlands,Worldwide except USA,4.75/5,
FMATTH,Drugs/Ecstasy/Pills,Exclusive 500 X 220mg TESLA XTC PILLS [Fast Shipping],"Premium 500 X 220mg TESLA XTC PILLS sourced directly from verified labs. Fast, reliable service. Please include your PGP encrypted address when ordering.",6.032221 BTC,Netherlands,Worldwide except USA,4.60/5,
FMATTH,Drugs/Ecstasy/Pills,1000 X 180mg CHUPA CHUPS XTC PILLS [Purity Tested],High purity 1000 X 180mg CHUPA CHUPS XTC PILLS at competitive market prices. Fully tested batch. Customer satisfaction is our top priority.,9.968134 BTC,Netherlands,Worldwide except USA,4.88/5,
vdr_TheBusinessM,Drugs/Prescription,Premium 4oz Red Promethazine W/ Codeine (FE),4oz Red Promethazine W/ Codeine (FE) available now. All orders dispatched within 24 hours of payment confirmation. Domestic and international stealth available.,0.189040 BTC,USA,USA,4.82/5,
vdr_TheBusinessM,Drugs/Cannabis/Weed,100% Pure 3.5gs (8th) Orange Krush (FE) [Fast Shipping],3.5gs (8th) Orange Krush (FE) available now. All orders dispatched within 24 hours of payment confirmation. Domestic and international stealth available.,0.095194 BTC,USA,USA,4.95/5,
vdr_TheBusinessM,Drugs/Prescription,2oz Red Promethazine W/ Codeine (Full Escrow),"Premium 2oz Red Promethazine W/ Codeine (Full Escrow) sourced directly from verified labs. Fast, reliable service. Please include your PGP encrypted address when ordering.",0.109731 BTC,USA,USA,4.76/5,
vdr_TheBusinessM,Drugs/Ecstasy/Pills,5-200mg Red You Tubes,"Welcome to our official NightMarket shop! 5-200mg Red You Tubes ready for instant dispatch. Double vacuum sealed, professional MBB stealth. 99% delivery rate across USA.",0.138843 BTC,USA,USA,4.95/5,
vdr_TheBusinessM,Drugs/Cannabis/Weed,1g Sweet tooth [Purity Tested],High purity 1g Sweet tooth at competitive market prices. Fully tested batch. Customer satisfaction is our top priority.,0.021390 BTC,USA,Worldwide,4.84/5,
vdr_TheBusinessM,Drugs/Psychedelics/Mushrooms,Verified 3.5gs (8th) Golden Teacher Mushrooms,3.5gs (8th) Golden  Teacher Mushrooms available now. All orders dispatched within 24 hours of payment confirmation. Domestic and international stealth available.,0.082692 BTC,USA,USA,4.74/5,
vdr_TheBusinessM,Drugs/Ecstasy/Pills,5 - 200mg Gold Bars,"Premium 5 - 200mg Gold Bars sourced directly from verified labs. Fast, reliable service. Please include your PGP encrypted address when ordering.",0.129249 BTC,USA,USA,4.80/5,
vdr_TheBusinessM,Drugs/Ecstasy/Pills,100% Pure PROMO!!!! 1-220/230mg Cap + 1 140ug hit,We are back on NightMarket offering our verified PROMO!!!! 1-220/230mg Cap + 1 140ug hit. Guaranteed high grade quality and stealth packaging. Contact via PGP for bulk orders.,0.048515 BTC,USA,USA,4.90/5,
vdr_TheBusinessM,Drugs/Prescription,Verified 4oz Red Promethazine W/ Codeine (Full Escrow)) [Tracked],High purity 4oz Red Promethazine W/ Codeine (Full Escrow)) at competitive market prices. Fully tested batch. Customer satisfaction is our top priority.,0.205323 BTC,USA,USA,4.70/5,
vdr_TheBusinessM,Drugs/Cannabis/Weed,Exclusive 7gs (1/4oz) Dream Star (FE),7gs (1/4oz) Dream Star (FE) available now. All orders dispatched within 24 hours of payment confirmation. Domestic and international stealth available.,0.120141 BTC,USA,USA,4.84/5,
vdr_TheBusinessM,Drugs/Cannabis/Weed,100% Pure 3.5gs (8th) Super Lemon Haze (FE) [Worldwide Stealth],3.5gs (8th) Super Lemon Haze (FE) available now. All orders dispatched within 24 hours of payment confirmation. Domestic and international stealth available.,0.100731 BTC,USA,USA,4.77/5,
vdr_TheBusinessM,Drugs/Psychedelics/Mushrooms,HQ 3.5gs (8th) Golden Teacher X Cambodian Mushrooms [Fast Shipping],3.5gs (8th) Golden  Teacher X Cambodian Mushrooms available now. All orders dispatched within 24 hours of payment confirmation. Domestic and international stealth available.,0.116883 BTC,USA,USA,4.82/5,
vdr_TheBusinessM,Drugs/Benzos,2mg Xanax,"Premium 2mg Xanax sourced directly from verified labs. Fast, reliable service. Please include your PGP encrypted address when ordering.",0.009134 BTC,USA,USA,4.85/5,
vdr_TheBusinessM,Drugs/Cannabis/Weed,Custom 3.5gs (8th) Dream Star (Full Escrow),3.5gs (8th) Dream Star (Full Escrow) available now. All orders dispatched within 24 hours of payment confirmation. Domestic and international stealth available.,0.084752 BTC,USA,USA,4.92/5,
vdr_TheBusinessM,Drugs/Ecstasy/Pills,200-230mg MDMA Flavored Caps [24/7 Auto Dispatch],"Welcome to our official NightMarket shop! 200-230mg MDMA Flavored Caps ready for instant dispatch. Double vacuum sealed, professional MBB stealth. 99% delivery rate across USA.",0.041877 BTC,USA,USA,5.00/5,
vdr_TheBusinessM,Drugs/Ecstasy/Pills,10 - 200mg Red You Tubes,10 - 200mg Red You Tubes available now. All orders dispatched within 24 hours of payment confirmation. Domestic and international stealth available.,0.396381 BTC,USA,USA,4.99/5,
vdr_TheBusinessM,Drugs/Benzos,10 - 2mg G3722 Xanax Bar (Real Deal) [Escrow Ready],"Welcome to our official NightMarket shop! 10 - 2mg G3722 Xanax Bar (Real Deal) ready for instant dispatch. Double vacuum sealed, professional MBB stealth. 99% delivery rate across USA.",0.109969 BTC,USA,USA,5.00/5,
vdr_TheBusinessM,Drugs/Prescription,8oz Red Promethazine W/ Codeine (FE),8oz Red Promethazine W/ Codeine (FE) available now. All orders dispatched within 24 hours of payment confirmation. Domestic and international stealth available.,0.397293 BTC,USA,USA,5.00/5,
vdr_TheBusinessM,Drugs/Ecstasy/Pills,200-210mg Dominos [Purity Tested],"Premium 200-210mg Dominos sourced directly from verified labs. Fast, reliable service. Please include your PGP encrypted address when ordering.",0.044596 BTC,USA,USA,4.82/5,
vdr_TheBusinessM,Drugs/Benzos,Custom 10-2mg Xanax,High purity 10-2mg Xanax at competitive market prices. Fully tested batch. Customer satisfaction is our top priority.,0.057238 BTC,USA,USA,5.00/5,
vdr_TheBusinessM,Drugs/Cannabis/Weed,3.5gs (8th) Super Lemon Haze (Full Escrow) [Fast Shipping],High purity 3.5gs (8th) Super Lemon Haze (Full Escrow) at competitive market prices. Fully tested batch. Customer satisfaction is our top priority.,0.130017 BTC,USA,USA,4.80/5,
vdr_TheBusinessM,Drugs/Ecstasy/Pills,SCRAPS!!!!2-200mg Superman + 2 185ug hit,"Welcome to our official NightMarket shop! SCRAPS!!!!2-200mg Superman + 2 185ug hit ready for instant dispatch. Double vacuum sealed, professional MBB stealth. 99% delivery rate across USA.",0.073356 BTC,USA,USA,5.00/5,
vdr_TheBusinessM,Drugs/Ecstasy/Pills,5 - 210-220mg mdma Flavored Caps,"Premium 5 - 210-220mg mdma Flavored Caps sourced directly from verified labs. Fast, reliable service. Please include your PGP encrypted address when ordering.",0.179203 BTC,USA,USA,4.85/5,
vdr_TheBusinessM,Drugs/Cannabis/Weed,3.5gs (8th) Orange Krush (Escrow),We are back on NightMarket offering our verified 3.5gs (8th) Orange Krush (Escrow). Guaranteed 99% quality and stealth packaging. Contact via PGP for bulk orders.,0.084464 BTC,USA,USA,5.00/5,
hackthegibsonCA,Drugs/Ecstasy/MDMA,5g HQ Moonrock MDMA,We are back on NightMarket offering our verified 5g HQ Moonrock MDMA. Guaranteed high grade quality and stealth packaging. Contact via PGP for bulk orders.,0.689000 BTC,USA,USA,4.87/5,
hackthegibsonCA,Drugs/Stimulants/Prescription,100% Pure 30mg Adderall 40x,"Welcome to our official NightMarket shop! 30mg Adderall 40x ready for instant dispatch. Double vacuum sealed, professional MBB stealth. 99% delivery rate across worldwide.",2.851080 BTC,USA,Worldwide,4.80/5,
hackthegibsonCA,Drugs/Ecstasy/MDMA,2g HQ MOONROCK MDMA,We are back on NightMarket offering our verified 2g HQ MOONROCK MDMA. Guaranteed high grade quality and stealth packaging. Contact via PGP for bulk orders.,0.378699 BTC,USA,USA,4.95/5,
hackthegibsonCA,Drugs/Stimulants/Prescription,Direct Source 40mg Vyvanse 10x [Purity Tested],40mg Vyvanse 10x available now. All orders dispatched within 24 hours of payment confirmation. Domestic and international stealth available.,0.975996 BTC,USA,USA,5.00/5,
hackthegibsonCA,Drugs/Ecstasy/MDMA,Direct Source 10mg Adderall 30X (instant release),We are back on NightMarket offering our verified 10mg Adderall 30X (instant release). Guaranteed premium quality and stealth packaging. Contact via PGP for bulk orders.,0.883871 BTC,USA,USA,4.97/5,
hackthegibsonCA,Drugs/Ecstasy/Pills,Ultra Clean 10 MDMA capsules (.14 each),10  MDMA capsules (.14 each) available now. All orders dispatched within 24 hours of payment confirmation. Domestic and international stealth available.,0.389180 BTC,USA,Worldwide,4.95/5,
hackthegibsonCA,Drugs/Ecstasy/MDMA,Custom 5g HQ Moonrock Powder [Original Batch],We are back on NightMarket offering our verified 5g HQ Moonrock Powder. Guaranteed 99% quality and stealth packaging. Contact via PGP for bulk orders.,1.151014 BTC,USA,USA,5.00/5,
hackthegibsonCA,Drugs/Ecstasy/MDMA,Custom 10g HQ Moonrock MDMA,High purity 10g HQ Moonrock MDMA at competitive market prices. Fully tested batch. Customer satisfaction is our top priority.,1.567970 BTC,USA,Worldwide,4.89/5,
hackthegibsonCA,Drugs/Ecstasy/MDMA,7g Pure MOONROCK Powder [Fast Shipping],High purity 7g Pure MOONROCK Powder at competitive market prices. Fully tested batch. Customer satisfaction is our top priority.,1.351109 BTC,USA,USA,4.81/5,
hackthegibsonCA,Drugs/Stimulants/Prescription,Direct Source 30mg Adderall 10x,High purity 30mg Adderall 10x at competitive market prices. Fully tested batch. Customer satisfaction is our top priority.,0.710511 BTC,USA,Worldwide,5.00/5,
hackthegibsonCA,Drugs/Ecstasy/MDMA,28g HQ MOONROCK MDMA,"Welcome to our official NightMarket shop! 28g HQ MOONROCK MDMA ready for instant dispatch. Double vacuum sealed, professional MBB stealth. 99% delivery rate across USA.",4.358172 BTC,USA,USA,4.72/5,
hackthegibsonCA,Drugs/Ecstasy/MDMA,1g HQ MOONROCK MDMA,1g HQ MOONROCK MDMA available now. All orders dispatched within 24 hours of payment confirmation. Domestic and international stealth available.,0.196499 BTC,USA,USA,5.00/5,
hackthegibsonCA,Drugs/Stimulants/Prescription,30mg Adderall 5x [Escrow Ready],We are back on NightMarket offering our verified 30mg Adderall 5x. Guaranteed high grade quality and stealth packaging. Contact via PGP for bulk orders.,0.445958 BTC,USA,Worldwide,5.00/5,
hackthegibsonCA,Drugs/Ecstasy/MDMA,Premium 3g HQ MOONROCK MDMA,3g HQ MOONROCK MDMA available now. All orders dispatched within 24 hours of payment confirmation. Domestic and international stealth available.,0.337105 BTC,USA,USA,4.74/5,
hackthegibsonCA,Drugs/Ecstasy/MDMA,14g HQ MOONROCK MDMA,High purity 14g HQ MOONROCK MDMA at competitive market prices. Fully tested batch. Customer satisfaction is our top priority.,2.443733 BTC,USA,USA,5.00/5,
hackthegibsonCA,Drugs/Ecstasy/MDMA,3g MDMA Moonrocks,"Welcome to our official NightMarket shop! 3g MDMA Moonrocks ready for instant dispatch. Double vacuum sealed, professional MBB stealth. 99% delivery rate across worldwide.",0.583275 BTC,USA,Worldwide,4.93/5,
hackthegibsonCA,Drugs/Ecstasy/MDMA,20mg Adderall 10X (instant release) [Worldwide Stealth],20mg Adderall 10X (instant release) available now. All orders dispatched within 24 hours of payment confirmation. Domestic and international stealth available.,0.672449 BTC,USA,USA,4.99/5,
messi,Drugs/Stimulants/Cocaine,Top Grade 1 G | Pure Colombian Cocaine | Free Shipping [Fast Shipping],"Welcome to our official NightMarket shop! 1 G | Pure Colombian Cocaine | Free Shipping ready for instant dispatch. Double vacuum sealed, professional MBB stealth. 99% delivery rate across WORLDWIDE.",0.372674 BTC,Argentina,WORLDWIDE,4.93/5,
messi,Drugs/Psychedelics/LSD,Ultra Clean 2x Hofmann | LSD +180ug | FREE Shipping [24/7 Auto Dispatch],"Premium 2x Hofmann | LSD +180ug | FREE Shipping sourced directly from verified labs. Fast, reliable service. Please include your PGP encrypted address when ordering.",0.077305 BTC,Argentina,WORLDWIDE,4.93/5,
messi,Drugs/Psychedelics/LSD,BEST PRODUCT | 1x Hofmann | LSD +180ug | FREE Shipping,We are back on NightMarket offering our verified BEST PRODUCT | 1x Hofmann | LSD +180ug | FREE Shipping. Guaranteed 99% quality and stealth packaging. Contact via PGP for bulk orders.,0.058514 BTC,Argentina,WORLDWIDE,4.83/5,
messi,Drugs/Psychedelics/LSD,OPENING SALE | 1x Hofmann | LSD +180ug | FREE SHIPPING,"Premium OPENING SALE | 1x Hofmann | LSD +180ug | FREE SHIPPING sourced directly from verified labs. Fast, reliable service. Please include your PGP encrypted address when ordering.",0.018912 BTC,Argentina,WORLDWIDE,4.84/5,
messi,Drugs/Ecstasy/MDMA,2.5 G | Pure MDMA CRYSTALS | FREE Shipping,2.5 G | Pure MDMA CRYSTALS | FREE Shipping available now. All orders dispatched within 24 hours of payment confirmation. Domestic and international stealth available.,0.328632 BTC,Argentina,WORLDWIDE,5.00/5,
messi,Other,HQ Shipping: TRACKING EXPRESS & SUPER STEALTH for your order [Worldwide Stealth],"Premium Shipping: TRACKING  EXPRESS & SUPER STEALTH for your order sourced directly from verified labs. Fast, reliable service. Please include your PGP encrypted address when ordering.",0.061127 BTC,Argentina,Worldwide,5.00/5,
messi,Drugs/Psychedelics/LSD,BIG SALE | 2x Hofmann | LSD +180ug | FREE Shipping [Worldwide Stealth],"Premium BIG SALE | 2x Hofmann | LSD +180ug | FREE Shipping sourced directly from verified labs. Fast, reliable service. Please include your PGP encrypted address when ordering.",0.045586 BTC,Argentina,WORLDWIDE,4.78/5,
messi,Drugs/Stimulants/Cocaine,Custom 3 G | Pure Colombian Cocaine | Free Shipping [Worldwide Stealth],We are back on NightMarket offering our verified 3 G | Pure Colombian Cocaine | Free Shipping. Guaranteed premium quality and stealth packaging. Contact via PGP for bulk orders.,0.433848 BTC,Argentina,WORLDWIDE,4.74/5,
messi,Drugs/Psychedelics/LSD,Ultra Clean 1x Hofmann | LSD +180ug | FREE SHIPPING,"Welcome to our official NightMarket shop! 1x Hofmann | LSD +180ug | FREE SHIPPING ready for instant dispatch. Double vacuum sealed, professional MBB stealth. 99% delivery rate across WORLDWIDE.",0.024854 BTC,Argentina,WORLDWIDE,4.86/5,
messi,Drugs/Stimulants/Cocaine,Custom 5 G | Pure Colombian Cocaine | Free Shipping [Tracked],We are back on NightMarket offering our verified 5 G | Pure Colombian Cocaine | Free Shipping. Guaranteed top tier quality and stealth packaging. Contact via PGP for bulk orders.,0.823634 BTC,Argentina,WORLDWIDE,4.70/5,
messi,Drugs/Ecstasy/MDMA,Top Grade 1 G | STRONG MDMA | FREE Shipping,1 G | STRONG MDMA | FREE Shipping available now. All orders dispatched within 24 hours of payment confirmation. Domestic and international stealth available.,0.106649 BTC,Argentina,WORLDWIDE,5.00/5,
messi,Drugs/Ecstasy/MDMA,5 G | STRONG MDMA | FREE Shipping [Escrow Ready],"Premium 5 G | STRONG MDMA | FREE Shipping sourced directly from verified labs. Fast, reliable service. Please include your PGP encrypted address when ordering.",0.368124 BTC,Argentina,WORLDWIDE,4.79/5,
messi,Drugs/Psychedelics/LSD,ACID SALE | 5x Avatar | LSD +135ug | FREE Shipping [Tracked],"Premium ACID SALE | 5x Avatar | LSD +135ug | FREE Shipping sourced directly from verified labs. Fast, reliable service. Please include your PGP encrypted address when ordering.",0.070473 BTC,Argentina,WORLDWIDE,5.00/5,
messi,Drugs/Psychedelics/NB,25 tabs | 25i-nBOME | FREE SHIPPING,We are back on NightMarket offering our verified 25 tabs | 25i-nBOME | FREE SHIPPING. Guaranteed lab tested quality and stealth packaging. Contact via PGP for bulk orders.,0.047439 BTC,Argentina,WORLDWIDE,5.00/5,
messi,Drugs/Psychedelics/LSD,25x Avatar | LSD +135ug | FREE Shipping,High purity 25x Avatar | LSD +135ug | FREE Shipping at competitive market prices. Fully tested batch. Customer satisfaction is our top priority.,0.318941 BTC,Argentina,WORLDWIDE,4.80/5,
messi,Drugs/Ecstasy/MDMA,1G | Pure MDMA CRYSTALS | FREE SHIPPING,"Premium 1G | Pure MDMA CRYSTALS | FREE SHIPPING sourced directly from verified labs. Fast, reliable service. Please include your PGP encrypted address when ordering.",0.194231 BTC,Argentina,WORLDWIDE,4.70/5,
messi,Other,Shipping: TO INDIA for your order,Shipping: TO INDIA for your order available now. All orders dispatched within 24 hours of payment confirmation. Domestic and international stealth available.,0.036703 BTC,Argentina,WORLDWIDE,4.79/5,
messi,Drugs/Psychedelics/LSD,Ultra Clean 10x Hofmann | LSD +180ug | FREE Shipping [Original Batch],"Premium 10x Hofmann | LSD +180ug | FREE Shipping sourced directly from verified labs. Fast, reliable service. Please include your PGP encrypted address when ordering.",0.203827 BTC,Argentina,WORLDWIDE,5.00/5,
messi,Drugs/Ecstasy/Pills,x5 GRANADE | MDMA PILL | +180 mg | FREE SHIPPING [Purity Tested],x5 GRANADE | MDMA PILL | +180 mg | FREE SHIPPING available now. All orders dispatched within 24 hours of payment confirmation. Domestic and international stealth available.,0.096136 BTC,Argentina,WORLDWIDE,4.76/5,
messi,Drugs/Stimulants/Cocaine,Exclusive 3.5 G | Pure Bolivian Cocaine | EXPRESS Shipping included [Worldwide Stealth],"Welcome to our official NightMarket shop! 3.5 G | Pure Bolivian Cocaine | EXPRESS Shipping included ready for instant dispatch. Double vacuum sealed, professional MBB stealth. 99% delivery rate across WORLDWIDE.",0.451417 BTC,Argentina,WORLDWIDE,4.98/5,
messi,Other,Shipping: EXPRESS for your order,Shipping: EXPRESS for your order available now. All orders dispatched within 24 hours of payment confirmation. Domestic and international stealth available.,0.023974 BTC,Argentina,Worldwide,5.00/5,
messi,Drugs/Psychedelics/LSD,25x Avatar | LSD +135ug | FREE EXPRESS Shipping,25x Avatar | LSD +135ug | FREE EXPRESS Shipping available now. All orders dispatched within 24 hours of payment confirmation. Domestic and international stealth available.,0.567978 BTC,Argentina,WORLDWIDE,4.80/5,
messi,Drugs/Stimulants/Cocaine,Direct Source 3.5 G | Pure Bolivian Cocaine | FREE Shipping [24/7 Auto Dispatch],"Premium 3.5 G | Pure Bolivian Cocaine | FREE Shipping sourced directly from verified labs. Fast, reliable service. Please include your PGP encrypted address when ordering.",0.506372 BTC,Argentina,WORLDWIDE,4.98/5,
messi,Drugs/Psychedelics/LSD,HQ 1x Hofmann | LSD +180ug | FREE Shipping [Fast Shipping],"Premium 1x Hofmann | LSD +180ug | FREE Shipping sourced directly from verified labs. Fast, reliable service. Please include your PGP encrypted address when ordering.",0.025661 BTC,Argentina,WORLDWIDE,5.00/5,
SiGGy,Drugs/Cannabis/Weed,Top Grade SiGGy's ✪ CRITICAL MASS ✪ 50g Grade A WEED,"Premium SiGGy's ✪ CRITICAL MASS ✪ 50g Grade A WEED sourced directly from verified labs. Fast, reliable service. Please include your PGP encrypted address when ordering.",0.527980 BTC,Germany,Worldwide,4.87/5,
SiGGy,Drugs/Ecstasy/Pills,High Quality SiGGys ✪ RED SUPERMAN 220mg ✪ 100 XTC pills (FE),"Welcome to our official NightMarket shop! SiGGys ✪ RED SUPERMAN 220mg ✪ 100 XTC pills (FE) ready for instant dispatch. Double vacuum sealed, professional MBB stealth. 99% delivery rate across Germany.",0.666586 BTC,Germany,Germany,5.00/5,
SiGGy,Drugs/Ecstasy/MDMA,SiGGys ✪ TAN CRYSTAL MDMA ✪ 82% Pure Quality ✪ 24.0g [Purity Tested],High purity SiGGys ✪ TAN CRYSTAL MDMA ✪ 82% Pure Quality ✪ 24.0g at competitive market prices. Fully tested batch. Customer satisfaction is our top priority.,0.678274 BTC,Germany,European Union,5.00/5,
SiGGy,Drugs/Stimulants/Speed,SiGGys ✪ HQ SPEED PASTE ✪ 25g Limited INTRO [Purity Tested],We are back on NightMarket offering our verified SiGGys ✪ HQ SPEED PASTE ✪ 25g Limited INTRO. Guaranteed 99% quality and stealth packaging. Contact via PGP for bulk orders.,0.264771 BTC,Germany,Germany,4.86/5,
SiGGy,Drugs/Cannabis/Weed,Top Grade SiGGys ✪ CRITICAL MASS ✪ 10g Grade A WEED,"Welcome to our official NightMarket shop! SiGGys ✪ CRITICAL MASS ✪ 10g Grade A WEED ready for instant dispatch. Double vacuum sealed, professional MBB stealth. 99% delivery rate across Germany.",0.181551 BTC,Germany,Germany,5.00/5,
SiGGy,Drugs/Ecstasy/Pills,Verified SiGGy's ✪ RED SUPERMAN 220mg ✪ 50 XTC pills,We are back on NightMarket offering our verified SiGGy's ✪ RED SUPERMAN 220mg ✪ 50 XTC pills. Guaranteed 99% quality and stealth packaging. Contact via PGP for bulk orders.,0.414981 BTC,Germany,European Union,4.91/5,
SiGGy,Drugs/Cannabis/Weed,Exclusive SiGGy's ✪ CRITICAL MASS ✪ 100g Grade A WEED,"Welcome to our official NightMarket shop! SiGGy's ✪ CRITICAL MASS ✪ 100g Grade A WEED ready for instant dispatch. Double vacuum sealed, professional MBB stealth. 99% delivery rate across worldwide.",1.132474 BTC,Germany,Worldwide,5.00/5,
Amsterdamngood,Drugs/Ecstasy/Pills,lonelystift,We are back on NightMarket offering our verified lonelystift. Guaranteed premium quality and stealth packaging. Contact via PGP for bulk orders.,1.990472 BTC,USA,Worldwide,4.95/5,
Amsterdamngood,Drugs/Stimulants/Cocaine,2.5G Cocaine 80%,"Welcome to our official NightMarket shop! 2.5G Cocaine 80% ready for instant dispatch. Double vacuum sealed, professional MBB stealth. 99% delivery rate across worldwide.",0.497943 BTC,Netherlands,Worldwide,5.00/5,
Amsterdamngood,Drugs/Ecstasy/MDMA,0.25mdma Crystal 82% SAMPLE,We are back on NightMarket offering our verified 0.25mdma Crystal 82% SAMPLE. Guaranteed lab tested quality and stealth packaging. Contact via PGP for bulk orders.,0.005567 BTC,Netherlands,Worldwide,4.78/5,
Amsterdamngood,Drugs/Stimulants/Cocaine,5G Cocaine 80%,"Welcome to our official NightMarket shop! 5G Cocaine 80% ready for instant dispatch. Double vacuum sealed, professional MBB stealth. 99% delivery rate across worldwide.",0.926155 BTC,Netherlands,Worldwide,4.99/5,
Amsterdamngood,Drugs/Ecstasy/Pills,25x Green Partyflock [Escrow Ready],"Welcome to our official NightMarket shop! 25x Green Partyflock ready for instant dispatch. Double vacuum sealed, professional MBB stealth. 99% delivery rate across worldwide.",0.320017 BTC,Netherlands,Worldwide,4.89/5,
Amsterdamngood,Drugs/Stimulants/Cocaine,Ultra Clean 1G Cocaine 80% [24/7 Auto Dispatch],"Welcome to our official NightMarket shop! 1G Cocaine 80% ready for instant dispatch. Double vacuum sealed, professional MBB stealth. 99% delivery rate across worldwide.",0.200232 BTC,Netherlands,Worldwide,5.00/5,
Amsterdamngood,Drugs/Cannabis/Weed,5G Power plant [Escrow Ready],"Welcome to our official NightMarket shop! 5G Power plant ready for instant dispatch. Double vacuum sealed, professional MBB stealth. 99% delivery rate across worldwide.",0.172745 BTC,Netherlands,Worldwide,5.00/5,
Amsterdamngood,Drugs/Cannabis/Weed,Exclusive 3G Power plant,"Welcome to our official NightMarket shop! 3G Power plant ready for instant dispatch. Double vacuum sealed, professional MBB stealth. 99% delivery rate across worldwide.",0.081286 BTC,Netherlands,Worldwide,4.90/5,
Amsterdamngood,Drugs/Cannabis/Weed,Verified garyhund 35gram powerplant,garyhund 35gram powerplant available now. All orders dispatched within 24 hours of payment confirmation. Domestic and international stealth available.,0.340082 BTC,Netherlands,Worldwide,5.00/5,
Amsterdamngood,Drugs/Cannabis/Weed,100% Pure 25G Power plant,We are back on NightMarket offering our verified 25G Power plant. Guaranteed lab tested quality and stealth packaging. Contact via PGP for bulk orders.,0.696080 BTC,Netherlands,Worldwide,4.93/5,
iNternationalchems,Drugs/Dissociatives/MXE,100% Pure 10GR - MXE (+99% purity),We are back on NightMarket offering our verified 10GR - MXE (+99% purity). Guaranteed lab tested quality and stealth packaging. Contact via PGP for bulk orders.,0.407815 BTC,EU,Worldwide except USA and AUS,4.76/5,
iNternationalchems,Drugs/RCs,Custom 50GR - MDPV stock burnout **CUSTOM LISTING**,High purity 50GR - MDPV stock burnout **CUSTOM LISTING** at competitive market prices. Fully tested batch. Customer satisfaction is our top priority.,1.161788 BTC,EU,Worldwide (see list),4.87/5,
iNternationalchems,Drugs/RCs,1GR - 4-MEC (EU stock!),"Premium 1GR - 4-MEC (EU stock!) sourced directly from verified labs. Fast, reliable service. Please include your PGP encrypted address when ordering.",0.074782 BTC,EU,Worldwide except USA and AUS,4.98/5,
iNternationalchems,Drugs/RCs,5GR - a-PVP (EU stock!),High purity 5GR - a-PVP (EU stock!) at competitive market prices. Fully tested batch. Customer satisfaction is our top priority.,0.382169 BTC,EU,Worldwide except USA and AUS,4.94/5,
iNternationalchems,Drugs/Psychedelics/5-MeO,Top Grade 5GR - 5-MeO-MiPT (Moxy),5GR - 5-MeO-MiPT (Moxy) available now. All orders dispatched within 24 hours of payment confirmation. Domestic and international stealth available.,0.487491 BTC,EU,Worldwide except USA and AUS,4.99/5,
iNternationalchems,Drugs/RCs,1GR - 5-APB (EU stock!),High purity 1GR - 5-APB (EU stock!) at competitive market prices. Fully tested batch. Customer satisfaction is our top priority.,0.088822 BTC,EU,Worldwide except USA and AUS,4.74/5,
iNternationalchems,Drugs/RCs,3GR - MDPV (EU stock!) [Purity Tested],3GR - MDPV (EU stock!) available now. All orders dispatched within 24 hours of payment confirmation. Domestic and international stealth available.,0.211479 BTC,EU GER and AUS,Worldwide except USA  GER and AUS,4.80/5,
iNternationalchems,Drugs/RCs,250GR - MDPV stock burnout **SPECIAL OFFER**,High purity 250GR - MDPV stock burnout **SPECIAL OFFER** at competitive market prices. Fully tested batch. Customer satisfaction is our top priority.,3.524319 BTC,EU,Worldwide (see list),4.99/5,
iNternationalchems,Drugs/Psychedelics/5-MeO,Verified 3GR - 5-MeO-MiPT (Moxy),High purity 3GR - 5-MeO-MiPT (Moxy) at competitive market prices. Fully tested batch. Customer satisfaction is our top priority.,0.400718 BTC,EU,Worldwide except USA and AUS,4.95/5,
iNternationalchems,Drugs/RCs,5GR - 5-APB (EU stock!) [Original Batch],High purity 5GR - 5-APB (EU stock!) at competitive market prices. Fully tested batch. Customer satisfaction is our top priority.,0.438913 BTC,EU,Worldwide except USA and AUS,4.85/5,
iNternationalchems,Drugs/RCs,100% Pure 1GR - MDPV (EU stock!) [Escrow Ready],1GR - MDPV (EU stock!) available now. All orders dispatched within 24 hours of payment confirmation. Domestic and international stealth available.,0.100442 BTC,EU GER and AUS,Worldwide except USA  GER and AUS,4.99/5,
iNternationalchems,Drugs/Psychedelics/5-MeO,1GR - 5-MeO-MiPT (Moxy) [Tracked],"Premium 1GR - 5-MeO-MiPT (Moxy) sourced directly from verified labs. Fast, reliable service. Please include your PGP encrypted address when ordering.",0.140183 BTC,EU,Worldwide except USA and AUS,4.78/5,
iNternationalchems,Drugs/RCs,HQ 5GR - MDPV (EU stock!) [Original Batch],High purity 5GR - MDPV (EU stock!) at competitive market prices. Fully tested batch. Customer satisfaction is our top priority.,0.344208 BTC,EU GER and AUS,Worldwide except USA  GER and AUS,4.98/5,
iNternationalchems,Drugs/RCs,Custom 5GR - 4-MEC (EU stock!) [Purity Tested],5GR - 4-MEC (EU stock!) available now. All orders dispatched within 24 hours of payment confirmation. Domestic and international stealth available.,0.262413 BTC,EU,Worldwide except USA and AUS,5.00/5,
iNternationalchems,Drugs/RCs,3GR - 4-MEC (EU stock!),High purity 3GR - 4-MEC (EU stock!) at competitive market prices. Fully tested batch. Customer satisfaction is our top priority.,0.150585 BTC,EU,Worldwide except USA and AUS,4.80/5,
iNternationalchems,Drugs/Psychedelics/2C,1GR - bk-2C-B (very similiar to 2C-B),"Welcome to our official NightMarket shop! 1GR - bk-2C-B (very similiar to 2C-B) ready for instant dispatch. Double vacuum sealed, professional MBB stealth. 99% delivery rate across Worldwide except USA and AUS.",0.110395 BTC,EU,Worldwide except USA and AUS,4.73/5,
iNternationalchems,Drugs/RCs,Direct Source 10GR - MDPV (EU stock!),10GR - MDPV (EU stock!) available now. All orders dispatched within 24 hours of payment confirmation. Domestic and international stealth available.,0.543792 BTC,EU GER and AUS,Worldwide except USA  GER and AUS,4.99/5,
iNternationalchems,Drugs/RCs,100GR - MDPV stock burnout **SPECIAL OFFER** [Worldwide Stealth],"Premium 100GR - MDPV stock burnout **SPECIAL OFFER** sourced directly from verified labs. Fast, reliable service. Please include your PGP encrypted address when ordering.",2.088200 BTC,EU,Worldwide (see list),4.73/5,
iNternationalchems,Drugs/RCs,HQ 1GR - a-PVP (EU stock!) [Tracked],High purity 1GR - a-PVP (EU stock!) at competitive market prices. Fully tested batch. Customer satisfaction is our top priority.,0.114039 BTC,EU,Worldwide except USA and AUS,4.78/5,
TustHak78-2015,Drugs/Stimulants/Cocaine,90% plus Pure Uncut Colombian Cocaine. [Worldwide Stealth],90% plus Pure  Uncut  Colombian Cocaine. available now. All orders dispatched within 24 hours of payment confirmation. Domestic and international stealth available.,0.087122 BTC,Guatemala,Worldwide,4.74/5,
TustHak78-2015,Drugs/Opioids,Premium 25 Gram of Pure Opium Latex - Very Strong!,"Premium 25 Gram of Pure Opium Latex -  Very Strong! sourced directly from verified labs. Fast, reliable service. Please include your PGP encrypted address when ordering.",1.252391 BTC,World,World,5.00/5,
TustHak78-2015,Drugs/Stimulants/Cocaine,100% Pure 4 grams - 90% plus Pure Uncut Colombian Cocaine.,"Premium 4 grams - 90% plus Pure  Uncut  Colombian Cocaine. sourced directly from verified labs. Fast, reliable service. Please include your PGP encrypted address when ordering.",0.566843 BTC,Guatemala,Worldwide,4.95/5,
TustHak78-2015,Drugs/Opioids,10 Gram of Pure Opium Latex - Very Strong! [Fast Shipping],10 Gram of Pure Opium Latex -  Very Strong! available now. All orders dispatched within 24 hours of payment confirmation. Domestic and international stealth available.,0.448446 BTC,World,World,5.00/5,
TustHak78-2015,Drugs/Opioids,1 Gram of Pure Opium Latex - Very Strong!,"Premium 1 Gram of Pure Opium Latex -  Very Strong! sourced directly from verified labs. Fast, reliable service. Please include your PGP encrypted address when ordering.",0.113597 BTC,World,World,4.85/5,
TustHak78-2015,Drugs/Opioids,15 Gram of Pure Opium Latex - Very Strong!,"Welcome to our official NightMarket shop! 15 Gram of Pure Opium Latex -  Very Strong! ready for instant dispatch. Double vacuum sealed, professional MBB stealth. 99% delivery rate across World.",0.650629 BTC,World,World,4.94/5,
TustHak78-2015,Drugs/Opioids,High Quality 30 Oxycodone (Generic Oxycontin) 15mg each [Original Batch],"Premium 30 Oxycodone (Generic Oxycontin) 15mg each sourced directly from verified labs. Fast, reliable service. Please include your PGP encrypted address when ordering.",0.349709 BTC,World,World,4.77/5,
TustHak78-2015,Drugs/Opioids,High Quality 10 Oxycodone (Generic Oxycontin) 15mg each [24/7 Auto Dispatch],We are back on NightMarket offering our verified 10 Oxycodone (Generic Oxycontin) 15mg each. Guaranteed lab tested quality and stealth packaging. Contact via PGP for bulk orders.,0.148106 BTC,World,Worldwide,4.89/5,
TustHak78-2015,Drugs/Opioids,50 Oxycodone (Generic Oxycontin) 15mg each,We are back on NightMarket offering our verified 50 Oxycodone (Generic Oxycontin) 15mg each. Guaranteed high grade quality and stealth packaging. Contact via PGP for bulk orders.,0.595611 BTC,World,World,4.96/5,
TustHak78-2015,Drugs/Stimulants/Cocaine,3 grams - 90% plus Pure Uncut Colombian Cocaine.,"Premium 3 grams - 90% plus Pure  Uncut  Colombian Cocaine. sourced directly from verified labs. Fast, reliable service. Please include your PGP encrypted address when ordering.",0.871396 BTC,Guatemala,Worldwide,5.00/5,
TustHak78-2015,Drugs/Stimulants/Cocaine,Custom 1 gram - 90% plus Pure Uncut Colombian Cocaine.,We are back on NightMarket offering our verified 1 gram - 90% plus Pure  Uncut  Colombian Cocaine.. Guaranteed lab tested quality and stealth packaging. Contact via PGP for bulk orders.,0.233730 BTC,Guatemala,Worldwide,4.86/5,
TustHak78-2015,Drugs/Stimulants/Cocaine,Custom 5 grams - 90% plus Pure Uncut Colombian Cocaine.,"Welcome to our official NightMarket shop! 5 grams - 90% plus Pure  Uncut  Colombian Cocaine. ready for instant dispatch. Double vacuum sealed, professional MBB stealth. 99% delivery rate across worldwide.",0.768237 BTC,Guatemala,Worldwide,4.90/5,
TustHak78-2015,Drugs/Opioids,5 Gram of Pure Opium Latex - Very Strong!,5 Gram of Pure Opium Latex -  Very Strong! available now. All orders dispatched within 24 hours of payment confirmation. Domestic and international stealth available.,0.260072 BTC,World,World,4.92/5,
sWeettganjababe,Drugs/Cannabis/Weed,7G !!!! AK47 !!!!! VERY LIMITED STOCK,High purity 7G !!!! AK47 !!!!! VERY LIMITED STOCK at competitive market prices. Fully tested batch. Customer satisfaction is our top priority.,0.687027 BTC,Australia,Worldwide,5.00/5,
sWeettganjababe,Drugs/Cannabis/Weed,HYDRO HYBRID 7G,"Premium HYDRO HYBRID 7G sourced directly from verified labs. Fast, reliable service. Please include your PGP encrypted address when ordering.",0.368253 BTC,Australia,AUSTRALIA,5.00/5,
sWeettganjababe,Drugs/Cannabis/Weed,Direct Source !!!BLUE DIESEL!!! 7,!!!BLUE DIESEL!!! 7 available now. All orders dispatched within 24 hours of payment confirmation. Domestic and international stealth available.,0.422142 BTC,Australia,AUSTRALIA,5.00/5,
sWeettganjababe,Drugs/Cannabis/Weed,100% Pure FE ONLY DISCOUNT !!! ANY 4 STRAINs !!! 3.5 [Fast Shipping],"Premium FE ONLY DISCOUNT !!! ANY 4  STRAINs !!! 3.5 sourced directly from verified labs. Fast, reliable service. Please include your PGP encrypted address when ordering.",0.293585 BTC,Australia,AUSTRALIA,4.83/5,
sWeettganjababe,Drugs/Cannabis/Weed,Custom FE ONLY DISCOUNT !!!BLUE DIESEL!!! 3.5,"Premium FE ONLY DISCOUNT !!!BLUE DIESEL!!! 3.5 sourced directly from verified labs. Fast, reliable service. Please include your PGP encrypted address when ordering.",0.117774 BTC,Australia,AUSTRALIA,4.86/5,
flaxceed,Drugs/Steroids,HCG (pregnyl) 15 000iu,High purity HCG (pregnyl) 15 000iu at competitive market prices. Fully tested batch. Customer satisfaction is our top priority.,0.235314 BTC,Thailand,Worldwide,4.85/5,
flaxceed,Drugs/Cannabis/Weed,Verified Roche midazolam (Dormicum) 15mg x 10 knockout!,Roche midazolam (Dormicum) 15mg x 10 knockout! available now. All orders dispatched within 24 hours of payment confirmation. Domestic and international stealth available.,0.143172 BTC,Thailand,Worldwide,4.75/5,
flaxceed,Drugs/Weight loss,T3 metabolism booster 100 x 100mcg,T3 metabolism booster 100 x 100mcg available now. All orders dispatched within 24 hours of payment confirmation. Domestic and international stealth available.,0.068169 BTC,USA,Worldwide,4.79/5,
flaxceed,Drugs/Steroids,testosterone cypionate 20ml x 100mg per ml [Escrow Ready],testosterone cypionate 20ml x 100mg per ml available now. All orders dispatched within 24 hours of payment confirmation. Domestic and international stealth available.,0.111271 BTC,Thailand,global except Africa,5.00/5,
_Sinaloa_Cartel_,Drugs/Benzos,Direct Source 2.5-3mg Xanax Pressed Tabs #1-499,2.5-3mg Xanax Pressed Tabs #1-499 available now. All orders dispatched within 24 hours of payment confirmation. Domestic and international stealth available.,0.014799 BTC,USA,World,4.92/5,
_Sinaloa_Cartel_,Drugs/Opioids,Exclusive 30mg Oxycodone Tabs Snortable Crushable #10,High purity 30mg Oxycodone Tabs Snortable Crushable #10 at competitive market prices. Fully tested batch. Customer satisfaction is our top priority.,0.548997 BTC,USA,World,4.91/5,
_Sinaloa_Cartel_,Drugs/Stimulants/Cocaine,4.5 Ounces Cocaine,"Welcome to our official NightMarket shop! 4.5 Ounces Cocaine ready for instant dispatch. Double vacuum sealed, professional MBB stealth. 99% delivery rate across World.",15.697539 BTC,USA,World,4.71/5,
_Sinaloa_Cartel_,Drugs/Stimulants/Cocaine,Ultra Clean 1 Ounce 28 Grams Cocaine,We are back on NightMarket offering our verified 1 Ounce 28 Grams Cocaine. Guaranteed 99% quality and stealth packaging. Contact via PGP for bulk orders.,3.434518 BTC,USA,World,5.00/5,
drk_Mandala,Drugs/Cannabis/Weed,5g Cali Orange Bud ; Indoor ; Organic ; SKUNK ; A+ Quality [Fast Shipping],"Welcome to our official NightMarket shop! 5g Cali Orange Bud ; Indoor ; Organic ; SKUNK ; A+ Quality ready for instant dispatch. Double vacuum sealed, professional MBB stealth. 99% delivery rate across EU.",0.173809 BTC,Germany,EU,4.90/5,
drk_Mandala,Drugs/Cannabis/Weed,5g CBD Medihaze ; Indoor ; Organic ; HAZE ; A+ Quality ; LIMITED TIME OFFER,"Premium 5g CBD Medihaze ; Indoor ; Organic ; HAZE ; A+ Quality ; LIMITED TIME OFFER sourced directly from verified labs. Fast, reliable service. Please include your PGP encrypted address when ordering.",0.305283 BTC,Germany,EU,4.89/5,
drk_Mandala,Drugs/Cannabis/Weed,Custom >2g Belladonna; Indoor; Organic; Very Potent; AAA+ Quality [Worldwide Stealth],>2g  Belladonna; Indoor; Organic; Very Potent;  AAA+ Quality available now. All orders dispatched within 24 hours of payment confirmation. Domestic and international stealth available.,0.032275 BTC,Germany,Worldwide except Australia,4.76/5,
drk_Mandala,Drugs/Cannabis/Weed,10g Belladonna; Indoor; Organic; Very Potent; A+ Quality [Purity Tested],We are back on NightMarket offering our verified 10g  Belladonna; Indoor; Organic; Very Potent;  A+ Quality. Guaranteed high grade quality and stealth packaging. Contact via PGP for bulk orders.,0.185212 BTC,Germany,Worldwide except Australia,4.84/5,
drk_Mandala,Drugs/Cannabis/Weed,>10g Belladonna; Indoor; Organic; Very Potent; AAA+ Quality,We are back on NightMarket offering our verified >10g  Belladonna; Indoor; Organic; Very Potent;  AAA+ Quality. Guaranteed lab tested quality and stealth packaging. Contact via PGP for bulk orders.,0.167874 BTC,Germany,Worldwide except Australia,5.00/5,
drk_Mandala,Drugs/Cannabis/Weed,10x Belladonna Quality Seeds by Paradise Seeds [Original Batch],"Premium 10x Belladonna Quality Seeds by Paradise Seeds sourced directly from verified labs. Fast, reliable service. Please include your PGP encrypted address when ordering.",0.071897 BTC,Germany,Worldwide,5.00/5,
TeamZiss,Drugs/Ecstasy/Other,250 GRAMS 99.8% PURE ETHYLONE! HUGE CHUNKS!,"Welcome to our official NightMarket shop! 250 GRAMS 99.8% PURE ETHYLONE! HUGE CHUNKS! ready for instant dispatch. Double vacuum sealed, professional MBB stealth. 99% delivery rate across worldwide.",2.351445 BTC,China,Worldwide,4.89/5,
TeamZiss,Drugs/Ecstasy/MDA,1 KILO N-HYDROXY-MDA MDOH READ DESCRIPTION,We are back on NightMarket offering our verified 1 KILO N-HYDROXY-MDA   MDOH READ DESCRIPTION. Guaranteed lab tested quality and stealth packaging. Contact via PGP for bulk orders.,19.593968 BTC,China,Worldwide,4.84/5,
TeamZiss,Drugs/Psychedelics/Mescaline,100 GRAMS Allylescaline MESCALINE ANALOGUE [Escrow Ready],We are back on NightMarket offering our verified 100 GRAMS Allylescaline MESCALINE ANALOGUE. Guaranteed premium quality and stealth packaging. Contact via PGP for bulk orders.,3.806670 BTC,China,Worldwide,4.60/5,
TeamZiss,Drugs/Ecstasy/Other,500 grams PURE RMDMA METHYLONE SUBSTITUTE,"Premium 500 grams PURE RMDMA METHYLONE SUBSTITUTE sourced directly from verified labs. Fast, reliable service. Please include your PGP encrypted address when ordering.",7.462404 BTC,China,Worldwide,4.48/5,
TeamZiss,Drugs/Ecstasy/Other,100 GRAMS 99.8% PURE ETHYLONE! HUGE CHUNKS!,100 GRAMS 99.8% PURE ETHYLONE! HUGE CHUNKS! available now. All orders dispatched within 24 hours of payment confirmation. Domestic and international stealth available.,1.477301 BTC,China,Worldwide,4.79/5,
TeamZiss,Drugs/Stimulants/Speed,High Quality 250 GRAMS 4FMA 4-Fluoromethamphetamine [Original Batch],High purity 250 GRAMS 4FMA 4-Fluoromethamphetamine at competitive market prices. Fully tested batch. Customer satisfaction is our top priority.,3.780147 BTC,China,Worldwide,4.81/5,
TeamZiss,Drugs/Stimulants/Speed,Direct Source 100 Grams 2FMA 2-Fluoromethamphetamine [Original Batch],"Welcome to our official NightMarket shop! 100 Grams 2FMA 2-Fluoromethamphetamine ready for instant dispatch. Double vacuum sealed, professional MBB stealth. 99% delivery rate across worldwide.",2.195380 BTC,China,Worldwide,4.68/5,
TeamZiss,Drugs/Stimulants/Speed,Direct Source 100 GRAMS 2FMA 2-Fluoromethamphetamine,"Premium 100 GRAMS 2FMA 2-Fluoromethamphetamine sourced directly from verified labs. Fast, reliable service. Please include your PGP encrypted address when ordering.",1.447837 BTC,China,Worldwide,5.00/5,
TeamZiss,Drugs/Ecstasy/Other,Premium SALE! 250 GRAMS ETHYLONE! 99% PURE HUGE CHUNKS! [Escrow Ready],SALE! 250 GRAMS ETHYLONE! 99% PURE HUGE CHUNKS! available now. All orders dispatched within 24 hours of payment confirmation. Domestic and international stealth available.,2.768960 BTC,China,Worldwide,4.83/5,
TeamZiss,Drugs/Stimulants/Speed,Exclusive 500 GRAMS 2FMA 2-Fluoromethamphetamine,"Premium 500 GRAMS 2FMA 2-Fluoromethamphetamine sourced directly from verified labs. Fast, reliable service. Please include your PGP encrypted address when ordering.",3.516097 BTC,China,Worldwide,4.77/5,
TeamZiss,Drugs/Ecstasy/Other,1 kilo BK-MDDMA PURE M11 DIMETHYLONE [Worldwide Stealth],"Welcome to our official NightMarket shop! 1 kilo BK-MDDMA PURE M11 DIMETHYLONE ready for instant dispatch. Double vacuum sealed, professional MBB stealth. 99% delivery rate across worldwide.",8.605071 BTC,China,Worldwide,4.44/5,
TeamZiss,Drugs/Ecstasy/MDMA,1 KILO PURE RMDMA,We are back on NightMarket offering our verified 1 KILO PURE RMDMA. Guaranteed 99% quality and stealth packaging. Contact via PGP for bulk orders.,8.788508 BTC,China,Worldwide,4.57/5,
apoteket,Drugs/Prescription,Zopiklon 10mg (Imovane) - 25 st [Original Batch],We are back on NightMarket offering our verified Zopiklon 10mg (Imovane) - 25 st. Guaranteed high grade quality and stealth packaging. Contact via PGP for bulk orders.,0.302349 BTC,Sweden,Sweden,4.81/5,
apoteket,Drugs/Opioids/Other,Franska Subutex 8mg - 5 st,Franska Subutex 8mg - 5 st available now. All orders dispatched within 24 hours of payment confirmation. Domestic and international stealth available.,0.529687 BTC,Sweden,Sweden,4.96/5,
apoteket,Drugs/Benzos,Exclusive Iktorivil 2mg (Klonazepam) by Roche - 500 st,Iktorivil 2mg (Klonazepam) by Roche - 500 st available now. All orders dispatched within 24 hours of payment confirmation. Domestic and international stealth available.,1.667934 BTC,Sweden,Sweden,4.76/5,
apoteket,Drugs/Benzos,Premium Bensedin 10mg (Valium) - 50 st,We are back on NightMarket offering our verified Bensedin 10mg (Valium) - 50 st. Guaranteed top tier quality and stealth packaging. Contact via PGP for bulk orders.,0.356232 BTC,Sweden,Sweden,4.99/5,
apoteket,Drugs/Ecstasy/Pills,Ecstasy 200mg (Gröna Granater) - 20 piller [Worldwide Stealth],"Welcome to our official NightMarket shop! Ecstasy 200mg (Gröna Granater) - 20 piller ready for instant dispatch. Double vacuum sealed, professional MBB stealth. 99% delivery rate across Sweden.",1.492811 BTC,Sweden,Sweden,5.00/5,
apoteket,Drugs/Benzos,Exclusive Iktorivil 2mg (Klonazepam) från Roche - 250 st [Worldwide Stealth],"Premium Iktorivil 2mg (Klonazepam) från Roche - 250 st sourced directly from verified labs. Fast, reliable service. Please include your PGP encrypted address when ordering.",1.196486 BTC,Sweden,Sweden,4.98/5,
apoteket,Drugs/Benzos,Bensedin 10mg - 250 st (lösa) [Escrow Ready],"Premium Bensedin 10mg - 250 st (lösa) sourced directly from verified labs. Fast, reliable service. Please include your PGP encrypted address when ordering.",1.201456 BTC,Sweden,Sweden,4.90/5,
apoteket,Drugs/Benzos,Direct Source Iktorivil 2mg (Klonazepam) by Roche - 200 st,"Premium Iktorivil 2mg (Klonazepam) by Roche - 200 st sourced directly from verified labs. Fast, reliable service. Please include your PGP encrypted address when ordering.",0.669290 BTC,Sweden,Sweden,4.90/5,
apoteket,Drugs/Stimulants/Speed,Amfetamin Speedpaste - 2 grams,High purity Amfetamin  Speedpaste - 2 grams at competitive market prices. Fully tested batch. Customer satisfaction is our top priority.,0.130860 BTC,Sweden,Sweden,4.95/5,
apoteket,Drugs/Benzos,Ksalol 1mg (Xanax) Galenika - 100 st [Purity Tested],"Welcome to our official NightMarket shop! Ksalol 1mg (Xanax) Galenika - 100 st ready for instant dispatch. Double vacuum sealed, professional MBB stealth. 99% delivery rate across Sweden.",0.419908 BTC,Sweden,Sweden,4.85/5,
apoteket,Drugs/Cannabis/Weed,Weed Strain: Amnesia Haze - 5 gram,"Premium Weed Strain: Amnesia Haze - 5 gram sourced directly from verified labs. Fast, reliable service. Please include your PGP encrypted address when ordering.",0.264680 BTC,Sweden,Sweden,4.74/5,
apoteket,Drugs/Prescription,Verified Tramadol 50mg - 250 st kapslar,We are back on NightMarket offering our verified Tramadol 50mg - 250 st kapslar. Guaranteed premium quality and stealth packaging. Contact via PGP for bulk orders.,1.085470 BTC,Sweden,Sweden,4.81/5,
apoteket,Drugs/Prescription,[FE] [BULK] Zopiklon 10mg (Imovane) - 500 st,High purity [FE] [BULK] Zopiklon 10mg (Imovane) - 500 st at competitive market prices. Fully tested batch. Customer satisfaction is our top priority.,1.708587 BTC,Sweden,Sweden,4.88/5,
apoteket,Drugs/Benzos,High Quality Bensedine 10mg (Valium) galenika - 50 st [Tracked],"Premium Bensedine 10mg (Valium) galenika - 50 st sourced directly from verified labs. Fast, reliable service. Please include your PGP encrypted address when ordering.",0.290345 BTC,Sweden,Sweden,4.79/5,
apoteket,Drugs/Stimulants/Speed,High Quality Speed paste (amphetamine) - 10 grams,Speed paste (amphetamine) - 10 grams available now. All orders dispatched within 24 hours of payment confirmation. Domestic and international stealth available.,0.588157 BTC,Sweden,European Union,4.82/5,
apoteket,Drugs/Prescription,Custom Sanval 10mg (Zolpidem) - 25 pills [Worldwide Stealth],We are back on NightMarket offering our verified Sanval 10mg (Zolpidem) - 25 pills. Guaranteed high grade quality and stealth packaging. Contact via PGP for bulk orders.,0.240993 BTC,Sweden,European Union,4.88/5,
apoteket,Drugs/Prescription,Custom for Stew******,Custom for Stew****** available now. All orders dispatched within 24 hours of payment confirmation. Domestic and international stealth available.,0.236377 BTC,Sweden,Sweden,5.00/5,
apoteket,Drugs/Ecstasy/Pills,Ecstasy 150mg från Holland - 25 st,"Welcome to our official NightMarket shop! Ecstasy 150mg från Holland - 25 st ready for instant dispatch. Double vacuum sealed, professional MBB stealth. 99% delivery rate across Sweden.",1.237211 BTC,Sweden,Sweden,5.00/5,
apoteket,Drugs/Benzos,Rivotril 2mg Galenika (Klonazepam) - 50 st [24/7 Auto Dispatch],We are back on NightMarket offering our verified Rivotril 2mg Galenika (Klonazepam) - 50 st. Guaranteed top tier quality and stealth packaging. Contact via PGP for bulk orders.,0.195181 BTC,Sweden,European Union,5.00/5,
apoteket,Drugs/Benzos,Ultra Clean Rivotril 2mg från Galenika - 100 st [Fast Shipping],We are back on NightMarket offering our verified Rivotril 2mg från Galenika - 100 st. Guaranteed 99% quality and stealth packaging. Contact via PGP for bulk orders.,0.466411 BTC,Sweden,Sweden,4.84/5,
apoteket,Drugs/Prescription,Ultra Clean Sanval 10mg (Zolpidem) - 25 st [Tracked],High purity Sanval 10mg (Zolpidem) - 25 st at competitive market prices. Fully tested batch. Customer satisfaction is our top priority.,0.237595 BTC,Sweden,Sweden,4.88/5,
apoteket,Drugs/Ecstasy/Pills,Ecstasy 140-160mg from Holland - 2 pills,Ecstasy 140-160mg from Holland - 2 pills available now. All orders dispatched within 24 hours of payment confirmation. Domestic and international stealth available.,0.132584 BTC,Sweden,European Union,4.88/5,
apoteket,Drugs/Stimulants/Prescription,Kamagra Oral Jelly 100mg - 1 kit with 7 bags,"Welcome to our official NightMarket shop! Kamagra Oral Jelly 100mg - 1 kit with 7 bags ready for instant dispatch. Double vacuum sealed, professional MBB stealth. 99% delivery rate across Sweden.",0.141654 BTC,Sweden,Sweden,5.00/5,
nawlinsEU,Drugs/Psychedelics/2C,Premium 200mg 2c-b shipped from USA daily - ON SALE [Escrow Ready],High purity 200mg 2c-b shipped from USA daily - ON SALE at competitive market prices. Fully tested batch. Customer satisfaction is our top priority.,0.061272 BTC,USA,Worldwide,5.00/5,
nawlinsEU,Drugs/Benzos,100x 1mg alprazolam capsules ships DAILY from within USA!,"Premium 100x 1mg alprazolam capsules ships DAILY from within USA! sourced directly from verified labs. Fast, reliable service. Please include your PGP encrypted address when ordering.",0.152808 BTC,USA,Worldwide,4.83/5,
nawlinsEU,Drugs/Benzos,Top Grade 200mg Pure Alprazolam HCl (Xanax) Powder,High purity 200mg Pure Alprazolam HCl (Xanax) Powder at competitive market prices. Fully tested batch. Customer satisfaction is our top priority.,0.112579 BTC,USA,Worldwide,4.63/5,
nawlinsEU,Drugs/Psychedelics/2C,500mg 2c-b shipped from USA daily - ON SALE [Original Batch],500mg 2c-b shipped from USA daily - ON SALE available now. All orders dispatched within 24 hours of payment confirmation. Domestic and international stealth available.,0.083640 BTC,USA,Worldwide,5.00/5,
nawlinsEU,Drugs/Benzos,50x 1mg alprazolam capsules ships DAILY from within USA!,High purity 50x 1mg alprazolam capsules ships DAILY from within USA! at competitive market prices. Fully tested batch. Customer satisfaction is our top priority.,0.110471 BTC,USA,USA,4.82/5,
nawlinsEU,Drugs/Benzos,100% Pure 10mg Pure Alprazolam HCl (Xanax) Powder [24/7 Auto Dispatch],"Premium 10mg Pure Alprazolam HCl (Xanax) Powder sourced directly from verified labs. Fast, reliable service. Please include your PGP encrypted address when ordering.",0.043673 BTC,USA,Worldwide,4.86/5,
nawlinsEU,Drugs/Benzos,SALE! 1x 1mg alprazolam capsules ships DAILY from within USA! UNLIMITED [Original Batch],We are back on NightMarket offering our verified SALE! 1x 1mg alprazolam capsules ships DAILY from within USA!  UNLIMITED. Guaranteed 99% quality and stealth packaging. Contact via PGP for bulk orders.,0.001141 BTC,USA,Worldwide,4.78/5,
nawlinsEU,Drugs/Benzos,1000x 1mg alprazolam capsules ships DAILY from within USA! [Fast Shipping],We are back on NightMarket offering our verified 1000x 1mg alprazolam capsules ships DAILY from within USA!. Guaranteed lab tested quality and stealth packaging. Contact via PGP for bulk orders.,0.975106 BTC,USA,USA,4.74/5,
nawlinsEU,Drugs/Cannabis/Synthetics,1000g You should smoke this shit - like they do in the future! TOP SHELF SYNTH BLEND [Original Batch],"Welcome to our official NightMarket shop! 1000g You should smoke this shit - like they do in the future! TOP SHELF SYNTH BLEND ready for instant dispatch. Double vacuum sealed, professional MBB stealth. 99% delivery rate across USA.",1.614003 BTC,USA,USA,4.72/5,
nawlinsEU,Drugs/Psychedelics/2C,Verified 100x 2C-B PURE Lab Grade 28mg capsules [Purity Tested],We are back on NightMarket offering our verified 100x 2C-B PURE Lab Grade 28mg capsules. Guaranteed top tier quality and stealth packaging. Contact via PGP for bulk orders.,1.529056 BTC,USA,USA,4.86/5,
nawlinsEU,Drugs/Cannabis/Synthetics,15g You should smoke this shit - like they do in the future! TOP SHELF SYNTH BLEND,We are back on NightMarket offering our verified 15g You should smoke this shit - like they do in the future! TOP SHELF SYNTH BLEND. Guaranteed high grade quality and stealth packaging. Contact via PGP for bulk orders.,0.135187 BTC,USA,USA,5.00/5,
nawlinsEU,Drugs/Cannabis/Synthetics,1g JWH-018 - they don't make 'em like this anymore! [Tracked],"Welcome to our official NightMarket shop! 1g JWH-018 - they don't make 'em like this anymore! ready for instant dispatch. Double vacuum sealed, professional MBB stealth. 99% delivery rate across worldwide.",0.058030 BTC,USA,Worldwide,5.00/5,
nawlinsEU,Drugs/Benzos,5000x 1mg alprazolam capsules ships DAILY from within USA! [Worldwide Stealth],High purity 5000x 1mg alprazolam capsules ships DAILY from within USA! at competitive market prices. Fully tested batch. Customer satisfaction is our top priority.,4.432225 BTC,USA,USA,4.96/5,
nawlinsEU,Drugs/Cannabis/Synthetics,10g JWH-018 - they don't make 'em like this anymore! [24/7 Auto Dispatch],We are back on NightMarket offering our verified 10g JWH-018 - they don't make 'em like this anymore!. Guaranteed lab tested quality and stealth packaging. Contact via PGP for bulk orders.,0.400674 BTC,USA,Worldwide,4.83/5,
nawlinsEU,Drugs/Psychedelics/2C,2C-B PURE Lab Grade BIG BOYS! 40mg capsules,"Welcome to our official NightMarket shop! 2C-B PURE Lab Grade BIG BOYS! 40mg capsules ready for instant dispatch. Double vacuum sealed, professional MBB stealth. 99% delivery rate across worldwide.",0.022329 BTC,USA,Worldwide,5.00/5,
nawlinsEU,Drugs/Cannabis/Synthetics,Verified 5g You should smoke this shit - like they do in the future! TOP SHELF SYNTH BLEND,"Premium 5g You should smoke this shit - like they do in the future! TOP SHELF SYNTH BLEND sourced directly from verified labs. Fast, reliable service. Please include your PGP encrypted address when ordering.",0.055862 BTC,USA,USA,4.87/5,
nawlinsEU,Drugs/Benzos,Ultra Clean SALE! 10x 1.5mg alprazolam tablets ships DAILY from within USA!,High purity SALE! 10x 1.5mg alprazolam tablets ships DAILY from within USA! at competitive market prices. Fully tested batch. Customer satisfaction is our top priority.,0.016971 BTC,USA,USA,4.67/5,
nawlinsEU,Drugs/Prescription,Ultra Clean STRONG fentanyl nasal spray - Up the nose there it goes [Worldwide Stealth],We are back on NightMarket offering our verified STRONG fentanyl nasal spray - Up the nose  there it goes. Guaranteed high grade quality and stealth packaging. Contact via PGP for bulk orders.,0.164324 BTC,USA,USA,5.00/5,
nawlinsEU,Drugs/Opioids,Custom Fentanyl nasal spray - Up the nose there it goes - STRONG,High purity Fentanyl nasal spray - Up the nose  there it goes - STRONG at competitive market prices. Fully tested batch. Customer satisfaction is our top priority.,0.223568 BTC,USA,USA,4.89/5,
nawlinsEU,Drugs/Psychedelics/2C,Custom 2C-B PURE Lab Grade 28mg capsules,"Premium 2C-B PURE Lab Grade 28mg capsules sourced directly from verified labs. Fast, reliable service. Please include your PGP encrypted address when ordering.",0.013103 BTC,USA,USA,5.00/5,
nawlinsEU,Drugs/Stimulants/Speed,Verified 1g LEGENDARY MDPV SHIPS DAILY FROM USA!,"Premium 1g LEGENDARY MDPV SHIPS DAILY FROM USA! sourced directly from verified labs. Fast, reliable service. Please include your PGP encrypted address when ordering.",0.061613 BTC,USA,Worldwide,4.77/5,
nawlinsEU,Drugs/Cannabis/Synthetics,Verified 1g JWH-073 - that MAGIC sparkle,1g JWH-073 - that MAGIC sparkle available now. All orders dispatched within 24 hours of payment confirmation. Domestic and international stealth available.,0.050912 BTC,USA,Worldwide,4.94/5,
nawlinsEU,Drugs/Benzos,50x 1.5mg alprazolam tablets ships DAILY from within USA! [Tracked],"Welcome to our official NightMarket shop! 50x 1.5mg alprazolam tablets ships DAILY from within USA! ready for instant dispatch. Double vacuum sealed, professional MBB stealth. 99% delivery rate across USA.",0.113682 BTC,USA,USA,4.97/5,
nawlinsEU,Drugs/Cannabis/Synthetics,Direct Source 5g OMG I'M SO FUCKING STONED - 4% JWH-018 Smoking Blend - Bestseller,5g OMG I'M SO FUCKING STONED - 4% JWH-018 Smoking Blend - Bestseller available now. All orders dispatched within 24 hours of payment confirmation. Domestic and international stealth available.,0.046344 BTC,USA,Worldwide,4.88/5,
Double-Helix,Drugs/Psychedelics/Other,Syrian Rue Extract (Capsule),High purity Syrian Rue Extract (Capsule) at competitive market prices. Fully tested batch. Customer satisfaction is our top priority.,0.017502 BTC,UK,UK and EU,5.00/5,
Double-Helix,Drugs/Psychedelics/DMT,Direct Source 500mg High Quality DMT,High purity 500mg High Quality DMT at competitive market prices. Fully tested batch. Customer satisfaction is our top priority.,0.143567 BTC,UK,UK and EU,4.90/5,
Double-Helix,Drugs/Psychedelics/DMT,250mg High Quality DMT,We are back on NightMarket offering our verified 250mg High Quality DMT. Guaranteed 99% quality and stealth packaging. Contact via PGP for bulk orders.,0.095982 BTC,UK,UK and EU,5.00/5,
Double-Helix,Drugs/Psychedelics/Mushrooms,Exclusive 3.5g Magic Mushrooms (Ecuador),"Premium 3.5g Magic Mushrooms (Ecuador) sourced directly from verified labs. Fast, reliable service. Please include your PGP encrypted address when ordering.",960.213230 BTC,UK,UK and EU,5.00/5,
Double-Helix,Drugs/Psychedelics/Mushrooms,3.5g Magic Mushrooms (Albino) [Purity Tested],"Premium 3.5g Magic Mushrooms (Albino) sourced directly from verified labs. Fast, reliable service. Please include your PGP encrypted address when ordering.",0.090006 BTC,UK,UK and EU,5.00/5,
Double-Helix,Drugs/Psychedelics/DMT,1g DMT Fumarate,"Welcome to our official NightMarket shop! 1g DMT Fumarate ready for instant dispatch. Double vacuum sealed, professional MBB stealth. 99% delivery rate across UK and EU.",0.136723 BTC,UK,UK and EU,5.00/5,
Double-Helix,Drugs/Dissociatives/GHB,100g High Quality GHB [Escrow Ready],"Premium 100g High Quality GHB sourced directly from verified labs. Fast, reliable service. Please include your PGP encrypted address when ordering.",0.385508 BTC,UK,UK and EU,5.00/5,
Double-Helix,Drugs/Dissociatives/GHB,HQ 50g High Quality GHB [Purity Tested],"Premium 50g High Quality GHB sourced directly from verified labs. Fast, reliable service. Please include your PGP encrypted address when ordering.",0.200196 BTC,UK,UK and EU,5.00/5,
Double-Helix,Drugs/Dissociatives/GHB,25g High Quality GHB,High purity 25g High Quality GHB at competitive market prices. Fully tested batch. Customer satisfaction is our top priority.,0.141972 BTC,UK,UK and EU,5.00/5,
Double-Helix,Drugs/Psychedelics/DMT,1g High Quality DMT,1g High Quality DMT available now. All orders dispatched within 24 hours of payment confirmation. Domestic and international stealth available.,0.317490 BTC,UK,UK and EU,5.00/5,
Contingency_88,Drugs/Prescription,Remeron (mirtazapine) --- custom listing for r*...*r,We are back on NightMarket offering our verified Remeron (mirtazapine) --- custom listing for r*...*r. Guaranteed premium quality and stealth packaging. Contact via PGP for bulk orders.,0.005006 BTC,USA,Worldwide,4.86/5,
Contingency_88,Services/Other,[Tor website] Design your own -- Standard hosting,"Welcome to our official NightMarket shop! [Tor website] Design your own -- Standard hosting ready for instant dispatch. Double vacuum sealed, professional MBB stealth. 99% delivery rate across '.Onion'land.",0.046339 BTC,USA,'.Onion'land,4.96/5,
Contingency_88,Data/Accounts,Custom IPTorrents.com invite,IPTorrents.com invite available now. All orders dispatched within 24 hours of payment confirmation. Domestic and international stealth available.,0.065003 BTC,Internet,Worldwide,4.78/5,
Contingency_88,Services/Other,[1 month] Clearnet Redirect [xxx].torhost.net to your .onion + Google advertising,"Premium [1 month] Clearnet Redirect [xxx].torhost.net to your .onion + Google advertising sourced directly from verified labs. Fast, reliable service. Please include your PGP encrypted address when ordering.",0.008984 BTC,Internet,Torland,4.78/5,
Contingency_88,Services/Other,Your Own .onion Domain + 1 month Tor hosting (no CP),"Welcome to our official NightMarket shop! Your Own .onion Domain + 1 month Tor hosting (no CP) ready for instant dispatch. Double vacuum sealed, professional MBB stealth. 99% delivery rate across Torland.",0.032298 BTC,Internet,Torland,5.00/5,
Contingency_88,Data/Accounts,Your Own .onion Domain + 1 month Tor hosting (no CP) + EXTRA SECURITY [Purity Tested],"Welcome to our official NightMarket shop! Your Own .onion Domain + 1 month Tor hosting (no CP) + EXTRA SECURITY ready for instant dispatch. Double vacuum sealed, professional MBB stealth. 99% delivery rate across Torland.",0.050036 BTC,Internet,Torland,4.76/5,
Contingency_88,Data/Accounts,Verified FunFile.org invite,"Premium FunFile.org invite sourced directly from verified labs. Fast, reliable service. Please include your PGP encrypted address when ordering.",0.081207 BTC,Internet,Torland,4.80/5,
Contingency_88,Services/Other,[Tor website] Design your own -- SSH access [Escrow Ready],"Welcome to our official NightMarket shop! [Tor website] Design your own -- SSH access ready for instant dispatch. Double vacuum sealed, professional MBB stealth. 99% delivery rate across '.Onion'land.",0.043279 BTC,World,'.Onion'land,4.73/5,
Cannaseed-88,Drugs/Cannabis/Seeds,5 x Auto Seeds Fast Growing Ready In 3 Months (Lowryder2 + Hindu Kush Mix) [Escrow Ready],We are back on NightMarket offering our verified 5 x Auto Seeds Fast Growing Ready In 3 Months (Lowryder2 + Hindu Kush Mix). Guaranteed top tier quality and stealth packaging. Contact via PGP for bulk orders.,0.087570 BTC,EU,Worldwide,5.00/5,
Cannaseed-88,Drugs/Cannabis/Seeds,Hindu Kush + Lowryder 5x Auto Flowering Feminized Seeds Fast Turbo Weed Harvest After 3 Months,"Welcome to our official NightMarket shop! Hindu Kush + Lowryder 5x Auto Flowering Feminized Seeds Fast Turbo Weed Harvest After 3 Months ready for instant dispatch. Double vacuum sealed, professional MBB stealth. 99% delivery rate across worldwide.",0.089473 BTC,EU,Worldwide,4.95/5,
Cannaseed-88,Drugs/Cannabis/Seeds,HQ 5 Auto Flowering Feminized Seeds (Hindu Kush + Lowryder2) [Original Batch],5 Auto Flowering Feminized Seeds (Hindu Kush + Lowryder2) available now. All orders dispatched within 24 hours of payment confirmation. Domestic and international stealth available.,0.097236 BTC,EU,Worldwide,4.74/5,
Cannaseed-88,Drugs/Cannabis/Seeds,Custom 5 Auto flowering seeds (Hindu kush + Lowryder2),We are back on NightMarket offering our verified 5 Auto flowering seeds (Hindu kush + Lowryder2). Guaranteed lab tested quality and stealth packaging. Contact via PGP for bulk orders.,0.079843 BTC,EU,Worldwide,4.78/5,
Cannaseed-88,Drugs/Cannabis/Weed,2 Grams of Lemon Haze Buds [Tracked],We are back on NightMarket offering our verified 2 Grams of Lemon Haze Buds. Guaranteed lab tested quality and stealth packaging. Contact via PGP for bulk orders.,0.113312 BTC,EU,European Union,4.83/5,
Cannaseed-88,Drugs/Cannabis/Seeds,5 Autoflowering Cannabis Seeds Fast Growing Ready In 3 Months!,We are back on NightMarket offering our verified 5 Autoflowering Cannabis Seeds Fast Growing Ready In 3 Months!. Guaranteed high grade quality and stealth packaging. Contact via PGP for bulk orders.,0.102052 BTC,EU,Worldwide,4.73/5,
Cannaseed-88,Drugs/Cannabis/Seeds,100% Pure 5 Auto Flowering Cannabis Seeds FASTEST Growing Ready In Just 3 Months!,5 Auto Flowering Cannabis Seeds FASTEST Growing  Ready In Just 3 Months! available now. All orders dispatched within 24 hours of payment confirmation. Domestic and international stealth available.,0.089500 BTC,EU,Worldwide,4.92/5,
AusseiQuantomics,Drugs/Prescription,10 x Xanax (2mg),"Welcome to our official NightMarket shop! 10 x Xanax (2mg) ready for instant dispatch. Double vacuum sealed, professional MBB stealth. 99% delivery rate across Australia.",0.142669 BTC,Australia,Australia,4.99/5,
AusseiQuantomics,Drugs/Cannabis/Hash,1g HQ Hash (HIGH THC) [Escrow Ready],"Welcome to our official NightMarket shop! 1g HQ Hash (HIGH THC) ready for instant dispatch. Double vacuum sealed, professional MBB stealth. 99% delivery rate across Australia.",0.135033 BTC,Australia,Australia,5.00/5,
AusseiQuantomics,Drugs/Psychedelics/NB,Exclusive 50 x 25B NBOMe Blotters [Original Batch],High purity 50  x 25B NBOMe Blotters at competitive market prices. Fully tested batch. Customer satisfaction is our top priority.,0.259814 BTC,Australia,Australia,5.00/5,
AusseiQuantomics,Drugs/Prescription,Ultra Clean 25 x Xanax (2mg) [Escrow Ready],25 x Xanax (2mg) available now. All orders dispatched within 24 hours of payment confirmation. Domestic and international stealth available.,0.305449 BTC,Australia,Australia,5.00/5,
AusseiQuantomics,Drugs/Ecstasy/MDMA,High Quality 10 x bk-MDMA Caps (125mg),10 x bk-MDMA Caps (125mg) available now. All orders dispatched within 24 hours of payment confirmation. Domestic and international stealth available.,0.461883 BTC,Australia,Worldwide,4.77/5,
AusseiQuantomics,Drugs/Psychedelics/NB,250 x 25B NBOMe Blotters [Worldwide Stealth],High purity 250 x 25B NBOMe Blotters at competitive market prices. Fully tested batch. Customer satisfaction is our top priority.,1.285043 BTC,Australia,Worldwide,4.92/5,
AusseiQuantomics,Drugs/Psychedelics/NB,1000 x 25B NBOMe Blotters,High purity 1000 x 25B NBOMe Blotters at competitive market prices. Fully tested batch. Customer satisfaction is our top priority.,3.510196 BTC,Australia,Worldwide,4.78/5,
AusseiQuantomics,Drugs/Ecstasy/MDMA,Custom 1 x bk-MDMA Cap (125mg),We are back on NightMarket offering our verified 1 x bk-MDMA Cap (125mg). Guaranteed 99% quality and stealth packaging. Contact via PGP for bulk orders.,0.057712 BTC,Australia,Worldwide,4.77/5,
fatfre,Services/Hacking,Host your botnet irc serve 1 year [Purity Tested],"Premium Host your botnet irc serve 1 year sourced directly from verified labs. Fast, reliable service. Please include your PGP encrypted address when ordering.",0.361182 BTC,Torland,Worldwide,4.79/5,
fatfre,Services/Hacking,RDP Software Scanner for windows,RDP Software Scanner for windows available now. All orders dispatched within 24 hours of payment confirmation. Domestic and international stealth available.,0.067643 BTC,Internet,Worldwide,4.91/5,
fatfre,Services/Money,100% Pure 1 Paypal Acount with $10 000 USD Balance,High purity 1 Paypal Acount with $10 000 USD Balance at competitive market prices. Fully tested batch. Customer satisfaction is our top priority.,2.311028 BTC,USA,Worldwide,4.89/5,
fatfre,Drugs/Benzos,100 x 2.5mg Xanax Blotter Tabs Alprozolam FREE SHIPPING,100 x 2.5mg Xanax Blotter Tabs Alprozolam FREE SHIPPING available now. All orders dispatched within 24 hours of payment confirmation. Domestic and international stealth available.,0.749488 BTC,USA,Worldwide,4.95/5,
fatfre,Services/Hacking,FUD CRYPT YOUR RAT / TOJAN 10^,"Welcome to our official NightMarket shop! FUD CRYPT YOUR RAT / TOJAN 10^ ready for instant dispatch. Double vacuum sealed, professional MBB stealth. 99% delivery rate across WorldWide.",0.021468 BTC,USA,WorldWide,4.86/5,
fatfre,Drugs/Dissociatives/MXE,Exclusive MXE E-Liquid 100mg bottle [Purity Tested],"Welcome to our official NightMarket shop! MXE E-Liquid 100mg bottle ready for instant dispatch. Double vacuum sealed, professional MBB stealth. 99% delivery rate across worldwide.",0.073355 BTC,USA,Worldwide,4.73/5,
fatfre,Drugs/Benzos,Ten 2.5mg Xanax Blotter Tabs Alprozolam FREE SHIPPING [Fast Shipping],Ten 2.5mg Xanax Blotter Tabs Alprozolam FREE SHIPPING available now. All orders dispatched within 24 hours of payment confirmation. Domestic and international stealth available.,0.080019 BTC,USA,Worldwide,4.78/5,
fatfre,Services/Money,11x CC's with full info and CVV from Canada and USA,11x CC's with full info and CVV from Canada and USA available now. All orders dispatched within 24 hours of payment confirmation. Domestic and international stealth available.,0.165276 BTC,USA,Worldwide,4.99/5,
fatfre,Services/Hacking,Custom Hacked RDP Server US/Any Country [Escrow Ready],We are back on NightMarket offering our verified Hacked RDP Server US/Any Country. Guaranteed premium quality and stealth packaging. Contact via PGP for bulk orders.,0.010532 BTC,Internet,WorldWide,5.00/5,
fatfre,Services/Hacking,Linux root scanning tool (private),"Premium Linux root scanning tool (private) sourced directly from verified labs. Fast, reliable service. Please include your PGP encrypted address when ordering.",0.121983 BTC,USA,Worldwide,4.93/5,
fatfre,Data/Pirated,Top Grade Microsoft Office 2013,"Premium Microsoft Office 2013 sourced directly from verified labs. Fast, reliable service. Please include your PGP encrypted address when ordering.",0.028905 BTC,Torland,Worldwide,4.84/5,
5588,Drugs/Ecstasy/MDMA,Custom 28 gram grams one OZ Premium top notch MDMA ♥ Best on Agora ♥ FE Special,We are back on NightMarket offering our verified 28 gram grams one OZ Premium top notch MDMA ♥ Best on Agora ♥ FE Special. Guaranteed high grade quality and stealth packaging. Contact via PGP for bulk orders.,1.579262 BTC,USA,USA,4.81/5,
5588,Drugs/Ecstasy/MDMA,Direct Source 28 gram grams one OZ Premium top notch MDMA ♥ Best on Agora ♥ ♥ ♥ ♥ ♥ ♥,"Welcome to our official NightMarket shop! 28 gram grams one OZ Premium top notch MDMA ♥ Best on Agora ♥ ♥ ♥ ♥ ♥ ♥ ready for instant dispatch. Double vacuum sealed, professional MBB stealth. 99% delivery rate across USA.",3.637249 BTC,USA,USA,5.00/5,
5588,Services/Money,100% Pure 1x Australlian CC Credit Debit Mastercard Visa Amex,"Welcome to our official NightMarket shop! 1x Australlian CC Credit Debit  Mastercard Visa Amex ready for instant dispatch. Double vacuum sealed, professional MBB stealth. 99% delivery rate across worldwide.",0.102734 BTC,USA,Worldwide,4.99/5,
5588,Drugs/Ecstasy/MDMA,5 Blue ghost MDMA XTC Molly,5 Blue ghost MDMA XTC Molly available now. All orders dispatched within 24 hours of payment confirmation. Domestic and international stealth available.,0.097362 BTC,USA,Worldwide,4.97/5,
Swis_sShop,Drugs/Cannabis/Weed,Swiss Indoor Weed 5g [24/7 Auto Dispatch],High purity Swiss Indoor Weed 5g at competitive market prices. Fully tested batch. Customer satisfaction is our top priority.,0.139900 BTC,Switzerland,Swiss and EU,4.82/5,
Swis_sShop,Drugs/Cannabis/Weed,Swiss Indoor Weed 250g,High purity Swiss Indoor Weed 250g at competitive market prices. Fully tested batch. Customer satisfaction is our top priority.,4.470928 BTC,Switzerland,Swiss and EU,4.88/5,
Swis_sShop,Drugs/Ecstasy/MDMA,10g Mdma 84%,"Premium 10g Mdma 84% sourced directly from verified labs. Fast, reliable service. Please include your PGP encrypted address when ordering.",1.254921 BTC,Switzerland,Swiss and EU,4.96/5,
Swis_sShop,Drugs/Stimulants/Speed,50g HQ Dutch Speed paste [24/7 Auto Dispatch],"Premium 50g HQ Dutch Speed paste sourced directly from verified labs. Fast, reliable service. Please include your PGP encrypted address when ordering.",1.121756 BTC,Switzerland,Swiss and EU,5.00/5,
Swis_sShop,Drugs/Stimulants/Cocaine,Reines Kolumbanisches Koks 5g [Fast Shipping],We are back on NightMarket offering our verified Reines Kolumbanisches Koks 5g. Guaranteed 99% quality and stealth packaging. Contact via PGP for bulk orders.,1.587231 BTC,Switzerland,Swiss and EU,5.00/5,
Swis_sShop,Drugs/Ecstasy/Pills,50 Pillen 140mg Mdma,High purity 50 Pillen 140mg Mdma at competitive market prices. Fully tested batch. Customer satisfaction is our top priority.,1.017560 BTC,Switzerland,Worldwide,4.97/5,
Swis_sShop,Drugs/Stimulants/Cocaine,1g kolumbianisches Koks,"Premium 1g kolumbianisches Koks sourced directly from verified labs. Fast, reliable service. Please include your PGP encrypted address when ordering.",0.303731 BTC,Switzerland,Swiss and EU,4.78/5,
Swis_sShop,Drugs/Stimulants/Meth,Exclusive 10g Sauberes Crystal Meth,High purity 10g Sauberes Crystal Meth at competitive market prices. Fully tested batch. Customer satisfaction is our top priority.,2.958685 BTC,Switzerland,Swiss and EU,4.97/5,
Swis_sShop,Drugs/Stimulants/Cocaine,Reines Kolumbanisches Koks 10g [24/7 Auto Dispatch],High purity Reines Kolumbanisches Koks 10g at competitive market prices. Fully tested batch. Customer satisfaction is our top priority.,2.819745 BTC,Switzerland,Swiss and EU,4.82/5,
Swis_sShop,Drugs/Stimulants/Speed,HQ 100g HQ Dutch Speed paste [24/7 Auto Dispatch],High purity 100g HQ Dutch Speed paste at competitive market prices. Fully tested batch. Customer satisfaction is our top priority.,1.763026 BTC,Switzerland,Swiss and EU,4.76/5,
Swis_sShop,Drugs/Cannabis/Weed,Verified Swiss Indoor Weed 25g [Purity Tested],"Welcome to our official NightMarket shop! Swiss Indoor Weed 25g ready for instant dispatch. Double vacuum sealed, professional MBB stealth. 99% delivery rate across Swiss and EU.",0.800833 BTC,Switzerland,Swiss and EU,5.00/5,
Swis_sShop,Drugs/Stimulants/Speed,10g HQ Dutch Speed paste,We are back on NightMarket offering our verified 10g HQ Dutch Speed paste. Guaranteed top tier quality and stealth packaging. Contact via PGP for bulk orders.,0.361169 BTC,Switzerland,Swiss and EU,4.74/5,
Swis_sShop,Drugs/Stimulants/Meth,5g Sauberes Crystal Meth [Tracked],"Premium 5g Sauberes Crystal Meth sourced directly from verified labs. Fast, reliable service. Please include your PGP encrypted address when ordering.",2.109850 BTC,Switzerland,Swiss and EU,4.82/5,
Swis_sShop,Drugs/Cannabis/Weed,100% Pure Swiss Indoor Weed 10g [Worldwide Stealth],"Welcome to our official NightMarket shop! Swiss Indoor Weed 10g ready for instant dispatch. Double vacuum sealed, professional MBB stealth. 99% delivery rate across worldwide.",0.410651 BTC,Switzerland,Worldwide,4.99/5,
Swis_sShop,Drugs/Stimulants/Cocaine,Reines Kolumbanisches Koks 1g [Original Batch],"Welcome to our official NightMarket shop! Reines Kolumbanisches Koks 1g ready for instant dispatch. Double vacuum sealed, professional MBB stealth. 99% delivery rate across Swiss and EU.",0.269180 BTC,Switzerland,Swiss and EU,4.83/5,
Swis_sShop,Drugs/Cannabis/Hash,Verified 10g Hash 666,"Premium 10g Hash 666 sourced directly from verified labs. Fast, reliable service. Please include your PGP encrypted address when ordering.",0.482352 BTC,Switzerland,Swiss and EU,5.00/5,
Swis_sShop,Drugs/Stimulants/Meth,1g Sauberes Crystal Meth,1g Sauberes Crystal Meth available now. All orders dispatched within 24 hours of payment confirmation. Domestic and international stealth available.,0.398441 BTC,Switzerland,Swiss and EU,4.92/5,
Swis_sShop,Drugs/Cannabis/Hash,5g Hash 666,High purity 5g Hash 666 at competitive market prices. Fully tested batch. Customer satisfaction is our top priority.,0.222601 BTC,Switzerland,Worldwide,4.99/5,
Swis_sShop,Drugs/Cannabis/Weed,Verified Swiss Indoor Weed 500g,Swiss Indoor Weed 500g available now. All orders dispatched within 24 hours of payment confirmation. Domestic and international stealth available.,11.031598 BTC,Switzerland,Swiss and EU,4.68/5,
Swis_sShop,Drugs/Ecstasy/Pills,Exclusive 100 Pillen 140mg,"Welcome to our official NightMarket shop! 100 Pillen 140mg ready for instant dispatch. Double vacuum sealed, professional MBB stealth. 99% delivery rate across Swiss and EU.",1.918778 BTC,Switzerland,Swiss and EU,5.00/5,
WestCoastWellness-807,Drugs/Cannabis/Weed,HQ Order for infamousjj,"Welcome to our official NightMarket shop! Order for infamousjj ready for instant dispatch. Double vacuum sealed, professional MBB stealth. 99% delivery rate across worldwide.",22.456440 BTC,USA,Worldwide,4.88/5,
WestCoastWellness-807,Drugs/Cannabis/Weed,Premium 1/2lb (224g) -->See Strain List<-- Grade A. Indoor Organic,We are back on NightMarket offering our verified 1/2lb (224g) -->See Strain List<-- Grade A. Indoor Organic. Guaranteed high grade quality and stealth packaging. Contact via PGP for bulk orders.,3.243414 BTC,USA,USA,4.78/5,
WestCoastWellness-807,Drugs/Cannabis/Weed,1/4lb (112g) -->See Strain List<-- Grade A. Indoor Organic,"Welcome to our official NightMarket shop! 1/4lb (112g)  -->See Strain List<-- Grade A. Indoor Organic ready for instant dispatch. Double vacuum sealed, professional MBB stealth. 99% delivery rate across USA.",1.921873 BTC,USA,USA,4.92/5,
WestCoastWellness-807,Drugs/Cannabis/Concentrates,14g King Kush Wax,14g King Kush Wax available now. All orders dispatched within 24 hours of payment confirmation. Domestic and international stealth available.,0.730194 BTC,USA,USA,5.00/5,
WestCoastWellness-807,Drugs/Cannabis/Weed,Custom $1200 1/2lb (224g) -->ATF<-- Grade A. Indoor Organic [Original Batch],$1200 1/2lb (224g) -->ATF<-- Grade A. Indoor Organic available now. All orders dispatched within 24 hours of payment confirmation. Domestic and international stealth available.,4.443953 BTC,USA,Worldwide,4.66/5,
WestCoastWellness-807,Drugs/Cannabis/Concentrates,7g King Kush Wax [Fast Shipping],"Welcome to our official NightMarket shop! 7g King Kush Wax ready for instant dispatch. Double vacuum sealed, professional MBB stealth. 99% delivery rate across worldwide.",0.510247 BTC,USA,Worldwide,4.87/5,
WestCoastWellness-807,Drugs/Cannabis/Weed,High Quality Order for shannyb,High purity Order for shannyb at competitive market prices. Fully tested batch. Customer satisfaction is our top priority.,3.719120 BTC,USA,Worldwide,4.76/5,
WestCoastWellness-807,Drugs/Cannabis/Concentrates,*Grand Opening Sale* 7g King Kush Crumble [Worldwide Stealth],"Premium *Grand Opening Sale* 7g King Kush Crumble sourced directly from verified labs. Fast, reliable service. Please include your PGP encrypted address when ordering.",0.502650 BTC,USA,Worldwide,4.99/5,
WestCoastWellness-807,Drugs/Cannabis/Concentrates,28g King Kush Wax [Worldwide Stealth],High purity 28g King Kush Wax at competitive market prices. Fully tested batch. Customer satisfaction is our top priority.,1.809504 BTC,USA,Worldwide,5.00/5,
WestCoastWellness-807,Drugs/Cannabis/Weed,$700 1/4lb (112g) -->See Strain List<-- Grade A. Indoor Organic,We are back on NightMarket offering our verified $700 1/4lb (112g)  -->See Strain List<-- Grade A. Indoor Organic. Guaranteed lab tested quality and stealth packaging. Contact via PGP for bulk orders.,2.298424 BTC,USA,USA,4.63/5,
WestCoastWellness-807,Drugs/Cannabis/Weed,$1300 1/2lb (224g) -->ATF<-- Grade A. Indoor Organic,"Welcome to our official NightMarket shop! $1300 1/2lb (224g) -->ATF<-- Grade A. Indoor Organic ready for instant dispatch. Double vacuum sealed, professional MBB stealth. 99% delivery rate across worldwide.",5.033934 BTC,USA,Worldwide,4.88/5,
WestCoastWellness-807,Drugs/Cannabis/Weed,$650 1/4lb (112g) -->See Strain List<-- Grade A. Indoor Organic,"Welcome to our official NightMarket shop! $650 1/4lb (112g)  -->See Strain List<-- Grade A. Indoor Organic ready for instant dispatch. Double vacuum sealed, professional MBB stealth. 99% delivery rate across USA.",2.765460 BTC,USA,USA,4.90/5,
WestCoastWellness-807,Drugs/Cannabis/Weed,HQ $1150 1/2lb (224g) -->See Strain List<-- Grade A. Indoor Organic,High purity $1150 1/2lb (224g) -->See Strain List<-- Grade A. Indoor Organic at competitive market prices. Fully tested batch. Customer satisfaction is our top priority.,2.217096 BTC,USA,USA,4.55/5,
WestCoastWellness-807,Drugs/Cannabis/Weed,*Grand Opening Sale* 28g -->See Strain List<-- Grade A. Indoor Organic,*Grand Opening Sale* 28g -->See Strain List<-- Grade A. Indoor Organic available now. All orders dispatched within 24 hours of payment confirmation. Domestic and international stealth available.,0.463799 BTC,USA,Worldwide,4.87/5,
WestCoastWellness-807,Drugs/Cannabis/Concentrates,1/4lb (112g) King Kush Wax,"Premium 1/4lb (112g)  King Kush Wax sourced directly from verified labs. Fast, reliable service. Please include your PGP encrypted address when ordering.",5.478138 BTC,USA,Worldwide,5.00/5,
WestCoastWellness-807,Drugs/Cannabis/Weed,2 lbs (896g) -->See Strain List<-- Grade A. Indoor Organic,"Welcome to our official NightMarket shop! 2 lbs (896g) -->See Strain List<-- Grade A. Indoor Organic ready for instant dispatch. Double vacuum sealed, professional MBB stealth. 99% delivery rate across USA.",6.504542 BTC,USA,USA,5.00/5,
WestCoastWellness-807,Drugs/Cannabis/Weed,*Grand Opening Sale* 7g -->See Strain List<-- Grade A. Indoor Organic,"Premium *Grand Opening Sale* 7g -->See Strain List<-- Grade A. Indoor Organic sourced directly from verified labs. Fast, reliable service. Please include your PGP encrypted address when ordering.",0.170340 BTC,USA,Worldwide,5.00/5,
WestCoastWellness-807,Drugs/Cannabis/Weed,High Quality 2 lb (896g) -->See Strain List<-- Grade A. Indoor Organic,"Welcome to our official NightMarket shop! 2 lb (896g)  -->See Strain List<-- Grade A. Indoor Organic ready for instant dispatch. Double vacuum sealed, professional MBB stealth. 99% delivery rate across USA.",9.537440 BTC,USA,USA,5.00/5,
WestCoastWellness-807,Drugs/Cannabis/Weed,1lb (448g) -->See Strain List<-- Grade A. Indoor Organic,"Premium 1lb (448g) -->See Strain List<-- Grade A. Indoor Organic sourced directly from verified labs. Fast, reliable service. Please include your PGP encrypted address when ordering.",4.311686 BTC,USA,USA,5.00/5,
RepAAA,Counterfeits/Watches,Verified Breitling - Superocean 42 Yellow / Rubber Strap [Ultimate AAA+],Breitling - Superocean 42 Yellow / Rubber Strap [Ultimate AAA+] available now. All orders dispatched within 24 hours of payment confirmation. Domestic and international stealth available.,0.841891 BTC,HongKong,Worldwide,4.84/5,
RepAAA,Counterfeits/Watches,High Quality Audemars Piguet - Royal Oak Offshore Don Ramon de la Cruz [Ultimate AAA+] [24/7 Auto Dispatch],"Premium Audemars Piguet - Royal Oak Offshore Don Ramon de la Cruz [Ultimate AAA+] sourced directly from verified labs. Fast, reliable service. Please include your PGP encrypted address when ordering.",2.967387 BTC,HongKong,Worldwide,5.00/5,
RepAAA,Counterfeits/Watches,Hublot - Big Bang Red Magic Vendome Carbon Fiber [Ultimate AAA+] [Worldwide Stealth],Hublot - Big Bang Red Magic Vendome Carbon Fiber [Ultimate AAA+] available now. All orders dispatched within 24 hours of payment confirmation. Domestic and international stealth available.,2.697147 BTC,HongKong,Worldwide,4.87/5,
RepAAA,Counterfeits/Watches,Ultra Clean Breitling - Navitimer Leather Strap [AAA+],High purity Breitling - Navitimer Leather Strap [AAA+] at competitive market prices. Fully tested batch. Customer satisfaction is our top priority.,1.118497 BTC,HongKong,Worldwide,4.98/5,
RepAAA,Counterfeits/Watches,IWC - Portuguese Chronograph RG Silver Dial [AAA+],IWC - Portuguese Chronograph RG Silver Dial [AAA+] available now. All orders dispatched within 24 hours of payment confirmation. Domestic and international stealth available.,1.197438 BTC,HongKong,Worldwide,4.91/5,
RepAAA,Counterfeits/Watches,Chanel - Jewelry Watch J4282 RG [Replica],Chanel - Jewelry Watch J4282 RG [Replica] available now. All orders dispatched within 24 hours of payment confirmation. Domestic and international stealth available.,0.558510 BTC,HongKong,Worldwide,5.00/5,
RepAAA,Counterfeits/Watches,Direct Source Jaeger-LeCoultre - Master Control RG ETA [AAA+],Jaeger-LeCoultre - Master Control RG ETA [AAA+] available now. All orders dispatched within 24 hours of payment confirmation. Domestic and international stealth available.,0.941749 BTC,HongKong,Worldwide,4.83/5,
RepAAA,Counterfeits/Watches,Richard Mille - Tourbillon RM 052 Skull [AAA+],We are back on NightMarket offering our verified Richard Mille - Tourbillon RM 052 Skull [AAA+]. Guaranteed high grade quality and stealth packaging. Contact via PGP for bulk orders.,1.702057 BTC,HongKong,Worldwide,4.99/5,
RepAAA,Counterfeits/Watches,Ultra Clean Panerai - Radiomir GMT Skeleton [Replica],Panerai - Radiomir GMT Skeleton [Replica] available now. All orders dispatched within 24 hours of payment confirmation. Domestic and international stealth available.,0.314422 BTC,HongKong,Worldwide,5.00/5,
RepAAA,Counterfeits/Watches,Rolex - Submariner 2Tone YG/SS Blue ETA [AAA+] [Worldwide Stealth],"Premium Rolex - Submariner 2Tone YG/SS Blue ETA [AAA+] sourced directly from verified labs. Fast, reliable service. Please include your PGP encrypted address when ordering.",0.985698 BTC,HongKong,Worldwide,4.99/5,
RepAAA,Counterfeits/Watches,Rolex - Submariner 2Tone YG/SS Blue Vintage ETA [AAA+],Rolex - Submariner 2Tone YG/SS Blue Vintage ETA [AAA+] available now. All orders dispatched within 24 hours of payment confirmation. Domestic and international stealth available.,0.893844 BTC,HongKong,Worldwide,4.94/5,
RepAAA,Counterfeits/Watches,Breitling - Navitimer Metal Band [AAA+],"Welcome to our official NightMarket shop! Breitling - Navitimer Metal Band [AAA+] ready for instant dispatch. Double vacuum sealed, professional MBB stealth. 99% delivery rate across Worldwide.",0.563815 BTC,HongKong,Worldwide,5.00/5,
RepAAA,Counterfeits/Watches,Premium Rolex - Daydate II Ice Blue Dial [Replica],We are back on NightMarket offering our verified Rolex - Daydate II Ice Blue Dial [Replica]. Guaranteed 99% quality and stealth packaging. Contact via PGP for bulk orders.,0.431375 BTC,HongKong,Worldwide,5.00/5,
RepAAA,Counterfeits/Watches,Hublot - Big Bang RGold Ceramic Set [Ultimate AAA+],Hublot - Big Bang RGold Ceramic Set [Ultimate AAA+] available now. All orders dispatched within 24 hours of payment confirmation. Domestic and international stealth available.,2.190453 BTC,HongKong,Worldwide,4.85/5,
RepAAA,Counterfeits/Watches,Panerai - Radiomir Base PAM231 Rose Gold [Ultimate AAA+],"Premium Panerai - Radiomir Base PAM231 Rose Gold [Ultimate AAA+] sourced directly from verified labs. Fast, reliable service. Please include your PGP encrypted address when ordering.",1.844823 BTC,HongKong,Worldwide,4.78/5,
RepAAA,Counterfeits/Watches,Cartier - Calibre de Cartier Rose Gold Leather [AAA+] [Fast Shipping],"Premium Cartier - Calibre de Cartier Rose Gold Leather [AAA+] sourced directly from verified labs. Fast, reliable service. Please include your PGP encrypted address when ordering.",0.988238 BTC,HongKong,Worldwide,4.86/5,
RepAAA,Counterfeits/Watches,!AAA SPECIAL DEAL! Rolex - Daytona Rose Gold [AAA+] [Original Batch],We are back on NightMarket offering our verified !AAA SPECIAL DEAL! Rolex - Daytona Rose Gold [AAA+]. Guaranteed high grade quality and stealth packaging. Contact via PGP for bulk orders.,0.662052 BTC,HongKong,Worldwide,4.92/5,
RepAAA,Counterfeits/Watches,Ultra Clean IWC - Portuguese Chronograph Black [AAA+] [24/7 Auto Dispatch],IWC - Portuguese Chronograph Black [AAA+] available now. All orders dispatched within 24 hours of payment confirmation. Domestic and international stealth available.,1.265755 BTC,HongKong,Worldwide,5.00/5,
RepAAA,Counterfeits/Watches,Exclusive Rolex - Submariner Pro-Hunter ETA [AAA+],"Premium Rolex - Submariner Pro-Hunter ETA [AAA+] sourced directly from verified labs. Fast, reliable service. Please include your PGP encrypted address when ordering.",1.181124 BTC,HongKong,Worldwide,4.89/5,
RepAAA,Counterfeits/Watches,Exclusive Rolex - Datejust II SS Black Dial ETA [AAA+] [24/7 Auto Dispatch],We are back on NightMarket offering our verified Rolex - Datejust II SS Black Dial ETA [AAA+]. Guaranteed lab tested quality and stealth packaging. Contact via PGP for bulk orders.,1.143696 BTC,HongKong,Worldwide,5.00/5,
RepAAA,Counterfeits/Watches,Rolex - Milgauss Stainless Steel [AAA+] [Worldwide Stealth],We are back on NightMarket offering our verified Rolex - Milgauss Stainless Steel [AAA+]. Guaranteed premium quality and stealth packaging. Contact via PGP for bulk orders.,0.918261 BTC,HongKong,Worldwide,4.98/5,
RepAAA,Counterfeits/Watches,Audemars Piguet - Royal Oak Offshore Chronograph Blue Dial [AAA+],"Premium Audemars Piguet - Royal Oak Offshore Chronograph Blue Dial [AAA+] sourced directly from verified labs. Fast, reliable service. Please include your PGP encrypted address when ordering.",3.148474 BTC,HongKong,Worldwide,5.00/5,
RepAAA,Counterfeits/Watches,Omega - Seamaster Planet Ocean 600m Orange ETA [AAA+],"Welcome to our official NightMarket shop! Omega - Seamaster Planet Ocean 600m Orange ETA [AAA+] ready for instant dispatch. Double vacuum sealed, professional MBB stealth. 99% delivery rate across Worldwide.",1.609645 BTC,HongKong,Worldwide,5.00/5,
WizardofO,Drugs/Cannabis/Weed,Ultra Clean ***Train Wreck***AAA+Hydro***7 Grams***,"Premium ***Train Wreck***AAA+Hydro***7 Grams*** sourced directly from verified labs. Fast, reliable service. Please include your PGP encrypted address when ordering.",0.119321 BTC,USA,USA,5.00/5,
WizardofO,Drugs/Cannabis/Weed,High Quality ***BioDiesel Mass***AAA+Hydro***7 Grams***Plus 1/2 Gram of Golden KIef Free*** [Original Batch],We are back on NightMarket offering our verified ***BioDiesel Mass***AAA+Hydro***7 Grams***Plus 1/2 Gram of Golden KIef Free***. Guaranteed 99% quality and stealth packaging. Contact via PGP for bulk orders.,0.176228 BTC,USA,Worldwide,4.92/5,
WizardofO,Drugs/Cannabis/Weed,***BioDiesel Mass***AAA+Hydro***14 Grams***,"Welcome to our official NightMarket shop! ***BioDiesel Mass***AAA+Hydro***14 Grams*** ready for instant dispatch. Double vacuum sealed, professional MBB stealth. 99% delivery rate across worldwide.",0.355185 BTC,USA,Worldwide,5.00/5,
WizardofO,Drugs/Cannabis/Weed,Custom ***OG KUSH**AAA+HYDRO**$6.50 A Gram***,***OG KUSH**AAA+HYDRO**$6.50 A Gram*** available now. All orders dispatched within 24 hours of payment confirmation. Domestic and international stealth available.,0.317845 BTC,USA,Worldwide,4.96/5,
WizardofO,Drugs/Cannabis/Weed,***BioDiesel Mass***AAA+Hydro***7 Grams***,"Welcome to our official NightMarket shop! ***BioDiesel Mass***AAA+Hydro***7 Grams*** ready for instant dispatch. Double vacuum sealed, professional MBB stealth. 99% delivery rate across worldwide.",0.167766 BTC,USA,Worldwide,4.89/5,
WizardofO,Drugs/Cannabis/Weed,Premium ***OG KUSH***AAA+Hydro 7 Grams*** $6.50 a Gram*** [Escrow Ready],We are back on NightMarket offering our verified ***OG KUSH***AAA+Hydro 7 Grams*** $6.50 a Gram***. Guaranteed 99% quality and stealth packaging. Contact via PGP for bulk orders.,0.076974 BTC,USA,Worldwide,5.00/5,
WizardofO,Drugs/Cannabis/Weed,***Think Different***AAA+Hydro***7 Grams***,"Welcome to our official NightMarket shop! ***Think Different***AAA+Hydro***7 Grams*** ready for instant dispatch. Double vacuum sealed, professional MBB stealth. 99% delivery rate across USA.",0.107687 BTC,USA,USA,4.79/5,
WizardofO,Drugs/Cannabis/Concentrates,Exclusive ***Golden Kief***I Gram***,High purity ***Golden Kief***I Gram*** at competitive market prices. Fully tested batch. Customer satisfaction is our top priority.,0.046966 BTC,USA,Worldwide,4.93/5,
WizardofO,Drugs/Cannabis/Weed,***Think Different***AAA+Hydro***0.5 Gram Sample***,High purity ***Think Different***AAA+Hydro***0.5 Gram Sample*** at competitive market prices. Fully tested batch. Customer satisfaction is our top priority.,0.013969 BTC,USA,USA,4.97/5,
WizardofO,Drugs/Cannabis/Weed,Verified ***BioDiesel Mass***AAA+Hydro***14 Grams***PLUS ONE GRAM of GOLDEN KIEF FREE*** [Fast Shipping],High purity ***BioDiesel Mass***AAA+Hydro***14 Grams***PLUS ONE GRAM of GOLDEN KIEF FREE*** at competitive market prices. Fully tested batch. Customer satisfaction is our top priority.,0.345767 BTC,USA,Worldwide,5.00/5,
WizardofO,Drugs/Cannabis/Weed,High Quality ***Northern Lights***AAA+HYDRO***$6.50 a Gram*** [Escrow Ready],"Welcome to our official NightMarket shop! ***Northern Lights***AAA+HYDRO***$6.50 a Gram*** ready for instant dispatch. Double vacuum sealed, professional MBB stealth. 99% delivery rate across worldwide.",0.345330 BTC,USA,Worldwide,4.94/5,
WizardofO,Drugs/Cannabis/Weed,***OG Kush***AAA+Hydro***14 Grams*** [Original Batch],"Welcome to our official NightMarket shop! ***OG Kush***AAA+Hydro***14 Grams*** ready for instant dispatch. Double vacuum sealed, professional MBB stealth. 99% delivery rate across worldwide.",0.198388 BTC,USA,Worldwide,5.00/5,
WizardofO,Drugs/Cannabis/Weed,***Train Wreck***AAA+Hydro***0.5 Gram Sample***,"Premium ***Train Wreck***AAA+Hydro***0.5 Gram Sample*** sourced directly from verified labs. Fast, reliable service. Please include your PGP encrypted address when ordering.",0.015906 BTC,USA,USA,4.73/5,
WizardofO,Drugs/Cannabis/Weed,***BioDiesel Mass***AAA+Hydro***3.5 Grams***PlUS 1/4 Gram of Golden Kief Free*** [Worldwide Stealth],High purity ***BioDiesel Mass***AAA+Hydro***3.5 Grams***PlUS 1/4 Gram of Golden Kief Free*** at competitive market prices. Fully tested batch. Customer satisfaction is our top priority.,0.090210 BTC,USA,Worldwide,5.00/5,
WizardofO,Drugs/Cannabis/Weed,***Train Wreck***AAA+Hydro***7 Grams***Plus1/2 Gram of Golden Kief Free***,We are back on NightMarket offering our verified ***Train Wreck***AAA+Hydro***7 Grams***Plus1/2 Gram of Golden Kief Free***. Guaranteed lab tested quality and stealth packaging. Contact via PGP for bulk orders.,0.193828 BTC,USA,USA,4.69/5,
WizardofO,Drugs/Opioids/Oxycodone,Premium ***PERCOSET***10MG***90 COUNT***,We are back on NightMarket offering our verified ***PERCOSET***10MG***90 COUNT***. Guaranteed high grade quality and stealth packaging. Contact via PGP for bulk orders.,1.260180 BTC,USA,Worldwide,5.00/5,
WizardofO,Drugs/Cannabis/Weed,***OG KUSH***AAA+ HYDRO***ONE POUND***$100 per OUNCE****,***OG KUSH***AAA+ HYDRO***ONE POUND***$100 per OUNCE**** available now. All orders dispatched within 24 hours of payment confirmation. Domestic and international stealth available.,1.431362 BTC,USA,Worldwide,4.93/5,
WizardofO,Drugs/Cannabis/Weed,***Think Different***AAA+Hydro***3.5 Grams***Plus 1/4 Gram of Golden Kief Free*** [Purity Tested],***Think Different***AAA+Hydro***3.5 Grams***Plus 1/4 Gram of Golden Kief Free*** available now. All orders dispatched within 24 hours of payment confirmation. Domestic and international stealth available.,0.080857 BTC,USA,Worldwide,4.96/5,
WizardofO,Drugs/Cannabis/Weed,Ultra Clean ***Think Different***AAA+Hydro***3.5 Grams*** [Fast Shipping],***Think Different***AAA+Hydro***3.5 Grams*** available now. All orders dispatched within 24 hours of payment confirmation. Domestic and international stealth available.,0.053903 BTC,USA,Worldwide,4.71/5,
WizardofO,Drugs/Cannabis/Weed,Ultra Clean ***Train Wreck***AAA+Hydro**3.5 Grams***,High purity ***Train Wreck***AAA+Hydro**3.5 Grams*** at competitive market prices. Fully tested batch. Customer satisfaction is our top priority.,0.057664 BTC,USA,USA,5.00/5,
WizardofO,Drugs/Cannabis/Weed,***Think Different***AAA+Hydro***7 Grams***Plus 1/2 Gram of Golden Kief Free***,We are back on NightMarket offering our verified ***Think Different***AAA+Hydro***7 Grams***Plus 1/2 Gram of Golden Kief Free***. Guaranteed lab tested quality and stealth packaging. Contact via PGP for bulk orders.,0.184972 BTC,USA,USA,5.00/5,
WizardofO,Drugs/Cannabis/Weed,***TRAIN WRECK***AAA+HYDRO***$6.50 per Gram***,We are back on NightMarket offering our verified ***TRAIN WRECK***AAA+HYDRO***$6.50 per Gram***. Guaranteed high grade quality and stealth packaging. Contact via PGP for bulk orders.,0.398321 BTC,USA,Worldwide,4.95/5,
WizardofO,Drugs/Opioids/Oxycodone,Premium ***PERCOSET***10MG***45 COUNT*** [Original Batch],***PERCOSET***10MG***45 COUNT*** available now. All orders dispatched within 24 hours of payment confirmation. Domestic and international stealth available.,0.661423 BTC,USA,Worldwide,4.96/5,
WizardofO,Drugs/Cannabis/Weed,Exclusive ***Train Wreck***AAA+Hydro**3.5 Grams***Plus 1/4 Gram of Golden Kief Free***,***Train Wreck***AAA+Hydro**3.5 Grams***Plus 1/4 Gram of Golden Kief Free*** available now. All orders dispatched within 24 hours of payment confirmation. Domestic and international stealth available.,0.092537 BTC,USA,USA,4.78/5,
drk_AfriKanSun,Drugs/Cannabis/Weed,Swazi Kush 30g [Original Batch],High purity Swazi Kush 30g at competitive market prices. Fully tested batch. Customer satisfaction is our top priority.,0.611103 BTC,SouthAfrica,Worldwide,4.85/5,
drk_AfriKanSun,Drugs/Cannabis/Weed,AfriKan G 5g [Worldwide Stealth],"Welcome to our official NightMarket shop! AfriKan G 5g ready for instant dispatch. Double vacuum sealed, professional MBB stealth. 99% delivery rate across worldwide.",0.162224 BTC,SouthAfrica,Worldwide,4.89/5,
drk_AfriKanSun,Drugs/Psychedelics/DMT,Premium 5g Nanga Changa 40x plus DMT African Dream Herb,5g Nanga Changa 40x plus DMT African Dream Herb available now. All orders dispatched within 24 hours of payment confirmation. Domestic and international stealth available.,1.209447 BTC,SouthAfrica,Worldwide,4.80/5,
drk_AfriKanSun,Drugs/Cannabis/Weed,AfriKan Sky 100g [Original Batch],AfriKan Sky 100g available now. All orders dispatched within 24 hours of payment confirmation. Domestic and international stealth available.,1.136549 BTC,SouthAfrica,Worldwide,4.76/5,
drk_AfriKanSun,Drugs/Cannabis/Weed,AfriKan G 10g [Original Batch],"Welcome to our official NightMarket shop! AfriKan G 10g ready for instant dispatch. Double vacuum sealed, professional MBB stealth. 99% delivery rate across worldwide.",0.231361 BTC,SouthAfrica,Worldwide,4.82/5,
drk_AfriKanSun,Drugs/Cannabis/Weed,Ultra Clean MamaKa Swazi 2g,We are back on NightMarket offering our verified MamaKa Swazi 2g. Guaranteed 99% quality and stealth packaging. Contact via PGP for bulk orders.,0.028336 BTC,SouthAfrica,Worldwide,4.84/5,
drk_AfriKanSun,Drugs/Cannabis/Weed,Top Grade Ama Swazi 500 [Purity Tested],"Premium Ama Swazi 500 sourced directly from verified labs. Fast, reliable service. Please include your PGP encrypted address when ordering.",6.810513 BTC,SouthAfrica,World wide,4.83/5,
drk_AfriKanSun,Drugs/Cannabis/Weed,Top Grade MamaKA Swazi 120g (4oz),"Welcome to our official NightMarket shop! MamaKA Swazi 120g (4oz) ready for instant dispatch. Double vacuum sealed, professional MBB stealth. 99% delivery rate across worldwide.",1.107406 BTC,USA,Worldwide,4.66/5,
drk_AfriKanSun,Drugs/Cannabis/Weed,MamaKA Swazi 5g [24/7 Auto Dispatch],MamaKA Swazi 5g available now. All orders dispatched within 24 hours of payment confirmation. Domestic and international stealth available.,0.079608 BTC,SouthAfrica,Worldwide,4.98/5,
drk_AfriKanSun,Drugs/Cannabis/Weed,Custom AfriKan Sky 10g,AfriKan Sky 10g available now. All orders dispatched within 24 hours of payment confirmation. Domestic and international stealth available.,0.191058 BTC,SouthAfrica,Worldwide,4.81/5,
drk_AfriKanSun,Drugs/Cannabis/Weed,AfriKan G 2g [24/7 Auto Dispatch],"Premium AfriKan G 2g sourced directly from verified labs. Fast, reliable service. Please include your PGP encrypted address when ordering.",0.081736 BTC,SouthAfrica,Worldwide,4.88/5,
drk_AfriKanSun,Drugs/Cannabis/Concentrates,Custom AfriKan Oil #1 10mm,"Welcome to our official NightMarket shop! AfriKan Oil #1  10mm ready for instant dispatch. Double vacuum sealed, professional MBB stealth. 99% delivery rate across worldwide.",1.542065 BTC,USA,Worldwide,5.00/5,
drk_AfriKanSun,Drugs/Cannabis/Weed,AfriKan Sky 30g [Purity Tested],"Premium AfriKan Sky 30g sourced directly from verified labs. Fast, reliable service. Please include your PGP encrypted address when ordering.",0.438069 BTC,SouthAfrica,Worldwide,4.81/5,
drk_AfriKanSun,Drugs/Cannabis/Concentrates,Swaz Kief 30g (1oz),Swaz Kief 30g (1oz) available now. All orders dispatched within 24 hours of payment confirmation. Domestic and international stealth available.,0.615436 BTC,SouthAfrica,Worldwide,5.00/5,
drk_AfriKanSun,Drugs/Cannabis/Weed,Ama-Swazi 250g [Original Batch],"Welcome to our official NightMarket shop! Ama-Swazi 250g ready for instant dispatch. Double vacuum sealed, professional MBB stealth. 99% delivery rate across Worldwide.",3.134981 BTC,SouthAfrica,Worldwide,4.74/5,
drk_AfriKanSun,Drugs/Cannabis/Weed,Custom Ama-Special-One 120g (4oz) [Worldwide Stealth],Ama-Special-One 120g (4oz) available now. All orders dispatched within 24 hours of payment confirmation. Domestic and international stealth available.,1.304408 BTC,SouthAfrica,Worldwide,4.91/5,
drk_AfriKanSun,Drugs/Cannabis/Concentrates,AfriKan Oil #2 1mm,AfriKan Oil #2 1mm available now. All orders dispatched within 24 hours of payment confirmation. Domestic and international stealth available.,0.187924 BTC,USA,Worldwide,4.89/5,
drk_AfriKanSun,Drugs/Cannabis/Weed,Swazi Kush 10g,We are back on NightMarket offering our verified Swazi Kush 10g. Guaranteed top tier quality and stealth packaging. Contact via PGP for bulk orders.,0.180789 BTC,SouthAfrica,Worldwide,4.90/5,
drk_AfriKanSun,Drugs/Cannabis/Weed,AfriKan Variety Pack 15g,High purity AfriKan Variety Pack 15g at competitive market prices. Fully tested batch. Customer satisfaction is our top priority.,0.306164 BTC,SouthAfrica,Worlwide,4.96/5,
drk_AfriKanSun,Drugs/Cannabis/Weed,AfriKan AK47 100g [Tracked],"Premium AfriKan AK47 100g sourced directly from verified labs. Fast, reliable service. Please include your PGP encrypted address when ordering.",1.808821 BTC,SouthAfrica,Worldwide,4.66/5,
DutchMasters98,Drugs/Stimulants/Cocaine,★SPECIAL OFFER★ 1 gram Pure Cocaine + 5 x Yellow UPS 200+mg MDMA,High purity ★SPECIAL OFFER★ 1 gram Pure Cocaine + 5 x Yellow UPS 200+mg MDMA at competitive market prices. Fully tested batch. Customer satisfaction is our top priority.,0.403618 BTC,Netherlands,Worldwide (except: US/NZ/AU/Scandinavia),4.82/5,
DutchMasters98,Drugs/Ecstasy/MDMA,100 gr MDMA 84% Crystals -- Grade A Dutch Quality,We are back on NightMarket offering our verified 100 gr MDMA 84% Crystals -- Grade A Dutch Quality. Guaranteed 99% quality and stealth packaging. Contact via PGP for bulk orders.,3.803311 BTC,Netherlands,Worldwide (except: US/NZ/AU/Scandinavia),4.99/5,
DutchMasters98,Drugs/Ecstasy/Pills,50 x LUCKY CLOVERS -- 130+mg MDMA -- Grade A Dutch Quality [Tracked],High purity 50 x LUCKY CLOVERS -- 130+mg MDMA -- Grade A Dutch Quality at competitive market prices. Fully tested batch. Customer satisfaction is our top priority.,0.652973 BTC,Netherlands,Worldwide (except: US/NZ/AU/Scandinavia),4.92/5,
DutchMasters98,Drugs/Ecstasy/Pills,1000 x Yellow UPS -- 200+mg MDMA -- Grade A Dutch Quality [Tracked],"Welcome to our official NightMarket shop! 1000 x Yellow UPS -- 200+mg MDMA -- Grade A Dutch Quality ready for instant dispatch. Double vacuum sealed, professional MBB stealth. 99% delivery rate across Worldwide (except: US/NZ/AU/Scandinavia).",12.867471 BTC,Netherlands,Worldwide (except: US/NZ/AU/Scandinavia),5.00/5,
DutchMasters98,Drugs/Cannabis/Hash,500 gr Afghani Soft Hash - Dutch Coffeeshop Quality,"Premium 500 gr Afghani Soft Hash - Dutch Coffeeshop Quality sourced directly from verified labs. Fast, reliable service. Please include your PGP encrypted address when ordering.",5.307132 BTC,Netherlands,Worldwide (except: US/NZ/AU/Scandinavia),5.00/5,
DutchMasters98,Drugs/Ecstasy/Pills,50 x Heineken -- 200+mg MDMA -- Grade A Dutch Quality [Tracked],"Welcome to our official NightMarket shop! 50 x Heineken -- 200+mg MDMA -- Grade A Dutch Quality ready for instant dispatch. Double vacuum sealed, professional MBB stealth. 99% delivery rate across Worldwide (except: US/NZ/AU/Scandinavia).",0.661721 BTC,Netherlands,Worldwide (except: US/NZ/AU/Scandinavia),5.00/5,
DutchMasters98,Drugs/Ecstasy/Pills,250 x BLUE ANDROIDS -- 200+mg MDMA -- Grade A Dutch Quality,High purity 250 x BLUE ANDROIDS -- 200+mg MDMA -- Grade A Dutch Quality at competitive market prices. Fully tested batch. Customer satisfaction is our top priority.,1.942640 BTC,Netherlands,Worldwide (except: US/NZ/AU/Scandinavia),4.96/5,
DutchMasters98,Drugs/Ecstasy/Pills,10 x ORANGE Wi-Fi -- 200+mg MDMA -- Grade A Dutch Quality,"Premium 10 x ORANGE Wi-Fi -- 200+mg MDMA -- Grade A Dutch Quality sourced directly from verified labs. Fast, reliable service. Please include your PGP encrypted address when ordering.",0.147082 BTC,Netherlands,Worldwide (except: US/NZ/AU/Scandinavia),5.00/5,
DutchMasters98,Drugs/Ecstasy/Pills,750 x Yellow UPS -- 200+mg MDMA -- Grade A Dutch Quality,We are back on NightMarket offering our verified 750 x Yellow UPS -- 200+mg MDMA -- Grade A Dutch Quality. Guaranteed high grade quality and stealth packaging. Contact via PGP for bulk orders.,8.649569 BTC,Netherlands,Worldwide (except: US/NZ/AU/Scandinavia),4.92/5,
DutchMasters98,Drugs/Ecstasy/Pills,Ultra Clean 25 x Gold Bars -- 199.9+mg MDMA -- Grade A Dutch Quality,25 x Gold Bars -- 199.9+mg MDMA -- Grade A Dutch Quality available now. All orders dispatched within 24 hours of payment confirmation. Domestic and international stealth available.,0.296649 BTC,Netherlands,Worldwide (except: US/NZ/AU/Scandinavia),4.92/5,
DutchMasters98,Drugs/Ecstasy/Pills,1000 x LUCKY CLOVERS -- 130+mg MDMA -- Grade A Dutch Quality,We are back on NightMarket offering our verified 1000 x LUCKY CLOVERS -- 130+mg MDMA -- Grade A Dutch Quality. Guaranteed top tier quality and stealth packaging. Contact via PGP for bulk orders.,5.550284 BTC,Netherlands,Worldwide (except: US/NZ/AU/Scandinavia),5.00/5,
DutchMasters98,Drugs/Ecstasy/Pills,1000 x PINK CHUPA CHUPS -- 130+mg MDMA -- Grade A Dutch Quality,High purity 1000 x PINK CHUPA CHUPS -- 130+mg MDMA -- Grade A Dutch Quality at competitive market prices. Fully tested batch. Customer satisfaction is our top priority.,6.830108 BTC,Netherlands,Worldwide (except: US/NZ/AU/Scandinavia),5.00/5,
DutchMasters98,Drugs/Ecstasy/Pills,25 x GREEN PARTYFLOCKS -- 200+mg MDMA -- Grade A Dutch Quality,High purity 25 x GREEN PARTYFLOCKS -- 200+mg MDMA -- Grade A Dutch Quality at competitive market prices. Fully tested batch. Customer satisfaction is our top priority.,0.136631 BTC,Netherlands,Worldwide,4.87/5,
DutchMasters98,Drugs/Cannabis/Hash,HQ 50 gr Afghani Soft Hash - Dutch Coffeeshop Quality [Original Batch],We are back on NightMarket offering our verified 50 gr Afghani Soft Hash - Dutch Coffeeshop Quality. Guaranteed 99% quality and stealth packaging. Contact via PGP for bulk orders.,1.112310 BTC,Netherlands,Worldwide (except: US/NZ/AU/Scandinavia),5.00/5,
DutchMasters98,Drugs/Ecstasy/MDMA,Exclusive 25 gr MDMA 84% Crystals -- Grade A Dutch Quality,"Premium 25 gr MDMA 84% Crystals -- Grade A Dutch Quality sourced directly from verified labs. Fast, reliable service. Please include your PGP encrypted address when ordering.",1.564587 BTC,Netherlands,Worldwide (except: US/NZ/AU/Scandinavia),4.92/5,
DutchMasters98,Drugs/Ecstasy/Pills,100 x RED USB's -- 120+mg MDMA -- Grade A Dutch Quality [Tracked],High purity 100 x RED USB's -- 120+mg MDMA -- Grade A Dutch Quality at competitive market prices. Fully tested batch. Customer satisfaction is our top priority.,0.466446 BTC,Netherlands,Worldwide,5.00/5,
DutchMasters98,Drugs/Ecstasy/Pills,750 x Gold Bars -- 199.9+mg MDMA -- Grade A Dutch Quality [Original Batch],750 x Gold Bars -- 199.9+mg MDMA -- Grade A Dutch Quality available now. All orders dispatched within 24 hours of payment confirmation. Domestic and international stealth available.,5.417410 BTC,Netherlands,Worldwide (except: US/NZ/AU/Scandinavia),5.00/5,
DutchMasters98,Drugs/Stimulants/Cocaine,★SPECIAL OFFER★ 1 gram Pure Cocaine + 5 x Yellow Bitcoins 200mg MDMA,We are back on NightMarket offering our verified ★SPECIAL OFFER★ 1 gram Pure Cocaine + 5 x Yellow Bitcoins 200mg MDMA. Guaranteed premium quality and stealth packaging. Contact via PGP for bulk orders.,0.219545 BTC,Netherlands,Worldwide (except: US/NZ/AU/Scandinavia),5.00/5,
DutchMasters98,Drugs/Cannabis/Weed,1kg Original Amnesia Haze -- 22+% THC -- Grade A Coffeeshop Quallity [Escrow Ready],"Premium 1kg Original Amnesia Haze -- 22+% THC -- Grade A Coffeeshop Quallity sourced directly from verified labs. Fast, reliable service. Please include your PGP encrypted address when ordering.",25.649653 BTC,Netherlands,Worldwide (except: US/NZ/AU/Scandinavia),5.00/5,
DutchMasters98,Drugs/Ecstasy/Pills,10 x Gold Bars -- 199.9+mg MDMA -- Grade A Dutch Quality,We are back on NightMarket offering our verified 10 x Gold Bars -- 199.9+mg MDMA -- Grade A Dutch Quality. Guaranteed top tier quality and stealth packaging. Contact via PGP for bulk orders.,0.180741 BTC,Netherlands,Worldwide (except: US/NZ/AU/Scandinavia),5.00/5,
DutchMasters98,Drugs/Ecstasy/MDMA,10 gr MDMA 84% Crystals -- Grade A Dutch Quality,High purity 10 gr MDMA 84% Crystals -- Grade A Dutch Quality at competitive market prices. Fully tested batch. Customer satisfaction is our top priority.,0.690321 BTC,Netherlands,Worldwide (except: US/NZ/AU/Scandinavia),5.00/5,
DutchMasters98,Drugs/Stimulants/Cocaine,1 gram 95-97% pure Cocaine Flakes -- Grade A Quality [Worldwide Stealth],1 gram 95-97% pure Cocaine Flakes -- Grade A Quality available now. All orders dispatched within 24 hours of payment confirmation. Domestic and international stealth available.,0.160608 BTC,Netherlands,Worldwide,5.00/5,
DutchMasters98,Drugs/Ecstasy/Pills,1000 x ORANGE Wi-Fi -- 200+mg MDMA -- Grade A Dutch Quality [Worldwide Stealth],"Premium 1000 x ORANGE Wi-Fi -- 200+mg MDMA -- Grade A Dutch Quality sourced directly from verified labs. Fast, reliable service. Please include your PGP encrypted address when ordering.",4.780643 BTC,Netherlands,Worldwide (except: US/NZ/AU/Scandinavia),4.89/5,
drk_Haizenberg,Drugs/Stimulants/Cocaine,Haizenberg's Peruvian Coke-1G-AWesome,Haizenberg's  Peruvian Coke-1G-AWesome available now. All orders dispatched within 24 hours of payment confirmation. Domestic and international stealth available.,0.307892 BTC,CzechRepublic,Worldwide,4.76/5,
drk_Haizenberg,Drugs/Psychedelics/LSD,Haizenberg's LSD blotters - 110uG - x10 HIGH QUALITY.,Haizenberg's LSD blotters - 110uG - x10 HIGH QUALITY. available now. All orders dispatched within 24 hours of payment confirmation. Domestic and international stealth available.,0.136974 BTC,CzechRepublic,Worldwide,4.81/5,
drk_Haizenberg,Drugs/Ecstasy/MDMA,Haizenberg's High Quality Pure MDMA 0.25G,We are back on NightMarket offering our verified Haizenberg's High Quality Pure MDMA 0.25G. Guaranteed top tier quality and stealth packaging. Contact via PGP for bulk orders.,0.031014 BTC,CzechRepublic,worldwide,4.86/5,
GetPercocet,Counterfeits/Accessories,Burberry-Wallet07 [Original Batch],Burberry-Wallet07 available now. All orders dispatched within 24 hours of payment confirmation. Domestic and international stealth available.,0.217041 BTC,China,worldwide,4.84/5,
GetPercocet,Counterfeits/Watches,Hublot - Big Bang Rose Gold,High purity Hublot - Big Bang Rose Gold at competitive market prices. Fully tested batch. Customer satisfaction is our top priority.,1.037221 BTC,China,Worldwide,4.72/5,
GetPercocet,Counterfeits/Accessories,Burberry-Wallet02,"Welcome to our official NightMarket shop! Burberry-Wallet02 ready for instant dispatch. Double vacuum sealed, professional MBB stealth. 99% delivery rate across worldwide.",0.276910 BTC,China,worldwide,5.00/5,
GetPercocet,Counterfeits/Watches,HUBLOT-King Power Red Magic [Escrow Ready],HUBLOT-King Power Red Magic available now. All orders dispatched within 24 hours of payment confirmation. Domestic and international stealth available.,0.530513 BTC,China,worldwide,5.00/5,
GetPercocet,Counterfeits/Watches,Custom HUBLOT-Classic Fusion Power Reserve 8Days Titanium,HUBLOT-Classic Fusion Power Reserve 8Days Titanium available now. All orders dispatched within 24 hours of payment confirmation. Domestic and international stealth available.,0.660831 BTC,China,worldwide,5.00/5,
GetPercocet,Counterfeits/Accessories,High Quality Burberry-Multistripe Modal Linen Square Scraf-Yellow-55*55cm,"Welcome to our official NightMarket shop! Burberry-Multistripe Modal Linen Square Scraf-Yellow-55*55cm ready for instant dispatch. Double vacuum sealed, professional MBB stealth. 99% delivery rate across worldwide.",0.153989 BTC,China,worldwide,4.77/5,
GetPercocet,Counterfeits/Watches,HUBLOT-Classic Fusion Power Reserve 8Days King Gold [Fast Shipping],"Welcome to our official NightMarket shop! HUBLOT-Classic Fusion Power Reserve 8Days King Gold ready for instant dispatch. Double vacuum sealed, professional MBB stealth. 99% delivery rate across worldwide.",0.646279 BTC,China,worldwide,5.00/5,
GetPercocet,Counterfeits/Accessories,Burberry-Wallet06,We are back on NightMarket offering our verified Burberry-Wallet06. Guaranteed 99% quality and stealth packaging. Contact via PGP for bulk orders.,0.260103 BTC,China,worldwide,4.93/5,
GetPercocet,Counterfeits/Accessories,Premium Burberry-Multistripe Modal Linen Square Scraf-Blue-55*55cm [Fast Shipping],"Welcome to our official NightMarket shop! Burberry-Multistripe Modal Linen Square Scraf-Blue-55*55cm ready for instant dispatch. Double vacuum sealed, professional MBB stealth. 99% delivery rate across worldwide.",0.112614 BTC,China,worldwide,4.78/5,
GetPercocet,Counterfeits/Watches,Premium ROLEX-EXPLORER,High purity ROLEX-EXPLORER at competitive market prices. Fully tested batch. Customer satisfaction is our top priority.,0.511146 BTC,China,worldwide,4.81/5,
GetPercocet,Counterfeits/Watches,Top Grade ROLEX-SKY-DWELLER [Tracked],ROLEX-SKY-DWELLER available now. All orders dispatched within 24 hours of payment confirmation. Domestic and international stealth available.,0.595011 BTC,China,worldwide,4.71/5,
GetPercocet,Counterfeits/Watches,HUBLOT-Big Bang Ferrari Ceramic,High purity HUBLOT-Big Bang Ferrari Ceramic at competitive market prices. Fully tested batch. Customer satisfaction is our top priority.,0.666134 BTC,China,worldwide,4.96/5,
GetPercocet,Counterfeits/Accessories,Top Grade Burberry-Wallet05,Burberry-Wallet05 available now. All orders dispatched within 24 hours of payment confirmation. Domestic and international stealth available.,0.271916 BTC,China,worldwide,4.92/5,
GetPercocet,Counterfeits/Watches,ROLEX-DAY-DATE,ROLEX-DAY-DATE available now. All orders dispatched within 24 hours of payment confirmation. Domestic and international stealth available.,0.541858 BTC,China,worldwide,4.98/5,
GetPercocet,Counterfeits/Accessories,High Quality Burberry-Multistripe Modal Linen Square Scraf-white&blue-55*55cm [Original Batch],High purity Burberry-Multistripe Modal Linen Square Scraf-white&blue-55*55cm at competitive market prices. Fully tested batch. Customer satisfaction is our top priority.,0.138145 BTC,China,worldwide,4.97/5,
GetPercocet,Counterfeits/Accessories,Burberry-Wallet04 [Escrow Ready],"Welcome to our official NightMarket shop! Burberry-Wallet04 ready for instant dispatch. Double vacuum sealed, professional MBB stealth. 99% delivery rate across worldwide.",0.256173 BTC,China,worldwide,5.00/5,
GetPercocet,Counterfeits/Accessories,Burberry-Wallet01,High purity Burberry-Wallet01 at competitive market prices. Fully tested batch. Customer satisfaction is our top priority.,0.267948 BTC,China,worldwide,4.81/5,
GetPercocet,Counterfeits/Watches,HUBLOT-Big Bang Unico Bi-Retrograde Chrono Ceramic Carbon,High purity HUBLOT-Big Bang Unico Bi-Retrograde Chrono Ceramic Carbon at competitive market prices. Fully tested batch. Customer satisfaction is our top priority.,0.628066 BTC,China,worldwide,4.93/5,
GetPercocet,Counterfeits/Accessories,Ultra Clean Burberry-Wallet08,High purity Burberry-Wallet08 at competitive market prices. Fully tested batch. Customer satisfaction is our top priority.,0.298469 BTC,China,worldwide,4.97/5,
GetPercocet,Counterfeits/Watches,ROLEX-COSMOGRAPH DAYTONA [Escrow Ready],We are back on NightMarket offering our verified ROLEX-COSMOGRAPH DAYTONA. Guaranteed lab tested quality and stealth packaging. Contact via PGP for bulk orders.,0.463498 BTC,China,worldwide,4.77/5,
GetPercocet,Counterfeits/Accessories,Burberry-Wallet03 [Worldwide Stealth],Burberry-Wallet03 available now. All orders dispatched within 24 hours of payment confirmation. Domestic and international stealth available.,0.286927 BTC,China,worldwide,5.00/5,
GetPercocet,Counterfeits/Watches,ROLEX-DATEJUST,"Welcome to our official NightMarket shop! ROLEX-DATEJUST ready for instant dispatch. Double vacuum sealed, professional MBB stealth. 99% delivery rate across worldwide.",0.460027 BTC,China,worldwide,4.87/5,
OpenSoucre,Drugs/Opioids/Other,Verified Roxy 30mg x 5,Roxy 30mg  x  5 available now. All orders dispatched within 24 hours of payment confirmation. Domestic and international stealth available.,0.462348 BTC,USA,USA,4.98/5,
OpenSoucre,Drugs/Opioids,HQ Roxy 30MG X 5 [Worldwide Stealth],"Premium Roxy 30MG X 5 sourced directly from verified labs. Fast, reliable service. Please include your PGP encrypted address when ordering.",0.176904 BTC,USA,USA,5.00/5,
OpenSoucre,Drugs/Opioids/Other,Custom Roxy (smokable) 30mg x 10,"Premium Roxy (smokable) 30mg  x  10 sourced directly from verified labs. Fast, reliable service. Please include your PGP encrypted address when ordering.",0.774905 BTC,USA,USA,4.97/5,
OpenSoucre,Drugs/Opioids/Other,Ballerone Custom Order [Fast Shipping],Ballerone Custom Order available now. All orders dispatched within 24 hours of payment confirmation. Domestic and international stealth available.,0.817857 BTC,USA,Worldwide,4.89/5,
OpenSoucre,Drugs/Opioids,Top Grade Norco 325 / 5MG X 10 [Escrow Ready],Norco 325  / 5MG  X  10 available now. All orders dispatched within 24 hours of payment confirmation. Domestic and international stealth available.,0.046145 BTC,USA,Worldwide,4.95/5,
OpenSoucre,Drugs/Opioids,Johnwayne custom,"Premium Johnwayne custom sourced directly from verified labs. Fast, reliable service. Please include your PGP encrypted address when ordering.",0.642584 BTC,USA,Worldwide,4.98/5,
OpenSoucre,Drugs/Opioids/Other,Roxy 30mg x 10,"Welcome to our official NightMarket shop! Roxy 30mg  x  10 ready for instant dispatch. Double vacuum sealed, professional MBB stealth. 99% delivery rate across USA.",0.676997 BTC,USA,USA,5.00/5,
OpenSoucre,Drugs/Opioids/Other,Premium Junebug Custom Only,We are back on NightMarket offering our verified Junebug Custom Only. Guaranteed premium quality and stealth packaging. Contact via PGP for bulk orders.,0.676074 BTC,USA,USA,4.80/5,
OpenSoucre,Drugs/Opioids,Top Grade Methadone X 10 [Fast Shipping],"Premium Methadone X 10 sourced directly from verified labs. Fast, reliable service. Please include your PGP encrypted address when ordering.",0.113657 BTC,USA,USA,4.96/5,
OpenSoucre,Drugs/Opioids/Other,Gel Fentanyl Patch 75MCG /H [Original Batch],"Welcome to our official NightMarket shop! Gel Fentanyl Patch 75MCG /H ready for instant dispatch. Double vacuum sealed, professional MBB stealth. 99% delivery rate across USA.",0.164020 BTC,USA,USA,4.92/5,
OpenSoucre,Other,Party Mask Silver,High purity Party Mask Silver at competitive market prices. Fully tested batch. Customer satisfaction is our top priority.,0.063025 BTC,USA,USA,4.88/5,
OpenSoucre,Drugs/Opioids,Methadone 10MG Bars X 10 [24/7 Auto Dispatch],"Premium Methadone 10MG Bars  X  10 sourced directly from verified labs. Fast, reliable service. Please include your PGP encrypted address when ordering.",0.163803 BTC,USA,USA,4.97/5,
OpenSoucre,Drugs/Opioids/Opium,Exclusive Chill Custom Order,High purity Chill Custom Order at competitive market prices. Fully tested batch. Customer satisfaction is our top priority.,4.805280 BTC,USA,usa,5.00/5,
OpenSoucre,Drugs/Opioids/Other,Verified PlopPlop Custom order,High purity PlopPlop  Custom order at competitive market prices. Fully tested batch. Customer satisfaction is our top priority.,0.424617 BTC,USA,USA,4.94/5,
OpenSoucre,Drugs/Other,Soma X 20 [24/7 Auto Dispatch],Soma X 20 available now. All orders dispatched within 24 hours of payment confirmation. Domestic and international stealth available.,0.111319 BTC,USA,Worldwide,5.00/5,
OpenSoucre,Drugs/Opioids,Ultra Clean MS Contin 60MG X 5,"Welcome to our official NightMarket shop! MS Contin 60MG X 5 ready for instant dispatch. Double vacuum sealed, professional MBB stealth. 99% delivery rate across USA.",0.129767 BTC,USA,USA,4.92/5,
ChemicallyEmbalanced,Drugs/Benzos,Xanax 2 1/2 - 3 mg's each [Worldwide Stealth],Xanax  2 1/2 - 3 mg's each available now. All orders dispatched within 24 hours of payment confirmation. Domestic and international stealth available.,0.005277 BTC,USA,Worldwide,4.89/5,
ChemicallyEmbalanced,Drugs/Ecstasy/MDMA,High Quality MDMA Gram Listing,We are back on NightMarket offering our verified MDMA Gram Listing. Guaranteed high grade quality and stealth packaging. Contact via PGP for bulk orders.,0.088678 BTC,USA,Worldwide,5.00/5,
ChemicallyEmbalanced,Drugs/Prescription,Tri-Mix,Tri-Mix available now. All orders dispatched within 24 hours of payment confirmation. Domestic and international stealth available.,0.014924 BTC,USA,Worldwide,5.00/5,
ChemicallyEmbalanced,Drugs/Benzos,Xanax (10) @ 2.5 - 3 mg's each [Escrow Ready],"Premium Xanax (10) @ 2.5 - 3 mg's each sourced directly from verified labs. Fast, reliable service. Please include your PGP encrypted address when ordering.",0.055078 BTC,USA,Worldwide,5.00/5,
ChemicallyEmbalanced,Drugs/RCs,A-PHP [Fast Shipping],"Welcome to our official NightMarket shop! A-PHP ready for instant dispatch. Double vacuum sealed, professional MBB stealth. 99% delivery rate across worldwide.",0.085348 BTC,USA,Worldwide,4.96/5,
ChemicallyEmbalanced,Drugs/RCs,Pentedrone 1 Gram Listing,We are back on NightMarket offering our verified Pentedrone 1 Gram Listing. Guaranteed 99% quality and stealth packaging. Contact via PGP for bulk orders.,0.048651 BTC,USA,USA,4.72/5,
ChemicallyEmbalanced,Drugs/RCs,Direct Source Pentedrone 5 Gram,"Premium Pentedrone  5 Gram sourced directly from verified labs. Fast, reliable service. Please include your PGP encrypted address when ordering.",0.217391 BTC,USA,Worldwide,5.00/5,
ChemicallyEmbalanced,Drugs/Psychedelics/NB,25C-NBOMe x 100 @ 500ug Per [Original Batch],25C-NBOMe x 100 @ 500ug Per available now. All orders dispatched within 24 hours of payment confirmation. Domestic and international stealth available.,0.351429 BTC,USA,USA,4.88/5,
ChemicallyEmbalanced,Drugs/RCs,Pentedrone 10G,We are back on NightMarket offering our verified Pentedrone  10G. Guaranteed premium quality and stealth packaging. Contact via PGP for bulk orders.,0.338895 BTC,USA,Worldwide,4.87/5,
ChemicallyEmbalanced,Other,Personnel ad [Purity Tested],"Welcome to our official NightMarket shop! Personnel ad ready for instant dispatch. Double vacuum sealed, professional MBB stealth. 99% delivery rate across worldwide.",0.602116 BTC,USA,Worldwide,4.96/5,
ChemicallyEmbalanced,Drugs/Ecstasy/Pills,Verified 100 X 150mg Pressed Pills,100 X 150mg Pressed Pills available now. All orders dispatched within 24 hours of payment confirmation. Domestic and international stealth available.,2.496798 BTC,USA,Worldwide,5.00/5,
ChemicallyEmbalanced,Drugs/Benzos,Xanax (100) 2.5 - 3 mg's,We are back on NightMarket offering our verified Xanax (100)  2.5 - 3 mg's. Guaranteed 99% quality and stealth packaging. Contact via PGP for bulk orders.,0.543087 BTC,USA,Worldwide,4.63/5,
ChemicallyEmbalanced,Drugs/Dissociatives/MXE,Exclusive MXE 1 Gram Listing [Escrow Ready],"Premium MXE 1 Gram Listing sourced directly from verified labs. Fast, reliable service. Please include your PGP encrypted address when ordering.",0.074483 BTC,USA,USA,4.97/5,
ChemicallyEmbalanced,Drugs/Stimulants/Meth,Mephedrone 1 Gram Listing,We are back on NightMarket offering our verified Mephedrone 1 Gram Listing. Guaranteed high grade quality and stealth packaging. Contact via PGP for bulk orders.,0.085174 BTC,USA,USA,4.83/5,
ChemicallyEmbalanced,Drugs/Benzos,100% Pure Xanax (100) 2.5 - 30 mg's [24/7 Auto Dispatch],Xanax (100)  2.5 - 30 mg's available now. All orders dispatched within 24 hours of payment confirmation. Domestic and international stealth available.,0.745297 BTC,USA,Worldwide,4.80/5,
ChemicallyEmbalanced,Drugs/Dissociatives/MXE,MXE 5 Gram Listing,We are back on NightMarket offering our verified MXE 5 Gram Listing. Guaranteed high grade quality and stealth packaging. Contact via PGP for bulk orders.,0.307961 BTC,USA,Worldwide,5.00/5,
ChemicallyEmbalanced,Drugs/Ecstasy/Pills,X Pills [Worldwide Stealth],We are back on NightMarket offering our verified X Pills. Guaranteed lab tested quality and stealth packaging. Contact via PGP for bulk orders.,0.029460 BTC,USA,Worldwide,4.95/5,
ChemicallyEmbalanced,Drugs/RCs,APVP 1 Gram Listing,High purity APVP 1 Gram Listing at competitive market prices. Fully tested batch. Customer satisfaction is our top priority.,0.071167 BTC,USA,USA,5.00/5,
ChemicallyEmbalanced,Drugs/Ecstasy/Pills,HQ Pressed Pills,"Premium Pressed Pills sourced directly from verified labs. Fast, reliable service. Please include your PGP encrypted address when ordering.",0.331226 BTC,USA,USA,4.93/5,
bestintheworld_CH,Drugs/Cannabis/Weed,10g Medicenal Snow-white ♥ Coffeeshop Quality ♥ EU only ♥ Escrow [Fast Shipping],"Welcome to our official NightMarket shop! 10g Medicenal Snow-white ♥ Coffeeshop Quality ♥ EU only ♥ Escrow ready for instant dispatch. Double vacuum sealed, professional MBB stealth. 99% delivery rate across Europe.",0.291133 BTC,Belgium,Europe,5.00/5,
bestintheworld_CH,Drugs/Cannabis/Weed,10g Medicenal Snow-white ♥ Coffeeshop Quality ♥ World Wide ♥ FE,10g Medicenal Snow-white ♥ Coffeeshop Quality ♥ World Wide ♥ FE available now. All orders dispatched within 24 hours of payment confirmation. Domestic and international stealth available.,0.218524 BTC,Belgium,World wide (no Australia),4.84/5,
bestintheworld_CH,Drugs/Cannabis/Weed,Custom 10g Super Amnesia haze ♥ Coffeeshop Quality ♥ World Wide ♥ FE,We are back on NightMarket offering our verified 10g Super Amnesia haze ♥ Coffeeshop Quality ♥ World Wide ♥ FE. Guaranteed top tier quality and stealth packaging. Contact via PGP for bulk orders.,0.150237 BTC,Belgium,World Wide (no Australia),4.81/5,
bestintheworld_CH,Drugs/Cannabis/Hash,2.5g Caramello hash ♥ World Wide ♥ FE,"Welcome to our official NightMarket shop! 2.5g Caramello hash ♥ World Wide ♥ FE ready for instant dispatch. Double vacuum sealed, professional MBB stealth. 99% delivery rate across worldwide.",0.045449 BTC,USA,Worldwide,5.00/5,
bestintheworld_CH,Drugs/Cannabis/Weed,High Quality 5g Super Amnesia haze ♥ Coffeeshop Quality ♥ EU only ♥ FE [Worldwide Stealth],High purity 5g Super Amnesia haze ♥ Coffeeshop Quality ♥ EU only ♥ FE at competitive market prices. Fully tested batch. Customer satisfaction is our top priority.,0.133539 BTC,Belgium,World Wide (no Australia),5.00/5,
bestintheworld_CH,Drugs/Cannabis/Hash,High Quality 10g Caramello hash ♥ World Wide ♥ ESCROW [Purity Tested],"Premium 10g Caramello hash ♥ World Wide ♥ ESCROW sourced directly from verified labs. Fast, reliable service. Please include your PGP encrypted address when ordering.",0.221618 BTC,Belgium,Worldwide,4.96/5,
bestintheworld_CH,Drugs/Cannabis/Weed,10g Sour Diesel Haze ♥ Coffeeshop Quality ♥ World Wide ♥ FE,We are back on NightMarket offering our verified 10g Sour Diesel Haze ♥ Coffeeshop Quality ♥ World Wide ♥ FE. Guaranteed 99% quality and stealth packaging. Contact via PGP for bulk orders.,0.209996 BTC,Belgium,World wide (no Australia),5.00/5,
bestintheworld_CH,Drugs/Cannabis/Weed,2.5g Super Amnesia haze ♥ Coffeeshop Quality ♥ World Wide ♥ FE,2.5g Super Amnesia haze ♥ Coffeeshop Quality ♥ World Wide ♥ FE available now. All orders dispatched within 24 hours of payment confirmation. Domestic and international stealth available.,0.042215 BTC,Belgium,World Wide (no Australia),4.89/5,
bestintheworld_CH,Drugs/Ecstasy/Pills,High Quality 10x Orange Wifi 200mg+ ESCROW [Escrow Ready],We are back on NightMarket offering our verified 10x Orange Wifi 200mg+ ESCROW. Guaranteed high grade quality and stealth packaging. Contact via PGP for bulk orders.,0.148912 BTC,Belgium,Worldwide,4.74/5,
bestintheworld_CH,Drugs/Ecstasy/Pills,Direct Source 3x Orange Wifi 200mg+ FE,High purity 3x Orange Wifi 200mg+ FE at competitive market prices. Fully tested batch. Customer satisfaction is our top priority.,0.025531 BTC,Belgium,World-Wide,5.00/5,
bestintheworld_CH,Drugs/Cannabis/Weed,deleted,High purity deleted at competitive market prices. Fully tested batch. Customer satisfaction is our top priority.,0.002398 BTC,Belgium,Europe,4.88/5,
bestintheworld_CH,Drugs/Cannabis/Weed,100% Pure 2.5g Super Silver Haze ♥ Coffeeshop Quality ♥ World Wide ♥ FE,High purity 2.5g Super Silver Haze ♥ Coffeeshop Quality ♥ World Wide ♥ FE at competitive market prices. Fully tested batch. Customer satisfaction is our top priority.,0.045889 BTC,Belgium,World wide (no Australia),5.00/5,
bestintheworld_CH,Drugs/Cannabis/Weed,Exclusive 25g Medicenal Snow-white ♥ Coffeeshop Quality ♥ EU only ♥ Escrow,We are back on NightMarket offering our verified 25g Medicenal Snow-white ♥ Coffeeshop Quality ♥ EU only ♥ Escrow. Guaranteed premium quality and stealth packaging. Contact via PGP for bulk orders.,0.490017 BTC,Belgium,Europe,5.00/5,
bestintheworld_CH,Drugs/Cannabis/Weed,10g Super Silver Haze ♥ Coffeeshop Quality ♥ World Wide ♥ FE [Worldwide Stealth],We are back on NightMarket offering our verified 10g Super Silver Haze ♥ Coffeeshop Quality ♥ World Wide ♥ FE. Guaranteed premium quality and stealth packaging. Contact via PGP for bulk orders.,0.201854 BTC,Belgium,World wide (no Australia),5.00/5,
bestintheworld_CH,Drugs/Cannabis/Weed,2.5g Medicenal Snow-white ♥ Coffeeshop Quality ♥ EU only ♥ Escrow [Original Batch],High purity 2.5g Medicenal Snow-white ♥ Coffeeshop Quality ♥ EU only ♥ Escrow at competitive market prices. Fully tested batch. Customer satisfaction is our top priority.,0.060915 BTC,Belgium,Europe,4.97/5,
bestintheworld_CH,Drugs/Cannabis/Weed,25g Super Amnesia haze ♥ Coffeeshop Quality ♥ EU only ♥ FE,High purity 25g Super Amnesia haze ♥ Coffeeshop Quality ♥ EU only ♥ FE at competitive market prices. Fully tested batch. Customer satisfaction is our top priority.,0.570741 BTC,Belgium,World Wide (no Australia),4.86/5,
bestintheworld_CH,Drugs/Cannabis/Weed,10g Super Silver Haze ♥ Coffeeshop Quality ♥ World Wide ♥ ESCROW [Escrow Ready],High purity 10g Super Silver Haze ♥ Coffeeshop Quality ♥ World Wide ♥ ESCROW at competitive market prices. Fully tested batch. Customer satisfaction is our top priority.,0.226738 BTC,Belgium,Europe,4.88/5,
bestintheworld_CH,Drugs/Cannabis/Weed,2.5g Super Budget Mix ♥ Coffeeshop Quality ♥ World Wide ♥ FE,2.5g Super Budget Mix  ♥ Coffeeshop Quality ♥ World Wide ♥ FE available now. All orders dispatched within 24 hours of payment confirmation. Domestic and international stealth available.,0.027517 BTC,USA,Worldwide,5.00/5,
bestintheworld_CH,Drugs/Cannabis/Weed,100g Sour Diesel Haze ♥ Coffeeshop Quality ♥ World Wide ♥ FE,"Premium 100g Sour Diesel Haze ♥ Coffeeshop Quality ♥ World Wide ♥ FE sourced directly from verified labs. Fast, reliable service. Please include your PGP encrypted address when ordering.",1.647137 BTC,Belgium,Worldwide,4.91/5,
bestintheworld_CH,Drugs/Cannabis/Weed,Exclusive 10g Super Amnesia haze ♥ Coffeeshop Quality ♥ EU only ♥ Escrow,"Welcome to our official NightMarket shop! 10g Super Amnesia haze ♥ Coffeeshop Quality ♥ EU only ♥ Escrow ready for instant dispatch. Double vacuum sealed, professional MBB stealth. 99% delivery rate across Europe.",0.228416 BTC,Belgium,Europe,5.00/5,
bestintheworld_CH,Drugs/Cannabis/Weed,500g Super Amnesia haze ♥ Coffeeshop Quality ♥ World Wide ♥ FE,High purity 500g Super Amnesia haze ♥ Coffeeshop Quality ♥ World Wide ♥ FE at competitive market prices. Fully tested batch. Customer satisfaction is our top priority.,4.815250 BTC,Belgium,Europe,5.00/5,
bestintheworld_CH,Drugs/Cannabis/Weed,50g Super Amnesia haze ♥ Coffeeshop Quality ♥ EU only ♥ FE [Worldwide Stealth],"Premium 50g Super Amnesia haze ♥ Coffeeshop Quality ♥ EU only ♥ FE sourced directly from verified labs. Fast, reliable service. Please include your PGP encrypted address when ordering.",2474.244555 BTC,Belgium,Europe,4.85/5,
bestintheworld_CH,Drugs/Cannabis/Weed,10g Sour Diesel Haze ♥ Coffeeshop Quality ♥ EU only ♥ Escrow,"Welcome to our official NightMarket shop! 10g Sour Diesel Haze ♥ Coffeeshop Quality ♥ EU only ♥ Escrow ready for instant dispatch. Double vacuum sealed, professional MBB stealth. 99% delivery rate across Europe.",0.254186 BTC,Belgium,Europe,5.00/5,
bestintheworld_CH,Drugs/Cannabis/Weed,HQ 10g Santa Maria ♥ Coffeeshop Quality ♥ World Wide ♥ FE [Purity Tested],High purity 10g Santa Maria ♥ Coffeeshop Quality ♥ World Wide ♥ FE at competitive market prices. Fully tested batch. Customer satisfaction is our top priority.,0.166461 BTC,Belgium,World-Wide,5.00/5,
Mike_77,Forgeries/Physical documents,Australia TAS Provisional Drivers Licence,"Welcome to our official NightMarket shop! Australia  TAS Provisional Drivers Licence ready for instant dispatch. Double vacuum sealed, professional MBB stealth. 99% delivery rate across worldwide.",0.711759 BTC,USA,Worldwide,4.57/5,
Mike_77,Forgeries/Physical documents,Top Grade Australia WA Heavy Vehicle Drivers Licence [Fast Shipping],"Welcome to our official NightMarket shop! Australia  WA Heavy Vehicle Drivers Licence ready for instant dispatch. Double vacuum sealed, professional MBB stealth. 99% delivery rate across worldwide.",0.603158 BTC,USA,Worldwide,4.57/5,
Mike_77,Forgeries/Physical documents,NZ Firearms Licence,"Premium NZ Firearms Licence sourced directly from verified labs. Fast, reliable service. Please include your PGP encrypted address when ordering.",0.552750 BTC,USA,Worldwide,4.48/5,
Mike_77,Forgeries/Physical documents,CUSTOM IDs !!! READ THIS,CUSTOM IDs !!! READ THIS available now. All orders dispatched within 24 hours of payment confirmation. Domestic and international stealth available.,0.890720 BTC,World,Worldwide,4.64/5,
Mike_77,Forgeries/Physical documents,custom order 4 faust [Purity Tested],custom order 4 faust available now. All orders dispatched within 24 hours of payment confirmation. Domestic and international stealth available.,4.165053 BTC,USA,Worldwide,4.69/5,
Mike_77,Counterfeits/Clothing,Dolce & Gabanna Jeans #M1 [Purity Tested],"Welcome to our official NightMarket shop! Dolce & Gabanna Jeans #M1 ready for instant dispatch. Double vacuum sealed, professional MBB stealth. 99% delivery rate across worldwide.",0.413044 BTC,HongKong,Worldwide,4.64/5,
Mike_77,Counterfeits/Clothing,Leather Louis Vuitton Sneakers (black) [Escrow Ready],Leather Louis Vuitton Sneakers (black) available now. All orders dispatched within 24 hours of payment confirmation. Domestic and international stealth available.,0.613676 BTC,HongKong,Worldwide,4.82/5,
Mike_77,Forgeries/Physical documents,Hungary Drivers Licence,High purity Hungary Drivers Licence at competitive market prices. Fully tested batch. Customer satisfaction is our top priority.,0.909388 BTC,USA,Worldwide,4.85/5,
Mike_77,Counterfeits/Clothing,Louis Vuitton Sneakers (beige),"Welcome to our official NightMarket shop! Louis Vuitton Sneakers (beige) ready for instant dispatch. Double vacuum sealed, professional MBB stealth. 99% delivery rate across worldwide.",0.382434 BTC,HongKong,Worldwide,4.63/5,
BudBo,Drugs/Cannabis/Weed,Top Grade 28g Grape God (AAA+),"Welcome to our official NightMarket shop! 28g Grape God (AAA+) ready for instant dispatch. Double vacuum sealed, professional MBB stealth. 99% delivery rate across Worldwide.",0.677478 BTC,Canada,Worldwide,4.71/5,
BudBo,Drugs/Cannabis/Weed,High Quality 3.5g Acid Kush (AAA+) [Fast Shipping],We are back on NightMarket offering our verified 3.5g Acid Kush (AAA+). Guaranteed premium quality and stealth packaging. Contact via PGP for bulk orders.,0.131026 BTC,Canada,Worldwide,4.75/5,
BudBo,Drugs/Cannabis/Weed,28g Mix/Shake (AAA+) [24/7 Auto Dispatch],"Welcome to our official NightMarket shop! 28g Mix/Shake (AAA+) ready for instant dispatch. Double vacuum sealed, professional MBB stealth. 99% delivery rate across Worldwide.",0.547953 BTC,Canada,Worldwide,4.49/5,
BudBo,Drugs/Cannabis/Weed,28g Green Crack (AAA+) [24/7 Auto Dispatch],"Premium 28g Green Crack (AAA+) sourced directly from verified labs. Fast, reliable service. Please include your PGP encrypted address when ordering.",0.543055 BTC,Canada,Worldwide,4.96/5,
BudBo,Drugs/Cannabis/Weed,Direct Source 14g Lemon Jack AAA+ [Original Batch],"Premium 14g Lemon Jack AAA+ sourced directly from verified labs. Fast, reliable service. Please include your PGP encrypted address when ordering.",0.290455 BTC,Canada,Worldwide,4.79/5,
BudBo,Drugs/Cannabis/Weed,28g Alien OG (AAA+),28g Alien OG (AAA+) available now. All orders dispatched within 24 hours of payment confirmation. Domestic and international stealth available.,0.523582 BTC,Canada,Worldwide,4.88/5,
BudBo,Drugs/Cannabis/Weed,Premium 3.5g Alien OG (AAA+),"Premium 3.5g Alien OG (AAA+) sourced directly from verified labs. Fast, reliable service. Please include your PGP encrypted address when ordering.",0.095012 BTC,Canada,Worldwide,4.68/5,
BudBo,Drugs/Cannabis/Weed,3.5g Violator Kush AAA+,We are back on NightMarket offering our verified 3.5g Violator Kush AAA+. Guaranteed 99% quality and stealth packaging. Contact via PGP for bulk orders.,0.055608 BTC,Canada,Worldwide,4.64/5,
BudBo,Drugs/Cannabis/Weed,Direct Source 14g Mix/Shake AAA+ [24/7 Auto Dispatch],High purity 14g Mix/Shake AAA+ at competitive market prices. Fully tested batch. Customer satisfaction is our top priority.,0.206327 BTC,Canada,Worldwide,4.76/5,
BudBo,Drugs/Cannabis/Weed,14g Acid Kush (AAA+) [Worldwide Stealth],14g Acid Kush (AAA+) available now. All orders dispatched within 24 hours of payment confirmation. Domestic and international stealth available.,0.392958 BTC,Canada,Worldwide,4.68/5,
BudBo,Drugs/Cannabis/Weed,Ultra Clean 14g Train Wreck Kush AAA+,We are back on NightMarket offering our verified 14g Train Wreck Kush AAA+. Guaranteed high grade quality and stealth packaging. Contact via PGP for bulk orders.,0.181014 BTC,Canada,Worldwide,4.85/5,
BudBo,Drugs/Cannabis/Weed,Exclusive 7.0g Blue Widow AAA+ [Original Batch],7.0g Blue Widow AAA+ available now. All orders dispatched within 24 hours of payment confirmation. Domestic and international stealth available.,0.135370 BTC,Canada,Worldwide,4.76/5,
BudBo,Drugs/Cannabis/Weed,100% Pure 7.0g Mix/Shake (AAA+),"Welcome to our official NightMarket shop! 7.0g Mix/Shake (AAA+) ready for instant dispatch. Double vacuum sealed, professional MBB stealth. 99% delivery rate across Worldwide.",0.136967 BTC,Canada,Worldwide,4.50/5,
BudBo,Drugs/Cannabis/Weed,Exclusive 14g Bubba Kush AAA+ [Worldwide Stealth],We are back on NightMarket offering our verified 14g Bubba Kush AAA+. Guaranteed premium quality and stealth packaging. Contact via PGP for bulk orders.,0.179989 BTC,Canada,Worldwide,4.88/5,
BudBo,Drugs/Cannabis/Weed,3.5g God's White Lightning (AAA+),High purity 3.5g God's White Lightning (AAA+) at competitive market prices. Fully tested batch. Customer satisfaction is our top priority.,0.196033 BTC,Canada,Worldwide,4.66/5,
BudBo,Drugs/Cannabis/Weed,Ultra Clean 28g Blue Widow AAA+,28g Blue Widow AAA+ available now. All orders dispatched within 24 hours of payment confirmation. Domestic and international stealth available.,0.353592 BTC,Canada,Worldwide,4.57/5,
everythingman_62,Drugs/Stimulants/Speed,Custom 1g Amphetamine Sulphate - Polish Quality - Purity +90%,1g Amphetamine Sulphate - Polish Quality - Purity +90% available now. All orders dispatched within 24 hours of payment confirmation. Domestic and international stealth available.,0.038714 BTC,EU,Worldwide,4.43/5,
everythingman_62,Drugs/Other,Premium CustomListening [Fast Shipping],"Premium CustomListening sourced directly from verified labs. Fast, reliable service. Please include your PGP encrypted address when ordering.",0.095897 BTC,EU,WORLD,4.55/5,
everythingman_62,Information/Guides,GBL TO GHB SYNTHESIS - TUTORIAL [Purity Tested],We are back on NightMarket offering our verified GBL TO GHB SYNTHESIS - TUTORIAL. Guaranteed premium quality and stealth packaging. Contact via PGP for bulk orders.,0.042479 BTC,Internet,WORLD,4.54/5,
everythingman_62,Drugs/Dissociatives/GHB,Direct Source 5g Na-GHB Powder,"Welcome to our official NightMarket shop! 5g Na-GHB Powder ready for instant dispatch. Double vacuum sealed, professional MBB stealth. 99% delivery rate across WORLD.",0.018708 BTC,EU,WORLD,4.80/5,
everythingman_62,Drugs/Other,55ml Na-GHB [24/7 Auto Dispatch],High purity 55ml Na-GHB at competitive market prices. Fully tested batch. Customer satisfaction is our top priority.,0.218250 BTC,EU,WORLD,4.61/5,
everythingman_62,Drugs/Other,Custom 100 ml 99% BASF GBL !!!,100 ml 99% BASF GBL !!! available now. All orders dispatched within 24 hours of payment confirmation. Domestic and international stealth available.,0.116301 BTC,EU,WORLD,5.00/5,
everythingman_62,Drugs/Other,100% Pure 50ml Acetic anhydride - C4H6O3,"Welcome to our official NightMarket shop! 50ml Acetic anhydride -  C4H6O3 ready for instant dispatch. Double vacuum sealed, professional MBB stealth. 99% delivery rate across WORLD.",0.131441 BTC,EU,WORLD,4.74/5,
everythingman_62,Drugs/Dissociatives/GHB,1000g Na-GHB Powder [Worldwide Stealth],"Welcome to our official NightMarket shop! 1000g Na-GHB Powder ready for instant dispatch. Double vacuum sealed, professional MBB stealth. 99% delivery rate across WORLD.",2.012691 BTC,EU,WORLD,5.00/5,
swissweed,Drugs/Stimulants/Prescription,Concerta 27mg,Concerta 27mg available now. All orders dispatched within 24 hours of payment confirmation. Domestic and international stealth available.,0.013308 BTC,Switzerland,Worldwide,4.94/5,
swissweed,Drugs/Benzos,Xanax 1mg Alprazolam [Purity Tested],"Premium Xanax 1mg Alprazolam sourced directly from verified labs. Fast, reliable service. Please include your PGP encrypted address when ordering.",0.010546 BTC,Switzerland,Worldwide,5.00/5,
swissweed,Drugs/Prescription,Verified Viagra 100mg Sildenafil Generic [Purity Tested],High purity Viagra 100mg Sildenafil Generic at competitive market prices. Fully tested batch. Customer satisfaction is our top priority.,0.008521 BTC,Switzerland,Worldwide,5.00/5,
swissweed,Drugs/Cannabis/Weed,3.5g Midgrade Weed [Purity Tested],3.5g Midgrade Weed available now. All orders dispatched within 24 hours of payment confirmation. Domestic and international stealth available.,0.122392 BTC,Switzerland,Worldwide,5.00/5,
swissweed,Drugs/Stimulants/Prescription,Ultra Clean Focalin XR 5mg,We are back on NightMarket offering our verified Focalin XR 5mg. Guaranteed lab tested quality and stealth packaging. Contact via PGP for bulk orders.,0.015767 BTC,Switzerland,Worldwide,4.81/5,
swissweed,Drugs/Stimulants/Prescription,Premium Modasomil 100mg Modafinil,"Premium Modasomil 100mg Modafinil sourced directly from verified labs. Fast, reliable service. Please include your PGP encrypted address when ordering.",0.012416 BTC,Switzerland,Worldwide,4.80/5,
swissweed,Drugs/Cannabis/Weed,Premium 9g Midgrade Weed,"Premium 9g Midgrade Weed sourced directly from verified labs. Fast, reliable service. Please include your PGP encrypted address when ordering.",0.292764 BTC,Switzerland,Worldwide,5.00/5,
swissweed,Drugs/Benzos,Exclusive Valium 10mg Diazepam,We are back on NightMarket offering our verified Valium 10mg Diazepam. Guaranteed 99% quality and stealth packaging. Contact via PGP for bulk orders.,0.009222 BTC,Switzerland,Worldwide,5.00/5,
swissweed,Drugs/Prescription,HQ Cialis 20 mg Tadalafil Generic,"Premium Cialis 20 mg Tadalafil Generic sourced directly from verified labs. Fast, reliable service. Please include your PGP encrypted address when ordering.",0.007700 BTC,Switzerland,Worldwide,4.81/5,
swissweed,Drugs/Benzos,Valium 10 mg,High purity Valium 10 mg at competitive market prices. Fully tested batch. Customer satisfaction is our top priority.,0.012203 BTC,Switzerland,Worldwide,4.94/5,
swissweed,Drugs/Stimulants/Prescription,Modvigil 200mg Modafinil [Tracked],We are back on NightMarket offering our verified Modvigil 200mg Modafinil. Guaranteed premium quality and stealth packaging. Contact via PGP for bulk orders.,0.006896 BTC,Switzerland,Worldwide,5.00/5,
swissweed,Drugs/Weight loss,Premium ECA 50mg HCL -Ephedrine [Escrow Ready],We are back on NightMarket offering our verified ECA 50mg HCL -Ephedrine. Guaranteed top tier quality and stealth packaging. Contact via PGP for bulk orders.,0.006758 BTC,Switzerland,Worldwide,4.85/5,
swissweed,Drugs/Prescription,Kamagra 100mg Jelly,Kamagra 100mg Jelly available now. All orders dispatched within 24 hours of payment confirmation. Domestic and international stealth available.,0.366531 BTC,Switzerland,Worldwide,4.89/5,
swissweed,Drugs/Stimulants/Prescription,Verified Ritalin 10mg,Ritalin 10mg available now. All orders dispatched within 24 hours of payment confirmation. Domestic and international stealth available.,0.014809 BTC,Switzerland,Worldwide,5.00/5,
swissweed,Drugs/Benzos,10x Valium 10mg Diazepam,High purity 10x Valium 10mg Diazepam at competitive market prices. Fully tested batch. Customer satisfaction is our top priority.,0.079333 BTC,Switzerland,Worldwide,5.00/5,
swissweed,Drugs/Cannabis/Weed,10g Swissweed's Weed [Tracked],10g Swissweed's Weed available now. All orders dispatched within 24 hours of payment confirmation. Domestic and international stealth available.,0.212574 BTC,Switzerland,Worldwide,5.00/5,
swissweed,Drugs/Benzos,100x Valium 10mg Diazepam [Fast Shipping],"Premium 100x Valium 10mg Diazepam sourced directly from verified labs. Fast, reliable service. Please include your PGP encrypted address when ordering.",0.682659 BTC,Switzerland,Worldwide,4.83/5,
swissweed,Drugs/Cannabis/Weed,3.5g Swissweed's Weed,"Welcome to our official NightMarket shop! 3.5g Swissweed's Weed ready for instant dispatch. Double vacuum sealed, professional MBB stealth. 99% delivery rate across Worldwide.",0.111291 BTC,Switzerland,Worldwide,5.00/5,
swissweed,Drugs/Benzos,Exclusive 50x Valium 10mg Diazepam,"Premium 50x Valium 10mg Diazepam sourced directly from verified labs. Fast, reliable service. Please include your PGP encrypted address when ordering.",0.347888 BTC,Switzerland,Worldwide,5.00/5,
swissweed,Drugs/Stimulants/Prescription,Ritalin SR 20mg,Ritalin SR 20mg available now. All orders dispatched within 24 hours of payment confirmation. Domestic and international stealth available.,0.014546 BTC,Switzerland,Worldwide,5.00/5,
swissweed,Drugs/Benzos,Exclusive Temesta 1mg Lorazepam,"Premium Temesta 1mg Lorazepam sourced directly from verified labs. Fast, reliable service. Please include your PGP encrypted address when ordering.",0.014535 BTC,Switzerland,Worldwide,5.00/5,
BudsBud1s,Drugs/Cannabis/Weed,NorCal Cali Kush - 454 grams (1 pound) - Indoor - freshly harvested [Original Batch],High purity NorCal Cali Kush - 454 grams (1 pound) - Indoor - freshly harvested at competitive market prices. Fully tested batch. Customer satisfaction is our top priority.,8.167171 BTC,USA,USA,4.52/5,
BudsBud1s,Drugs/Cannabis/Weed,Custom NorCal Cali Kush - 7 grams (1/4 ounce) - Indoor - freshly harvested [Original Batch],High purity NorCal Cali Kush - 7 grams (1/4 ounce) - Indoor - freshly harvested at competitive market prices. Fully tested batch. Customer satisfaction is our top priority.,0.208161 BTC,USA,USA,4.56/5,
BudsBud1s,Drugs/Cannabis/Weed,Exclusive Blue Dream - 14 grams (half ounce) - Indoor - Soil - Freshly Harvested [Tracked],High purity Blue Dream - 14 grams (half ounce) - Indoor - Soil - Freshly Harvested at competitive market prices. Fully tested batch. Customer satisfaction is our top priority.,0.509018 BTC,USA,USA,4.43/5,
BudsBud1s,Drugs/Cannabis/Weed,NorCal Cali Kush - 227 grams (8 ounce) - Indoor - freshly harvested,NorCal Cali Kush - 227 grams (8 ounce) - Indoor - freshly harvested available now. All orders dispatched within 24 hours of payment confirmation. Domestic and international stealth available.,4.140085 BTC,USA,USA,4.64/5,
BudsBud1s,Drugs/Cannabis/Seeds,Verified Our Legendary Guerilla ChemDawg Seeds [Original Batch],"Welcome to our official NightMarket shop! Our Legendary Guerilla ChemDawg Seeds ready for instant dispatch. Double vacuum sealed, professional MBB stealth. 99% delivery rate across worldwide.",0.118801 BTC,USA,Worldwide,4.48/5,
BudsBud1s,Drugs/Cannabis/Weed,NorCal Cali Kush - 28 grams (1 ounce) - Indoor - freshly harvested [Fast Shipping],"Welcome to our official NightMarket shop! NorCal Cali Kush - 28 grams (1 ounce) - Indoor - freshly harvested ready for instant dispatch. Double vacuum sealed, professional MBB stealth. 99% delivery rate across USA.",0.757502 BTC,USA,USA,4.41/5,
BudsBud1s,Drugs/Cannabis/Weed,NorCal Kandy Kush - 7 grams (1/4 ounce) - Greenhouse - freshly harvested,NorCal Kandy Kush - 7 grams (1/4 ounce) -  Greenhouse - freshly harvested available now. All orders dispatched within 24 hours of payment confirmation. Domestic and international stealth available.,0.083187 BTC,USA,USA,4.22/5,
BudsBud1s,Drugs/Cannabis/Weed,Direct Source Blue Dream - 454 grams (1 pound) - Indoor - Soil - Freshly Harvested,"Premium Blue Dream - 454 grams (1 pound) - Indoor - Soil - Freshly Harvested sourced directly from verified labs. Fast, reliable service. Please include your PGP encrypted address when ordering.",5.157702 BTC,USA,USA,4.60/5,
BudsBud1s,Drugs/Cannabis/Weed,High Quality Blue Dream - 227 grams (1/2 pound) - Indoor - Soil - Freshly Harvested,"Welcome to our official NightMarket shop! Blue Dream - 227 grams (1/2 pound) - Indoor - Soil - Freshly Harvested ready for instant dispatch. Double vacuum sealed, professional MBB stealth. 99% delivery rate across USA.",3.723211 BTC,USA,USA,4.43/5,
BudsBud1s,Drugs/Cannabis/Weed,High Quality NorCal Cali Kush - 113 grams (4 ounce) - Indoor - freshly harvested,High purity NorCal Cali Kush - 113 grams (4 ounce) - Indoor - freshly harvested at competitive market prices. Fully tested batch. Customer satisfaction is our top priority.,3.232296 BTC,USA,USA,4.35/5,
BudsBud1s,Drugs/Cannabis/Weed,Blue Dream - 56 grams (2 ounce) - Indoor - Soil - Freshly Harvested [Tracked],Blue Dream - 56 grams (2 ounce) - Indoor - Soil - Freshly Harvested available now. All orders dispatched within 24 hours of payment confirmation. Domestic and international stealth available.,0.838735 BTC,USA,USA,4.64/5,
BudsBud1s,Drugs/Cannabis/Edibles,Exclusive Our Legendary ChemDawg Brownies [Original Batch],"Premium Our Legendary ChemDawg Brownies sourced directly from verified labs. Fast, reliable service. Please include your PGP encrypted address when ordering.",0.021440 BTC,USA,Worldwide,4.55/5,
BudsBud1s,Drugs/Cannabis/Weed,NorCal Kandy Kush - 28 grams (1 ounce) - Greenhouse - freshly harvested,"Welcome to our official NightMarket shop! NorCal Kandy Kush - 28 grams (1 ounce) - Greenhouse - freshly harvested ready for instant dispatch. Double vacuum sealed, professional MBB stealth. 99% delivery rate across USA.",0.216060 BTC,USA,USA,4.21/5,
BudsBud1s,Drugs/Cannabis/Weed,SoCal Skywalker - 113 grams (4 ounce) - Greenhouse - freshly harvested,"Premium SoCal Skywalker - 113 grams (4 ounce) - Greenhouse - freshly harvested sourced directly from verified labs. Fast, reliable service. Please include your PGP encrypted address when ordering.",1.010218 BTC,USA,USA,4.25/5,
BudsBud1s,Drugs/Cannabis/Weed,Blue Dream - 113 grams (1/4 pound) - Indoor - Soil - Freshly Harvested [Tracked],Blue Dream - 113 grams (1/4 pound) - Indoor - Soil - Freshly Harvested available now. All orders dispatched within 24 hours of payment confirmation. Domestic and international stealth available.,2.135467 BTC,USA,USA,4.66/5,
BudsBud1s,Drugs/Cannabis/Weed,Verified Blue Dream - 3.5 grams (1/8 ounce) - Indoor - Soil - Freshly Harvested,"Welcome to our official NightMarket shop! Blue Dream - 3.5 grams (1/8 ounce) - Indoor - Soil - Freshly Harvested ready for instant dispatch. Double vacuum sealed, professional MBB stealth. 99% delivery rate across USA.",0.105180 BTC,USA,USA,4.62/5,
BudsBud1s,Drugs/Cannabis/Weed,HQ ChemDawg - 3.5 grams (1/8 ounce) - Greenhouse - freshly harvested,ChemDawg - 3.5 grams (1/8 ounce) - Greenhouse - freshly harvested available now. All orders dispatched within 24 hours of payment confirmation. Domestic and international stealth available.,0.096322 BTC,USA,Worldwide,4.51/5,
BudsBud1s,Drugs/Cannabis/Weed,NorCal Cali Kush - 3.5 grams (1/8 ounce) - Indoor - freshly harvested,High purity NorCal Cali Kush - 3.5 grams (1/8 ounce) - Indoor - freshly harvested at competitive market prices. Fully tested batch. Customer satisfaction is our top priority.,0.076948 BTC,USA,USA,4.69/5,
BudsBud1s,Drugs/Cannabis/Weed,HQ NorCal Kandy Kush - 14 grams (1/2 ounce) - Greenhouse - freshly harvested,"Welcome to our official NightMarket shop! NorCal Kandy Kush - 14 grams (1/2 ounce) - Greenhouse - freshly harvested ready for instant dispatch. Double vacuum sealed, professional MBB stealth. 99% delivery rate across USA.",0.151356 BTC,USA,USA,4.18/5,
BudsBud1s,Drugs/Cannabis/Weed,SoCal Skywalker - 7 grams (1/4 ounce) - Greenhouse - freshly harvested [Tracked],High purity SoCal Skywalker - 7 grams (1/4 ounce) - Greenhouse - freshly harvested at competitive market prices. Fully tested batch. Customer satisfaction is our top priority.,0.116425 BTC,USA,USA,4.50/5,
BudsBud1s,Drugs/Cannabis/Weed,Premium NorCal Kandy Kush - 3.5 grams (1/8 ounce) - Greenhouse - freshly harvested,"Welcome to our official NightMarket shop! NorCal Kandy Kush - 3.5 grams (1/8 ounce) -  Greenhouse - freshly harvested ready for instant dispatch. Double vacuum sealed, professional MBB stealth. 99% delivery rate across USA.",0.046268 BTC,USA,USA,4.30/5,
BudsBud1s,Drugs/Cannabis/Weed,Custom ChemDawg - 14 grams (1/2 ounce) - Greenhouse - freshly harvested,We are back on NightMarket offering our verified ChemDawg - 14 grams (1/2 ounce) - Greenhouse - freshly harvested. Guaranteed premium quality and stealth packaging. Contact via PGP for bulk orders.,0.360076 BTC,USA,Worldwide,4.62/5,
BudsBud1s,Drugs/Cannabis/Weed,ChemDawg - 56 grams (2 ounce) - Greenhouse - freshly harvested,"Premium ChemDawg - 56 grams (2 ounce) - Greenhouse - freshly harvested sourced directly from verified labs. Fast, reliable service. Please include your PGP encrypted address when ordering.",1.281813 BTC,USA,Worldwide,4.65/5,
BudsBud1s,Drugs/Cannabis/Weed,Ultra Clean SoCal Skywalker - 227 grams (8 ounce) - Greenhouse - freshly harvested [Original Batch],High purity SoCal Skywalker - 227 grams (8 ounce) - Greenhouse - freshly harvested at competitive market prices. Fully tested batch. Customer satisfaction is our top priority.,2.183201 BTC,USA,USA,4.39/5,
BudsBud1s,Drugs/Cannabis/Weed,Custom Blue Dream - 3.5 grams - Indoor - Soil - Freshly Harvested,High purity Blue Dream - 3.5 grams - Indoor - Soil - Freshly Harvested at competitive market prices. Fully tested batch. Customer satisfaction is our top priority.,0.055508 BTC,USA,USA,4.79/5,
topdealsEU,Drugs/Psychedelics/LSD,Top Grade Red Microdot LSD x1,High purity Red Microdot LSD x1 at competitive market prices. Fully tested batch. Customer satisfaction is our top priority.,0.029725 BTC,USA,Worldwide,4.90/5,
topdealsEU,Drugs/Cannabis/Hash,Direct Source Parvatti Valley 1g,We are back on NightMarket offering our verified Parvatti Valley 1g. Guaranteed top tier quality and stealth packaging. Contact via PGP for bulk orders.,0.031938 BTC,USA,Worldwide,4.93/5,
topdealsEU,Drugs/Stimulants/Cocaine,Exclusive Pure Uncut Coke 0.25g [Escrow Ready],"Welcome to our official NightMarket shop! Pure Uncut Coke 0.25g ready for instant dispatch. Double vacuum sealed, professional MBB stealth. 99% delivery rate across worldwide.",0.071093 BTC,USA,Worldwide,5.00/5,
topdealsEU,Drugs/Cannabis/Hash,Manala Charas Cream 1g,"Premium Manala Charas Cream 1g sourced directly from verified labs. Fast, reliable service. Please include your PGP encrypted address when ordering.",0.030450 BTC,uk,world,4.95/5,
topdealsEU,Drugs/Prescription,Verified Female Viagra 100mg x 4 [Purity Tested],We are back on NightMarket offering our verified Female Viagra 100mg x 4. Guaranteed high grade quality and stealth packaging. Contact via PGP for bulk orders.,0.026818 BTC,USA,Worldwide,4.68/5,
topdealsEU,Drugs/Ecstasy/MDMA,Best Quality MDMA crystals 1g [Escrow Ready],We are back on NightMarket offering our verified Best Quality MDMA crystals 1g. Guaranteed top tier quality and stealth packaging. Contact via PGP for bulk orders.,0.117385 BTC,USA,Worldwide,4.77/5,
topdealsEU,Drugs/Stimulants/Prescription,HQ Genuine Etizolam 1mg x 10 [Fast Shipping],"Welcome to our official NightMarket shop! Genuine Etizolam 1mg x 10 ready for instant dispatch. Double vacuum sealed, professional MBB stealth. 99% delivery rate across worldwide.",0.023924 BTC,USA,Worldwide,4.96/5,
topdealsEU,Drugs/Stimulants/Cocaine,Verified RAW Uncut 'Rocketfuel' Cocaine 0.25g [Purity Tested],We are back on NightMarket offering our verified RAW Uncut 'Rocketfuel' Cocaine 0.25g. Guaranteed high grade quality and stealth packaging. Contact via PGP for bulk orders.,0.097244 BTC,uk,world,4.78/5,
topdealsEU,Drugs/Stimulants/Prescription,Top Grade Generic Viagra 100mg x 10 [Tracked],High purity Generic Viagra 100mg x 10 at competitive market prices. Fully tested batch. Customer satisfaction is our top priority.,0.031077 BTC,USA,Worldwide,4.92/5,
topdealsEU,Drugs/Opioids,High Potency Indian Opium 0.5g [24/7 Auto Dispatch],"Welcome to our official NightMarket shop! High Potency Indian Opium 0.5g ready for instant dispatch. Double vacuum sealed, professional MBB stealth. 99% delivery rate across world.",0.071891 BTC,uk,world,5.00/5,
topdealsEU,Drugs/Cannabis/Hash,100% Pure Mazar-i-Sharif 1g,Mazar-i-Sharif 1g available now. All orders dispatched within 24 hours of payment confirmation. Domestic and international stealth available.,0.029450 BTC,USA,Worldwide,5.00/5,
topdealsEU,Drugs/Ecstasy/Pills,Top Grade Supermans XTC Pill x 10 (UK Vendor),We are back on NightMarket offering our verified Supermans XTC Pill x 10 (UK Vendor). Guaranteed top tier quality and stealth packaging. Contact via PGP for bulk orders.,0.190312 BTC,uk,world,5.00/5,
topdealsEU,Drugs/Cannabis/Edibles,Dutch Super Polm & Hash Oil Cookies x 15 [Worldwide Stealth],"Premium Dutch Super Polm & Hash Oil Cookies x 15 sourced directly from verified labs. Fast, reliable service. Please include your PGP encrypted address when ordering.",0.054910 BTC,UK,uk,4.91/5,
topdealsEU,Drugs/Cannabis/Hash,Dutch Super Polm 1g,High purity Dutch Super Polm 1g at competitive market prices. Fully tested batch. Customer satisfaction is our top priority.,0.035965 BTC,USA,Worldwide,4.93/5,
topdealsEU,Drugs/Cannabis/Hash,Custom coffeeshop sample listing 3 x 1g,"Premium Custom coffeeshop sample listing 3 x 1g sourced directly from verified labs. Fast, reliable service. Please include your PGP encrypted address when ordering.",0.049113 BTC,USA,Worldwide,4.83/5,
CanadianCannabisUS,Drugs/Cannabis/Weed,7g / 1/4 oz - Potent AAA Cannabis from Canada [Tracked],"Premium 7g / 1/4 oz - Potent AAA Cannabis from Canada sourced directly from verified labs. Fast, reliable service. Please include your PGP encrypted address when ordering.",0.535660 BTC,Canada,Worldwide,4.75/5,
ScoobyDooSmokes67,Drugs/Cannabis/Concentrates,3.5 Grams BHO Platinum OG! Free Priority Shipping W/Tracking!,"Premium 3.5 Grams BHO Platinum OG! Free Priority Shipping W/Tracking! sourced directly from verified labs. Fast, reliable service. Please include your PGP encrypted address when ordering.",0.314435 BTC,USA,Worldwide,4.98/5,
ScoobyDooSmokes67,Drugs/Cannabis/Concentrates,7 Grams Lemon Drop BHO! Free Priority Shipping w/tracking!,"Premium 7 Grams Lemon Drop BHO! Free Priority Shipping w/tracking! sourced directly from verified labs. Fast, reliable service. Please include your PGP encrypted address when ordering.",0.386572 BTC,USA,USA,4.94/5,
ScoobyDooSmokes67,Drugs/Cannabis/Concentrates,7 Grams Blue Cough BHO! Free Priority Shipping w/tracking! [Escrow Ready],High purity 7 Grams Blue Cough BHO! Free Priority Shipping w/tracking! at competitive market prices. Fully tested batch. Customer satisfaction is our top priority.,0.286456 BTC,USA,USA,4.92/5,
ScoobyDooSmokes67,Drugs/Cannabis/Concentrates,3.5 Grams BHO! Platinum OG Wax! Free Priority Shipping W/Tracking!,3.5 Grams BHO! Platinum OG Wax! Free Priority Shipping W/Tracking! available now. All orders dispatched within 24 hours of payment confirmation. Domestic and international stealth available.,0.429172 BTC,USA,Worldwide,4.81/5,
ScoobyDooSmokes67,Drugs/Cannabis/Concentrates,3.5 Grams Lemon Drop BHO! Free Priority Shipping w/tracking!,"Premium 3.5 Grams Lemon Drop BHO! Free Priority Shipping w/tracking! sourced directly from verified labs. Fast, reliable service. Please include your PGP encrypted address when ordering.",0.212601 BTC,USA,Worldwide,4.90/5,
ScoobyDooSmokes67,Drugs/Cannabis/Hash,7 Grams BHO Pineapple Kush! Free Shipping!,7 Grams BHO Pineapple Kush! Free Shipping! available now. All orders dispatched within 24 hours of payment confirmation. Domestic and international stealth available.,0.412748 BTC,USA,Worldwide,5.00/5,
ScoobyDooSmokes67,Drugs/Cannabis/Concentrates,7 Grams BHO! Platinum OG Wax! Free 1st class Shipping W/Tracking! [Original Batch],"Welcome to our official NightMarket shop! 7 Grams BHO! Platinum OG Wax! Free 1st class Shipping W/Tracking! ready for instant dispatch. Double vacuum sealed, professional MBB stealth. 99% delivery rate across worldwide.",0.935981 BTC,USA,Worldwide,4.93/5,
ScoobyDooSmokes67,Drugs/Cannabis/Concentrates,7 Grams BHO! Pineapple Kush Errl! Very Tasty Terpy! Easy to Handle!Free Fast Priority Shipping!,We are back on NightMarket offering our verified 7 Grams BHO! Pineapple Kush Errl! Very Tasty Terpy! Easy to Handle!Free Fast Priority Shipping!. Guaranteed high grade quality and stealth packaging. Contact via PGP for bulk orders.,0.485209 BTC,USA,USA,5.00/5,
ScoobyDooSmokes67,Drugs/Cannabis/Concentrates,100% Pure 3.5 Grams OG Kush BHO! Free Priority Shipping W/Tracking!,3.5 Grams OG Kush BHO! Free Priority Shipping W/Tracking! available now. All orders dispatched within 24 hours of payment confirmation. Domestic and international stealth available.,0.253613 BTC,USA,Worldwide,5.00/5,
ScoobyDooSmokes67,Drugs/Cannabis/Weed,28 Grams Agent Orange Variety! Cool Sativa! Free Priority Shipping!! [Fast Shipping],"Welcome to our official NightMarket shop! 28 Grams Agent Orange Variety! Cool Sativa! Free Priority Shipping!! ready for instant dispatch. Double vacuum sealed, professional MBB stealth. 99% delivery rate across worldwide.",0.680031 BTC,USA,Worldwide,5.00/5,
ScoobyDooSmokes67,Drugs/Cannabis/Concentrates,Premium 7 Grams BHO Girl Scout Durban! Nice Sativa Dominant Hybrid! Free Priority W/Tracking!,"Premium 7 Grams BHO Girl Scout Durban! Nice Sativa Dominant Hybrid! Free Priority W/Tracking! sourced directly from verified labs. Fast, reliable service. Please include your PGP encrypted address when ordering.",0.568593 BTC,USA,Worldwide,5.00/5,
ScoobyDooSmokes67,Drugs/Cannabis/Concentrates,Top Grade 7 Grams BHO! Platinum OG Wax! Free Priority Shipping W/Tracking!,We are back on NightMarket offering our verified 7 Grams BHO! Platinum OG Wax! Free Priority Shipping W/Tracking!. Guaranteed 99% quality and stealth packaging. Contact via PGP for bulk orders.,0.788323 BTC,USA,Worldwide,5.00/5,
ScoobyDooSmokes67,Drugs/Cannabis/Weed,Premium 28 Grams OG Platinum-Top Shelf Outdoor- 1 OZ,"Premium 28 Grams OG Platinum-Top Shelf Outdoor- 1 OZ sourced directly from verified labs. Fast, reliable service. Please include your PGP encrypted address when ordering.",0.644133 BTC,USA,Worldwide,4.92/5,
ScoobyDooSmokes67,Drugs/Cannabis/Concentrates,7 Grams BHO! Pineapple Kush Errl! Very Tasty Terpy! Free Fast Priority Shipping!,"Welcome to our official NightMarket shop! 7 Grams BHO! Pineapple Kush Errl! Very Tasty Terpy! Free Fast Priority Shipping! ready for instant dispatch. Double vacuum sealed, professional MBB stealth. 99% delivery rate across worldwide.",0.561333 BTC,USA,Worldwide,5.00/5,
ScoobyDooSmokes67,Drugs/Cannabis/Concentrates,7 Grams OG Kush! Free Priority Shipping W/Tracking! [24/7 Auto Dispatch],7 Grams OG Kush! Free Priority Shipping W/Tracking! available now. All orders dispatched within 24 hours of payment confirmation. Domestic and international stealth available.,0.435299 BTC,USA,Worldwide,4.82/5,
ScoobyDooSmokes67,Drugs/Cannabis/Concentrates,7 Grams BHO Platinum OG! Free Priority Shipping/WTracking!,We are back on NightMarket offering our verified 7 Grams BHO Platinum OG! Free Priority Shipping/WTracking!. Guaranteed lab tested quality and stealth packaging. Contact via PGP for bulk orders.,0.538726 BTC,USA,Worldwide,5.00/5,
eBay,Drugs/Ecstasy/Pills,"10 x 220 MG XTC Pills ""Ghosts""","Welcome to our official NightMarket shop! 10 x 220 MG XTC Pills ""Ghosts"" ready for instant dispatch. Double vacuum sealed, professional MBB stealth. 99% delivery rate across worldwide.",0.115427 BTC,World,Worldwide,4.61/5,
Meanwhile_in_Australia,Drugs/Ecstasy/MDMA,1G Rock MDMA,High purity 1G Rock MDMA at competitive market prices. Fully tested batch. Customer satisfaction is our top priority.,0.222882 BTC,Australia,Worldwide,5.00/5,
wertu,Drugs/Ecstasy/Pills,5 x P2 Pills,High purity 5 x P2 Pills at competitive market prices. Fully tested batch. Customer satisfaction is our top priority.,0.053589 BTC,EU,Worldwide,4.72/5,
wertu,Drugs/Stimulants/Cocaine,1 Gr UNCUT COCAINE / 90% - No Bullshit - [Worldwide Stealth],1 Gr UNCUT COCAINE / 90% - No Bullshit - available now. All orders dispatched within 24 hours of payment confirmation. Domestic and international stealth available.,0.219541 BTC,EU Rus & S. America,WW except Aus  Rus & S. America,4.74/5,
wertu,Drugs/Ecstasy/Other,10 g Mephedrone Flintstone Rock,We are back on NightMarket offering our verified 10 g Mephedrone Flintstone Rock. Guaranteed top tier quality and stealth packaging. Contact via PGP for bulk orders.,0.441018 BTC,EU NZ & Russia,WW except AUS  NZ & Russia,4.76/5,
wertu,Drugs/Ecstasy/Other,5 g Mephedrone Flintstone Rock [Tracked],"Welcome to our official NightMarket shop! 5 g Mephedrone Flintstone Rock ready for instant dispatch. Double vacuum sealed, professional MBB stealth. 99% delivery rate across WW except AUS  NZ & Russia.",0.284966 BTC,EU NZ & Russia,WW except AUS  NZ & Russia,4.90/5,
wertu,Drugs/Other,100% Pure 2 g Mephedrone Flintstone Rock [Escrow Ready],"Welcome to our official NightMarket shop! 2 g Mephedrone Flintstone Rock ready for instant dispatch. Double vacuum sealed, professional MBB stealth. 99% delivery rate across WW except AUS  NZ & Russia.",0.151616 BTC,EU NZ & Russia,WW except AUS  NZ & Russia,4.65/5,
wertu,Drugs/Stimulants/Cocaine,HQ 0.2 Gr UNCUT COCAINE / 90% - No Bullshit - SAMPLE,We are back on NightMarket offering our verified 0.2 Gr UNCUT COCAINE / 90% - No Bullshit - SAMPLE. Guaranteed high grade quality and stealth packaging. Contact via PGP for bulk orders.,0.069897 BTC,EU Rus & S.America,WW except Aus  Rus & S.America,4.54/5,
wertu,Drugs/Stimulants/Cocaine,Custom Cocaine Sample,Cocaine Sample available now. All orders dispatched within 24 hours of payment confirmation. Domestic and international stealth available.,0.000153 BTC,USA,Worldwide,5.00/5,
wertu,Drugs/Other,25 g Mephedrone Flintstone Rock [Original Batch],"Premium 25 g Mephedrone Flintstone Rock sourced directly from verified labs. Fast, reliable service. Please include your PGP encrypted address when ordering.",0.970217 BTC,EU NZ & Russia,WW except AUS  NZ & Russia,4.96/5,
wertu,Drugs/Stimulants/Cocaine,0.5 Gr UNCUT COCAINE / 90% - No Bullshit -,"Premium 0.5 Gr UNCUT COCAINE / 90% - No Bullshit - sourced directly from verified labs. Fast, reliable service. Please include your PGP encrypted address when ordering.",0.162297 BTC,EU Rus & S.america,WW except Aus  Rus & S.america,4.56/5,
wertu,Drugs/Other,Verified 20 x P2 Pills (Pentedrone) [Purity Tested],"Welcome to our official NightMarket shop! 20 x P2 Pills (Pentedrone) ready for instant dispatch. Double vacuum sealed, professional MBB stealth. 99% delivery rate across WW except Aus  Ru & S.Am.",0.156438 BTC,EU Ru & S.Am,WW except Aus  Ru & S.Am,4.53/5,
wertu,Drugs/Ecstasy/Pills,50 x P2 Pills (Pentedrone),High purity 50 x P2 Pills (Pentedrone) at competitive market prices. Fully tested batch. Customer satisfaction is our top priority.,0.218177 BTC,EU,Worldwide,4.97/5,
wertu,Drugs/Ecstasy/Other,Ultra Clean 50 g Mephedrone Flintstone Rock [Original Batch],We are back on NightMarket offering our verified 50 g Mephedrone Flintstone Rock. Guaranteed lab tested quality and stealth packaging. Contact via PGP for bulk orders.,1.944135 BTC,EU NZ & Russia,WW except AUS  NZ & Russia,4.84/5,
wertu,Drugs/Ecstasy/Pills,10 x P2 Pills (Pentedrone),"Welcome to our official NightMarket shop! 10 x P2 Pills (Pentedrone) ready for instant dispatch. Double vacuum sealed, professional MBB stealth. 99% delivery rate across ww except Aus  Ru & S.america.",0.067810 BTC,EU Ru & S.america,ww except Aus  Ru & S.america,4.40/5,
wertu,Drugs/Other,100g Mephedrone Flintstone Rock,100g Mephedrone Flintstone Rock available now. All orders dispatched within 24 hours of payment confirmation. Domestic and international stealth available.,2.906627 BTC,EU NZ & Russia,WW except AUS  NZ & Russia,4.74/5,
wertu,Drugs/RCs,100% Pure 1 g Mephedrone Flintstone Rock [Fast Shipping],High purity 1 g Mephedrone Flintstone Rock at competitive market prices. Fully tested batch. Customer satisfaction is our top priority.,0.079344 BTC,EU NZ & Russia,WW except AUS  NZ & Russia,4.55/5,
xRed_Bullx,Information/eBooks,Custom The Great Big Narcotics Cookbook EBOOK PDF,We are back on NightMarket offering our verified The Great Big Narcotics Cookbook EBOOK PDF. Guaranteed lab tested quality and stealth packaging. Contact via PGP for bulk orders.,0.012486 BTC,Internet,Worldwide,4.70/5,
xRed_Bullx,Drugs/Prescription,10x pill Super Delgra 100mg/60mg (100mg Sildenafile & 60mg Dapoxetine) - Generic VIAGRA,"Premium 10x pill Super Delgra 100mg/60mg (100mg Sildenafile & 60mg Dapoxetine) - Generic VIAGRA sourced directly from verified labs. Fast, reliable service. Please include your PGP encrypted address when ordering.",0.071468 BTC,Germany,Worldwide,4.97/5,
xRed_Bullx,Drugs/Benzos,High Quality 20x pill Alprazolam 1mg Ksalol (generic Xanax),"Welcome to our official NightMarket shop! 20x pill Alprazolam 1mg Ksalol (generic Xanax) ready for instant dispatch. Double vacuum sealed, professional MBB stealth. 99% delivery rate across Worldwide.",0.072651 BTC,Germany,Worldwide,4.94/5,
xRed_Bullx,Drugs/Benzos,Premium 20x pill Lorazepam 2.5mg (generic Ativan/Tavor),We are back on NightMarket offering our verified 20x pill Lorazepam 2.5mg (generic Ativan/Tavor). Guaranteed lab tested quality and stealth packaging. Contact via PGP for bulk orders.,0.092760 BTC,Germany,Worldwide,4.90/5,
xRed_Bullx,Drugs/Benzos,10x pill Alprazolam 1mg Ksalol (generic Xanax) [Escrow Ready],We are back on NightMarket offering our verified 10x pill Alprazolam 1mg Ksalol (generic Xanax). Guaranteed top tier quality and stealth packaging. Contact via PGP for bulk orders.,0.036245 BTC,Germany,Worldwide,4.81/5,
xRed_Bullx,Drugs/Prescription,4x pill KAMAGRA 100mg Sildenafil - Generic VIAGRA [Original Batch],4x pill KAMAGRA 100mg Sildenafil - Generic VIAGRA available now. All orders dispatched within 24 hours of payment confirmation. Domestic and international stealth available.,0.024344 BTC,Germany,Worldwide,4.72/5,
xRed_Bullx,Drugs/Benzos,HQ 50x pill Bromazepam 6mg (generic Lexotanil) [Original Batch],"Premium 50x pill Bromazepam 6mg (generic Lexotanil) sourced directly from verified labs. Fast, reliable service. Please include your PGP encrypted address when ordering.",0.177710 BTC,Germany,Worldwide,4.97/5,
xRed_Bullx,Drugs/Prescription,Ultra Clean 20x pill Zolpidem 10mg original Stilnox/Ambien brand [24/7 Auto Dispatch],"Welcome to our official NightMarket shop! 20x pill Zolpidem 10mg original Stilnox/Ambien brand ready for instant dispatch. Double vacuum sealed, professional MBB stealth. 99% delivery rate across Worldwide.",0.112575 BTC,Germany,Worldwide,4.86/5,
xRed_Bullx,Drugs/Opioids,Premium 10x pill Tramadol 50mg Instant Release Version IR,10x pill Tramadol 50mg Instant Release Version IR available now. All orders dispatched within 24 hours of payment confirmation. Domestic and international stealth available.,0.037262 BTC,Germany,Worldwide,4.99/5,
xRed_Bullx,Drugs/Benzos,100% Pure 50x pill Alprazolam 1mg Ksalol (generic Xanax),"Premium 50x pill Alprazolam 1mg Ksalol (generic Xanax) sourced directly from verified labs. Fast, reliable service. Please include your PGP encrypted address when ordering.",0.175161 BTC,Germany,Worldwide,4.72/5,
xRed_Bullx,Drugs/Benzos,10x pill Bromazepam 6mg (generic Lexotanil) [Fast Shipping],We are back on NightMarket offering our verified 10x pill Bromazepam 6mg (generic Lexotanil). Guaranteed high grade quality and stealth packaging. Contact via PGP for bulk orders.,0.036895 BTC,Germany,Worldwide,5.00/5,
xRed_Bullx,Drugs/Prescription,8x pill KAMAGRA 100mg Sildenafil - Generic VIAGRA,High purity 8x pill KAMAGRA 100mg Sildenafil - Generic VIAGRA at competitive market prices. Fully tested batch. Customer satisfaction is our top priority.,0.052018 BTC,Germany,Worldwide,5.00/5,
xRed_Bullx,Drugs/Benzos,Premium 100x pill Alprazolam 1mg Ksalol (generic Xanax),"Welcome to our official NightMarket shop! 100x pill Alprazolam 1mg Ksalol (generic Xanax) ready for instant dispatch. Double vacuum sealed, professional MBB stealth. 99% delivery rate across Worldwide.",0.239304 BTC,Germany,Worldwide,5.00/5,
laWnmoWermAn,Drugs/Cannabis/Weed,Verified 1/4 ounce of Green Love Potion - Ship to USA,"Welcome to our official NightMarket shop! 1/4 ounce of Green Love Potion - Ship to USA ready for instant dispatch. Double vacuum sealed, professional MBB stealth. 99% delivery rate across USA.",0.273448 BTC,USA,USA,4.81/5,
laWnmoWermAn,Drugs/Cannabis/Weed,1/4 ounce of Burmese Kush - Ship to USA,"Premium 1/4 ounce of Burmese Kush - Ship to USA sourced directly from verified labs. Fast, reliable service. Please include your PGP encrypted address when ordering.",0.236945 BTC,USA,USA,5.00/5,
laWnmoWermAn,Drugs/Cannabis/Weed,Ultra Clean 1/8 ounce of Burmese Kush - Ship to USA [Tracked],"Welcome to our official NightMarket shop! 1/8 ounce of Burmese Kush - Ship to USA ready for instant dispatch. Double vacuum sealed, professional MBB stealth. 99% delivery rate across USA.",0.148084 BTC,USA,USA,4.78/5,
laWnmoWermAn,Drugs/Cannabis/Weed,1/8 ounce of Green Love Potion - Ship to USA [Fast Shipping],We are back on NightMarket offering our verified 1/8 ounce of Green Love Potion - Ship to USA. Guaranteed high grade quality and stealth packaging. Contact via PGP for bulk orders.,0.120767 BTC,USA,USA,5.00/5,
laWnmoWermAn,Drugs/Cannabis/Weed,1/2 ounce of Lemon Kush - Ship to USA,"Welcome to our official NightMarket shop! 1/2 ounce of Lemon Kush - Ship to USA ready for instant dispatch. Double vacuum sealed, professional MBB stealth. 99% delivery rate across USA.",0.473746 BTC,USA,USA,5.00/5,
laWnmoWermAn,Drugs/Cannabis/Weed,1/2 ounce of White Widow - Ship to USA,1/2 ounce of White Widow - Ship to USA available now. All orders dispatched within 24 hours of payment confirmation. Domestic and international stealth available.,0.433151 BTC,USA,USA,4.99/5,
laWnmoWermAn,Drugs/Cannabis/Weed,1 ounce of Matanuska Tundra - Ship to USA,"Premium 1 ounce of Matanuska Tundra - Ship to USA sourced directly from verified labs. Fast, reliable service. Please include your PGP encrypted address when ordering.",0.802901 BTC,USA,USA,4.84/5,
laWnmoWermAn,Drugs/Cannabis/Weed,1/8 ounce of Cherry Pie - Ship to USA [Tracked],High purity 1/8 ounce of Cherry Pie - Ship to USA at competitive market prices. Fully tested batch. Customer satisfaction is our top priority.,0.101084 BTC,USA,USA,5.00/5,
laWnmoWermAn,Drugs/Cannabis/Weed,1/8 ounce of White Diesel - Ship to USA,"Premium 1/8 ounce of White Diesel - Ship to USA sourced directly from verified labs. Fast, reliable service. Please include your PGP encrypted address when ordering.",0.099040 BTC,USA,USA,4.93/5,
drk_SocksRocksLo,Drugs/Stimulants/Prescription,20x Adderall I.R. 20mg - FE SALE! $14/tab. Crushable snortable. Fast Free Shipping! [Tracked],We are back on NightMarket offering our verified 20x Adderall I.R. 20mg - FE SALE! $14/tab. Crushable  snortable. Fast  Free Shipping!. Guaranteed 99% quality and stealth packaging. Contact via PGP for bulk orders.,0.753882 BTC,USA,USA,4.96/5,
drk_SocksRocksLo,Drugs/Stimulants/Prescription,20x Adderall I.R. 20mg - FE SALE! $12/tab. Crushable snortable. Fast Free Shipping!,We are back on NightMarket offering our verified 20x Adderall I.R. 20mg - FE SALE! $12/tab. Crushable  snortable. Fast  Free Shipping!. Guaranteed top tier quality and stealth packaging. Contact via PGP for bulk orders.,0.746909 BTC,USA,USA,5.00/5,
drk_SocksRocksLo,Drugs/Cannabis/Weed,"1/2 Ounce - 14 grams of ""Connisuer Grade"" Romulan Grapefruit - $145 - Free Shipping [Tracked]","We are back on NightMarket offering our verified 1/2 Ounce - 14 grams of ""Connisuer Grade"" Romulan Grapefruit - $145 - Free Shipping. Guaranteed top tier quality and stealth packaging. Contact via PGP for bulk orders.",0.157417 BTC,USA,USA,5.00/5,
aMsint,Drugs/Cannabis/Weed,WHITE WIDOW 200gr,WHITE WIDOW 200gr available now. All orders dispatched within 24 hours of payment confirmation. Domestic and international stealth available.,5.246877 BTC,Netherlands,Worldwide,4.59/5,
aMsint,Drugs/Cannabis/Weed,Top Grade WHITE WIDOW 10gr. Free Shipping,WHITE WIDOW 10gr. Free Shipping available now. All orders dispatched within 24 hours of payment confirmation. Domestic and international stealth available.,0.358574 BTC,Netherlands,EU,4.92/5,
aMsint,Drugs/Cannabis/Weed,Ultra Clean 50Gr. Afghan Kush Free Shipping,"Premium 50Gr. Afghan Kush Free Shipping sourced directly from verified labs. Fast, reliable service. Please include your PGP encrypted address when ordering.",1.919948 BTC,Netherlands,Europe,4.81/5,
aMsint,Drugs/Cannabis/Weed,DIESEL 1000Gr.,"Premium DIESEL 1000Gr. sourced directly from verified labs. Fast, reliable service. Please include your PGP encrypted address when ordering.",30.046342 BTC,Netherlands,Europe,4.69/5,
aMsint,Drugs/Cannabis/Weed,Sample 0.5gr AFGHAN KUSH,We are back on NightMarket offering our verified Sample 0.5gr AFGHAN KUSH. Guaranteed high grade quality and stealth packaging. Contact via PGP for bulk orders.,0.015789 BTC,Netherlands,Worldwide,5.00/5,
aMsint,Drugs/Cannabis/Weed,DIESEL 100Gr.,We are back on NightMarket offering our verified DIESEL 100Gr.. Guaranteed premium quality and stealth packaging. Contact via PGP for bulk orders.,3.700917 BTC,Netherlands,Europe,4.71/5,
aMsint,Drugs/Cannabis/Hash,500 gr. Oily KETAMA [Purity Tested],500 gr. Oily KETAMA available now. All orders dispatched within 24 hours of payment confirmation. Domestic and international stealth available.,10.105362 BTC,Netherlands,EU,4.77/5,
aMsint,Drugs/Cannabis/Weed,AMNESIA HAZE 10gr.,"Welcome to our official NightMarket shop! AMNESIA HAZE 10gr. ready for instant dispatch. Double vacuum sealed, professional MBB stealth. 99% delivery rate across worldwide.",0.252725 BTC,Netherlands,Worldwide,4.78/5,
aMsint,Drugs/Cannabis/Weed,SnowWhite 50Gr. [Worldwide Stealth],SnowWhite 50Gr. available now. All orders dispatched within 24 hours of payment confirmation. Domestic and international stealth available.,0.813730 BTC,Netherlands,Worldwide,4.90/5,
aMsint,Drugs/Cannabis/Hash,High Quality Cardala 10gr. Free shipping,Cardala 10gr. Free shipping available now. All orders dispatched within 24 hours of payment confirmation. Domestic and international stealth available.,0.379312 BTC,Netherlands,Worldwide,4.67/5,
aMsint,Drugs/Cannabis/Weed,HQ POWER PLANT 50gr.,We are back on NightMarket offering our verified POWER PLANT 50gr.. Guaranteed high grade quality and stealth packaging. Contact via PGP for bulk orders.,0.951382 BTC,Netherlands,Worldwide,4.85/5,
aMsint,Drugs/Cannabis/Weed,Free sample 0.5gr. PowerPlant,Free sample 0.5gr. PowerPlant available now. All orders dispatched within 24 hours of payment confirmation. Domestic and international stealth available.,0.008503 BTC,Netherlands,Worldwide,4.77/5,
aMsint,Drugs/Cannabis/Weed,Exclusive 10gr. Afghan Kush Free Shipping,High purity 10gr. Afghan Kush Free Shipping at competitive market prices. Fully tested batch. Customer satisfaction is our top priority.,0.338555 BTC,Netherlands,Europe,4.69/5,
aMsint,Drugs/Cannabis/Hash,MAROC Nr.1 Block 100gr.,"Welcome to our official NightMarket shop! MAROC Nr.1 Block 100gr. ready for instant dispatch. Double vacuum sealed, professional MBB stealth. 99% delivery rate across worldwide.",0.800619 BTC,Netherlands,Worldwide,4.85/5,
aMsint,Drugs/Cannabis/Weed,WHITE WIDOW 1000gr,WHITE WIDOW 1000gr available now. All orders dispatched within 24 hours of payment confirmation. Domestic and international stealth available.,29.641278 BTC,Netherlands,Worldwide,4.54/5,
aMsint,Drugs/Cannabis/Weed,Direct Source WHITE WIDOW 500gr,WHITE WIDOW 500gr available now. All orders dispatched within 24 hours of payment confirmation. Domestic and international stealth available.,15.168917 BTC,Netherlands,Worldwide,4.80/5,
aMsint,Drugs/Cannabis/Hash,Verified Black Ketama 10gr. Free shipping,Black Ketama 10gr. Free shipping available now. All orders dispatched within 24 hours of payment confirmation. Domestic and international stealth available.,0.519952 BTC,Netherlands,Worldwide,4.77/5,
aMsint,Drugs/Cannabis/Weed,POWER PLANT 1000gr. [Escrow Ready],"Premium POWER PLANT 1000gr. sourced directly from verified labs. Fast, reliable service. Please include your PGP encrypted address when ordering.",26.025670 BTC,Netherlands,EU,4.67/5,
aMsint,Drugs/Cannabis/Weed,Custom SnowWhite 50Gr. Free shipping,We are back on NightMarket offering our verified SnowWhite 50Gr. Free shipping. Guaranteed 99% quality and stealth packaging. Contact via PGP for bulk orders.,1.716925 BTC,Netherlands,Worldwide,4.74/5,
aMsint,Drugs/Cannabis/Hash,Exclusive MAROC Nr.1 5gr. [Original Batch],"Welcome to our official NightMarket shop! MAROC Nr.1  5gr. ready for instant dispatch. Double vacuum sealed, professional MBB stealth. 99% delivery rate across worldwide.",0.147732 BTC,Netherlands,Worldwide,4.75/5,
aMsint,Drugs/Cannabis/Hash,100 gr. Oily KETAMA [Worldwide Stealth],"Premium 100 gr. Oily KETAMA sourced directly from verified labs. Fast, reliable service. Please include your PGP encrypted address when ordering.",2.437557 BTC,Netherlands,Worldwide,4.94/5,
aMsint,Drugs/Cannabis/Weed,Exclusive POWER PLANT 3gr. Free Shipping [Escrow Ready],High purity POWER PLANT 3gr. Free Shipping at competitive market prices. Fully tested batch. Customer satisfaction is our top priority.,0.071147 BTC,Netherlands,Worldwide,4.92/5,
aMsint,Drugs/Cannabis/Weed,DIESEL 50Gr.,We are back on NightMarket offering our verified DIESEL 50Gr.. Guaranteed top tier quality and stealth packaging. Contact via PGP for bulk orders.,1.759076 BTC,Netherlands,Europe,4.67/5,
aMsint,Drugs/Cannabis/Hash,Direct Source 3 gr. Oily KETAMA [Worldwide Stealth],"Premium 3 gr. Oily KETAMA sourced directly from verified labs. Fast, reliable service. Please include your PGP encrypted address when ordering.",0.071711 BTC,Netherlands,Worldwide,4.79/5,
vdr_persianrugsu,Drugs/Ecstasy/Other,Ultra Clean 50 grams Ethylone highest grade,"Premium 50 grams Ethylone highest grade sourced directly from verified labs. Fast, reliable service. Please include your PGP encrypted address when ordering.",1.259860 BTC,UK,Worldwide,5.00/5,
vdr_persianrugsu,Drugs/Cannabis/Concentrates,2.5 grams critical mass isolater hash highest grade [Fast Shipping],"Premium 2.5 grams critical mass isolater hash highest grade sourced directly from verified labs. Fast, reliable service. Please include your PGP encrypted address when ordering.",0.198103 BTC,UK,UK,4.80/5,
vdr_persianrugsu,Drugs/Cannabis/Hash,1 Gram Carramello highest grad AAAAA [Tracked],We are back on NightMarket offering our verified 1 Gram Carramello highest grad AAAAA. Guaranteed premium quality and stealth packaging. Contact via PGP for bulk orders.,0.052780 BTC,UK,Worldwide,5.00/5,
vdr_persianrugsu,Drugs/Cannabis/Hash,2 Grams Carramello highest grad AAAAA [24/7 Auto Dispatch],"Premium 2 Grams Carramello highest grad AAAAA sourced directly from verified labs. Fast, reliable service. Please include your PGP encrypted address when ordering.",0.114521 BTC,UK,Worldwide,5.00/5,
vdr_persianrugsu,Drugs/Cannabis/Weed,High Quality 1 Gram Uk Cheese AAAA grade,"Welcome to our official NightMarket shop! 1 Gram Uk Cheese AAAA grade ready for instant dispatch. Double vacuum sealed, professional MBB stealth. 99% delivery rate across worldwide.",0.087404 BTC,UK,Worldwide,5.00/5,
vdr_persianrugsu,Drugs/Cannabis/Weed,7 grams of Thai weed very good grade,"Welcome to our official NightMarket shop! 7 grams of Thai weed very good grade ready for instant dispatch. Double vacuum sealed, professional MBB stealth. 99% delivery rate across worldwide.",0.136563 BTC,UK,Worldwide,4.80/5,
vdr_persianrugsu,Drugs/Cannabis/Weed,5 Grams Think Different Weed AAAA grade [Original Batch],"Welcome to our official NightMarket shop! 5 Grams Think Different Weed AAAA grade ready for instant dispatch. Double vacuum sealed, professional MBB stealth. 99% delivery rate across worldwide.",0.154003 BTC,UK,Worldwide,4.95/5,
vdr_persianrugsu,Drugs/Other,5 Grams Methylone Highest quality all crystal,High purity 5 Grams Methylone Highest quality all crystal at competitive market prices. Fully tested batch. Customer satisfaction is our top priority.,0.250061 BTC,UK,Worldwide,4.89/5,
vdr_persianrugsu,Drugs/Stimulants/Speed,10 grams of speed paste 65% plus,We are back on NightMarket offering our verified 10 grams of speed paste 65% plus. Guaranteed premium quality and stealth packaging. Contact via PGP for bulk orders.,0.315731 BTC,UK,Worldwide,5.00/5,
vdr_persianrugsu,Drugs/Cannabis/Weed,2 grams Power plant AAA grade,We are back on NightMarket offering our verified 2 grams Power plant AAA grade. Guaranteed 99% quality and stealth packaging. Contact via PGP for bulk orders.,0.103798 BTC,UK,Worldwide,5.00/5,
vdr_persianrugsu,Drugs/Ecstasy/Other,HQ 10 Grams Methylone highest quality [Escrow Ready],We are back on NightMarket offering our verified 10 Grams Methylone highest  quality. Guaranteed lab tested quality and stealth packaging. Contact via PGP for bulk orders.,0.310640 BTC,UK,Worldwide,5.00/5,
vdr_persianrugsu,Drugs/Cannabis/Hash,10 Grams Nepalise hash good grade [Escrow Ready],"Welcome to our official NightMarket shop! 10 Grams Nepalise hash good grade ready for instant dispatch. Double vacuum sealed, professional MBB stealth. 99% delivery rate across UK.",0.429235 BTC,UK,UK,4.92/5,
vdr_persianrugsu,Drugs/Cannabis/Weed,HQ 1 gram Double Dutch weed AAAA Grade,High purity 1 gram Double Dutch weed AAAA Grade at competitive market prices. Fully tested batch. Customer satisfaction is our top priority.,0.079483 BTC,UK,Worldwide,4.99/5,
vdr_persianrugsu,Drugs/Cannabis/Concentrates,Verified 1 gram critical mass isolater hash [Escrow Ready],"Welcome to our official NightMarket shop! 1 gram critical mass isolater hash ready for instant dispatch. Double vacuum sealed, professional MBB stealth. 99% delivery rate across worldwide.",0.102817 BTC,UK,Worldwide,4.86/5,
vdr_persianrugsu,Drugs/Ecstasy/Other,2 grams Ethylone highest grade [24/7 Auto Dispatch],High purity 2 grams  Ethylone highest grade at competitive market prices. Fully tested batch. Customer satisfaction is our top priority.,0.080458 BTC,UK,Worldwide,4.89/5,
vdr_persianrugsu,Drugs/Cannabis/Hash,10 Grams of finest yellow pollen [Fast Shipping],10 Grams of finest yellow pollen available now. All orders dispatched within 24 hours of payment confirmation. Domestic and international stealth available.,0.246093 BTC,UK,Worldwide,4.87/5,
vdr_persianrugsu,Drugs/Cannabis/Weed,3.5 grams of Thai weed very good grade [Fast Shipping],"Premium 3.5 grams of Thai weed very good grade sourced directly from verified labs. Fast, reliable service. Please include your PGP encrypted address when ordering.",0.068477 BTC,UK,Worldwide,4.92/5,
vdr_persianrugsu,Drugs/Cannabis/Hash,Top Grade Copy of 1 Gram Carramello highest grad AAAAA,We are back on NightMarket offering our verified Copy of 1 Gram Carramello highest grad AAAAA. Guaranteed 99% quality and stealth packaging. Contact via PGP for bulk orders.,0.072301 BTC,UK,Worldwide,4.78/5,
vdr_persianrugsu,Drugs/Stimulants/Cocaine,0.5 gram pure cocaine,High purity 0.5 gram pure cocaine at competitive market prices. Fully tested batch. Customer satisfaction is our top priority.,0.150731 BTC,UK,Worldwide,4.90/5,
vdr_persianrugsu,Drugs/Cannabis/Weed,2 Grams AK 47 weed AAA Grade [Worldwide Stealth],"Premium 2 Grams AK 47 weed  AAA Grade sourced directly from verified labs. Fast, reliable service. Please include your PGP encrypted address when ordering.",0.090908 BTC,UK,Worldwide,5.00/5,
vdr_persianrugsu,Drugs/Cannabis/Weed,28 grams of Thai weed very good grade [Escrow Ready],28 grams of Thai weed very good grade available now. All orders dispatched within 24 hours of payment confirmation. Domestic and international stealth available.,0.240690 BTC,UK,Worldwide,5.00/5,
vdr_persianrugsu,Drugs/Cannabis/Hash,2 Grams of finest yellow pollen,We are back on NightMarket offering our verified 2 Grams of finest yellow pollen. Guaranteed 99% quality and stealth packaging. Contact via PGP for bulk orders.,0.071477 BTC,UK,Worldwide,5.00/5,
G_O_D,Weapons/Lethal firearms,High Quality Part [1/3]: Glock 19 Gen3 [Purity Tested],"Premium Part [1/3]: Glock 19 Gen3 sourced directly from verified labs. Fast, reliable service. Please include your PGP encrypted address when ordering.",1.482209 BTC,USA,Worldwide,4.87/5,
G_O_D,Weapons/Lethal firearms,Part [1/3]: Glock 19 Gen4 ♠Desert Tan Model,Part [1/3]: Glock 19 Gen4 ♠Desert Tan Model available now. All orders dispatched within 24 hours of payment confirmation. Domestic and international stealth available.,1.315080 BTC,USA,Worldwide,5.00/5,
G_O_D,Drugs/Cannabis/Weed,Mixed Dank Strains - 3.5g,High purity Mixed Dank Strains - 3.5g at competitive market prices. Fully tested batch. Customer satisfaction is our top priority.,0.121249 BTC,USA,Worldwide,4.98/5,
G_O_D,Weapons/Lethal firearms,Part [3/3]: Glock 19 Gen3,Part [3/3]: Glock 19 Gen3 available now. All orders dispatched within 24 hours of payment confirmation. Domestic and international stealth available.,1.356628 BTC,USA,Worldwide,4.92/5,
G_O_D,Weapons/Lethal firearms,Part [3/3]: Glock 19 Gen3 ♠Night Sights,Part [3/3]: Glock 19 Gen3 ♠Night Sights available now. All orders dispatched within 24 hours of payment confirmation. Domestic and international stealth available.,1.272039 BTC,USA,Worldwide,4.88/5,
G_O_D,Weapons/Lethal firearms,Direct Source [.380ACP] Glock 42 USED,We are back on NightMarket offering our verified [.380ACP] Glock 42 USED. Guaranteed 99% quality and stealth packaging. Contact via PGP for bulk orders.,1.706531 BTC,USA,Worldwide,4.79/5,
G_O_D,Weapons/Lethal firearms,Verified Part [3/3]: Glock 19 Gen4 ♠Desert Tan Model,We are back on NightMarket offering our verified Part [3/3]: Glock 19 Gen4 ♠Desert Tan Model. Guaranteed top tier quality and stealth packaging. Contact via PGP for bulk orders.,1.751742 BTC,USA,Worldwide,4.90/5,
G_O_D,Drugs/Cannabis/Weed,Mixed Dank Strains - 1g [Original Batch],"Welcome to our official NightMarket shop! Mixed Dank Strains - 1g ready for instant dispatch. Double vacuum sealed, professional MBB stealth. 99% delivery rate across worldwide.",0.040254 BTC,USA,Worldwide,4.87/5,
G_O_D,Weapons/Lethal firearms,Top Grade Part [2/3]: Glock 19 Gen3,High purity Part [2/3]: Glock 19 Gen3 at competitive market prices. Fully tested batch. Customer satisfaction is our top priority.,1.765970 BTC,USA,Worldwide,4.94/5,
G_O_D,Weapons/Ammunition,➈x1➈♏♏ Inquiry,"Welcome to our official NightMarket shop! ➈x1➈♏♏ Inquiry ready for instant dispatch. Double vacuum sealed, professional MBB stealth. 99% delivery rate across worldwide.",0.002349 BTC,USA,Worldwide,4.98/5,
G_O_D,Weapons/Lethal firearms,Top Grade Glock 42 Preorder,"Welcome to our official NightMarket shop! Glock 42 Preorder ready for instant dispatch. Double vacuum sealed, professional MBB stealth. 99% delivery rate across worldwide.",0.098099 BTC,USA,Worldwide,5.00/5,
G_O_D,Weapons/Lethal firearms,Part [2/3]: Glock 19 Gen3 ♠Night Sights,"Welcome to our official NightMarket shop! Part [2/3]: Glock 19 Gen3 ♠Night Sights ready for instant dispatch. Double vacuum sealed, professional MBB stealth. 99% delivery rate across worldwide.",1.562759 BTC,USA,Worldwide,4.87/5,
G_O_D,Weapons/Lethal firearms,100% Pure Part [2/3]: Glock 19 Gen4 ♠Desert Tan Model [Tracked],"Welcome to our official NightMarket shop! Part [2/3]: Glock 19 Gen4 ♠Desert Tan Model ready for instant dispatch. Double vacuum sealed, professional MBB stealth. 99% delivery rate across worldwide.",1.873767 BTC,USA,Worldwide,4.88/5,
G_O_D,Weapons/Lethal firearms,Part [1/3]: Glock 19 Gen3 ♠Night Sights [Worldwide Stealth],High purity Part [1/3]: Glock 19 Gen3 ♠Night Sights at competitive market prices. Fully tested batch. Customer satisfaction is our top priority.,1.580863 BTC,USA,Worldwide,4.73/5,
timeprime,Drugs/Cannabis/Weed,High Quality 224g Half Pound of Snapple Kush - Limited New Seller Sale [24/7 Auto Dispatch],High purity 224g Half Pound of Snapple Kush - Limited New Seller Sale at competitive market prices. Fully tested batch. Customer satisfaction is our top priority.,1.895603 BTC,USA,USA,4.88/5,
timeprime,Drugs/Cannabis/Weed,1344g - 3 pounds Maui Wowi - AAA Quality bud [Fast Shipping],"Premium 1344g - 3 pounds Maui Wowi - AAA Quality bud sourced directly from verified labs. Fast, reliable service. Please include your PGP encrypted address when ordering.",9.458689 BTC,USA,Worldwide,4.92/5,
timeprime,Drugs/Cannabis/Weed,448g / One Pound of Snapple Kush - Limited New Seller Sale [Tracked],"Premium 448g / One Pound of Snapple Kush - Limited New Seller Sale sourced directly from verified labs. Fast, reliable service. Please include your PGP encrypted address when ordering.",4.526648 BTC,USA,USA,5.00/5,
timeprime,Drugs/Cannabis/Weed,112g QP of Snapple Kush - Limited New Seller Sale [Original Batch],112g QP of Snapple Kush - Limited New Seller Sale available now. All orders dispatched within 24 hours of payment confirmation. Domestic and international stealth available.,1.088197 BTC,USA,USA,4.72/5,
timeprime,Drugs/Cannabis/Weed,112g Snapple Kush - AAA Quality Bud,112g Snapple Kush - AAA Quality Bud available now. All orders dispatched within 24 hours of payment confirmation. Domestic and international stealth available.,1.027757 BTC,USA,USA,4.94/5,
XTa_ndMD,Drugs/Ecstasy/Pills,Top Grade 500x purple PlusMin 200mg MDMA,High purity 500x purple PlusMin 200mg MDMA at competitive market prices. Fully tested batch. Customer satisfaction is our top priority.,5.535845 BTC,Netherlands,EU ONLY,4.90/5,
XTa_ndMD,Drugs/Ecstasy/Pills,Direct Source ONLY EU 250x XTC pill +200mg MDMA,"Premium ONLY EU 250x XTC pill +200mg MDMA sourced directly from verified labs. Fast, reliable service. Please include your PGP encrypted address when ordering.",3.547148 BTC,Netherlands,EU ONLY,4.77/5,
XTa_ndMD,Drugs/Ecstasy/Pills,ONLY EU 1000x XTC pill +200mg MDMA,"Premium ONLY EU 1000x XTC pill +200mg MDMA sourced directly from verified labs. Fast, reliable service. Please include your PGP encrypted address when ordering.",10.595930 BTC,Netherlands,EU ONLY,5.00/5,
XTa_ndMD,Drugs/Stimulants/Cocaine,7.5gr Bolivian flakes 87% purity,We are back on NightMarket offering our verified 7.5gr Bolivian flakes 87% purity. Guaranteed 99% quality and stealth packaging. Contact via PGP for bulk orders.,2.298142 BTC,Netherlands,EU only,5.00/5,
XTa_ndMD,Drugs/Ecstasy/Pills,Top Grade 50x yellow Eagle 200-220mg MDMA,High purity 50x yellow Eagle 200-220mg MDMA at competitive market prices. Fully tested batch. Customer satisfaction is our top priority.,0.375193 BTC,Netherlands,EU ONLY,5.00/5,
XTa_ndMD,Drugs/Ecstasy/Pills,HQ EU 100x XTC pill +200mg MDMA,"Premium EU 100x XTC pill +200mg MDMA sourced directly from verified labs. Fast, reliable service. Please include your PGP encrypted address when ordering.",1.566226 BTC,Netherlands,EU ONLY,5.00/5,
XTa_ndMD,Drugs/Ecstasy/Pills,Premium EU 50x XTC pill +200mg MDMA,High purity EU 50x XTC pill +200mg MDMA at competitive market prices. Fully tested batch. Customer satisfaction is our top priority.,0.761311 BTC,Netherlands,EU ONLY,4.75/5,
XTa_ndMD,Drugs/Stimulants/Cocaine,Custom for OnkelArnulf [24/7 Auto Dispatch],We are back on NightMarket offering our verified Custom for OnkelArnulf. Guaranteed 99% quality and stealth packaging. Contact via PGP for bulk orders.,2.099622 BTC,EU,Worldwide,4.75/5,
XTa_ndMD,Drugs/Ecstasy/MDMA,5gr MDMA crystals 84% purity [Tracked],"Premium 5gr MDMA crystals 84% purity sourced directly from verified labs. Fast, reliable service. Please include your PGP encrypted address when ordering.",0.248384 BTC,Netherlands,EU ONLY,4.88/5,
XTa_ndMD,Drugs/Ecstasy/Pills,Direct Source 100x green Heineken200mg MDMA,We are back on NightMarket offering our verified 100x green Heineken200mg MDMA. Guaranteed premium quality and stealth packaging. Contact via PGP for bulk orders.,1.288307 BTC,Netherlands,EU ONLY,4.86/5,
XTa_ndMD,Drugs/Ecstasy/MDMA,Custom for Billy,"Welcome to our official NightMarket shop! Custom for Billy ready for instant dispatch. Double vacuum sealed, professional MBB stealth. 99% delivery rate across worldwide.",2.649109 BTC,USA,Worldwide,4.91/5,
XTa_ndMD,Drugs/Ecstasy/Pills,400x purple PlusMin 200mg MDMA,We are back on NightMarket offering our verified 400x purple PlusMin 200mg MDMA. Guaranteed high grade quality and stealth packaging. Contact via PGP for bulk orders.,4.818048 BTC,Netherlands,EU ONLY,5.00/5,
XTa_ndMD,Drugs/Ecstasy/Pills,Direct Source Custom for Dirt......,"Premium Custom for Dirt...... sourced directly from verified labs. Fast, reliable service. Please include your PGP encrypted address when ordering.",1.481985 BTC,USA,Worldwide,4.84/5,
XTa_ndMD,Drugs/Ecstasy/Pills,100% Pure 200x orange Wifi 200-220mg MDMA,We are back on NightMarket offering our verified 200x orange Wifi 200-220mg MDMA. Guaranteed 99% quality and stealth packaging. Contact via PGP for bulk orders.,1.477984 BTC,Netherlands,EU ONLY,4.92/5,
XTa_ndMD,Drugs/Ecstasy/Pills,Top Grade Custom for int..... [24/7 Auto Dispatch],We are back on NightMarket offering our verified Custom for int...... Guaranteed high grade quality and stealth packaging. Contact via PGP for bulk orders.,48.911779 BTC,USA,Worldwide,4.86/5,
XTa_ndMD,Drugs/Ecstasy/Pills,Ultra Clean 1000x blue WarnerBros 200mg MDMA,"Welcome to our official NightMarket shop! 1000x blue WarnerBros 200mg MDMA ready for instant dispatch. Double vacuum sealed, professional MBB stealth. 99% delivery rate across EU ONLY.",12.952889 BTC,Netherlands,EU ONLY,5.00/5,
XTa_ndMD,Drugs/Psychedelics/2C,500x red Nijntje aka Miffy 17mg,"Welcome to our official NightMarket shop! 500x red Nijntje aka Miffy 17mg ready for instant dispatch. Double vacuum sealed, professional MBB stealth. 99% delivery rate across EU only.",5.222183 BTC,Netherlands,EU only,4.84/5,
XTa_ndMD,Drugs/Stimulants/Cocaine,EU 5gr Bolivian flakes 87% purity,EU 5gr Bolivian flakes 87% purity available now. All orders dispatched within 24 hours of payment confirmation. Domestic and international stealth available.,1.834646 BTC,Netherlands,EU only,4.94/5,
aM123,Drugs/Stimulants/Speed,**FE** 15G AAA+ SPEED PASTE! Free Express Delivery!,We are back on NightMarket offering our verified **FE** 15G AAA+ SPEED PASTE! Free Express Delivery!. Guaranteed lab tested quality and stealth packaging. Contact via PGP for bulk orders.,1.663252 BTC,Australia,Australia,5.00/5,
aM123,Drugs/Ecstasy/MDMA,Custom Order for Tom,High purity Custom Order for Tom at competitive market prices. Fully tested batch. Customer satisfaction is our top priority.,6.433157 BTC,Australia,Australia,5.00/5,
aM123,Drugs/Ecstasy/MDMA,100% Pure Custom Order for anoo,"Welcome to our official NightMarket shop! Custom Order for anoo ready for instant dispatch. Double vacuum sealed, professional MBB stealth. 99% delivery rate across Australia.",18.214871 BTC,Australia,Australia,4.97/5,
aM123,Drugs/Ecstasy/MDMA,Custom Order for psy [Fast Shipping],Custom Order for psy available now. All orders dispatched within 24 hours of payment confirmation. Domestic and international stealth available.,2.537067 BTC,Australia,Australia,4.88/5,
aM123,Drugs/Stimulants/Speed,**ESCROW** 10G AAA+ SPEED PASTE! Free Express Delivery! [Fast Shipping],"Premium **ESCROW** 10G AAA+ SPEED PASTE! Free Express Delivery! sourced directly from verified labs. Fast, reliable service. Please include your PGP encrypted address when ordering.",1.281829 BTC,Australia,Australia,4.94/5,
aM123,Drugs/Ecstasy/MDMA,Premium 3.5G+ HQ MDMA --Free Express Delivery--,"Premium 3.5G+ HQ MDMA --Free Express Delivery-- sourced directly from verified labs. Fast, reliable service. Please include your PGP encrypted address when ordering.",1.292609 BTC,Australia,Australia,5.00/5,
aM123,Drugs/Ecstasy/Pills,120mg+ HQ MDMA Caps! 10 pack --Free Express Delivery--,High purity 120mg+ HQ MDMA Caps! 10 pack --Free Express Delivery-- at competitive market prices. Fully tested batch. Customer satisfaction is our top priority.,0.624668 BTC,Australia,Australia,4.98/5,
aM123,Drugs/Ecstasy/MDMA,*Escrow 3.5G+ HQ MDMA --Free Express Delivery--,High purity *Escrow 3.5G+ HQ MDMA --Free Express Delivery-- at competitive market prices. Fully tested batch. Customer satisfaction is our top priority.,1.116734 BTC,Australia,Australia,5.00/5,
aM123,Drugs/Cannabis/Weed,**ESCROW** 28G SUPER WEED SALE!! Free Express Delivery!,"Welcome to our official NightMarket shop! **ESCROW** 28G SUPER WEED SALE!! Free Express Delivery! ready for instant dispatch. Double vacuum sealed, professional MBB stealth. 99% delivery rate across Australia.",0.472425 BTC,Australia,Australia,4.81/5,
aM123,Drugs/Ecstasy/MDMA,High Quality 25G+ HQ MDMA --Free Express Delivery-- $100 per gram!!,We are back on NightMarket offering our verified 25G+ HQ MDMA --Free Express Delivery-- $100 per gram!!. Guaranteed lab tested quality and stealth packaging. Contact via PGP for bulk orders.,8.035561 BTC,Australia,Australia,5.00/5,
aM123,Drugs/Ecstasy/MDMA,Top Grade 1G+ FE HQ MDMA $140 --Free Express Delivery-- $140LIMITIED OFFER!,"Welcome to our official NightMarket shop! 1G+ FE HQ MDMA  $140 --Free Express Delivery-- $140LIMITIED OFFER! ready for instant dispatch. Double vacuum sealed, professional MBB stealth. 99% delivery rate across Australia.",0.224445 BTC,Australia,Australia,5.00/5,
aM123,Drugs/Cannabis/Weed,Ultra Clean 7G ! Organic HazeXCritical Free Express Delivery!,We are back on NightMarket offering our verified 7G ! Organic HazeXCritical Free Express Delivery!. Guaranteed lab tested quality and stealth packaging. Contact via PGP for bulk orders.,0.315254 BTC,Australia,Australia,5.00/5,
aM123,Drugs/Ecstasy/MDMA,Custom Order for dicks,High purity Custom Order for dicks at competitive market prices. Fully tested batch. Customer satisfaction is our top priority.,10.098655 BTC,Australia,Australia,4.83/5,
aM123,Drugs/Ecstasy/MDMA,50G+ HQ MDMA --Free Express Delivery-- $100 per gram!!,"Welcome to our official NightMarket shop! 50G+ HQ MDMA --Free Express Delivery-- $100 per gram!! ready for instant dispatch. Double vacuum sealed, professional MBB stealth. 99% delivery rate across Australia.",15.444105 BTC,Australia,Australia,4.92/5,
aM123,Drugs/Ecstasy/MDMA,Custom Order for potion,We are back on NightMarket offering our verified Custom Order for potion. Guaranteed lab tested quality and stealth packaging. Contact via PGP for bulk orders.,2.774571 BTC,Australia,Australia,4.97/5,
aM123,Drugs/Ecstasy/MDMA,100% Pure **Escrow** 7G+ HQ MDMA --Free Express Delivery--,High purity **Escrow** 7G+ HQ MDMA --Free Express Delivery-- at competitive market prices. Fully tested batch. Customer satisfaction is our top priority.,1.806995 BTC,Australia,Australia,4.81/5,
aM123,Drugs/Dissociatives/Ketamine,Verified 25G+ HQ Ketamine --Free Express Delivery--,We are back on NightMarket offering our verified 25G+ HQ Ketamine  --Free Express Delivery--. Guaranteed lab tested quality and stealth packaging. Contact via PGP for bulk orders.,12.025864 BTC,Australia,Australia,4.89/5,
aM123,Drugs/Cannabis/Edibles,8.5 Pack Organic THC Choc Chip Cookies!!,"Welcome to our official NightMarket shop! 8.5 Pack Organic THC Choc Chip Cookies!! ready for instant dispatch. Double vacuum sealed, professional MBB stealth. 99% delivery rate across Australia.",0.184708 BTC,Australia,Australia,5.00/5,
aM123,Drugs/Cannabis/Weed,14G ! Organic Amnesia HazeXUknown! Free Express Delivery!,High purity 14G ! Organic Amnesia HazeXUknown! Free Express Delivery! at competitive market prices. Fully tested batch. Customer satisfaction is our top priority.,0.570229 BTC,Australia,Australia,4.90/5,
aM123,Drugs/Ecstasy/MDMA,50G+ HQ MDMA --Free Express Delivery-- 4.6k!,"Welcome to our official NightMarket shop! 50G+ HQ MDMA --Free Express Delivery-- 4.6k! ready for instant dispatch. Double vacuum sealed, professional MBB stealth. 99% delivery rate across Australia.",17.417223 BTC,Australia,Australia,5.00/5,
aM123,Drugs/Ecstasy/Pills,120mg+ HQ MDMA Caps! 50 pack --Free Express Delivery-- [Original Batch],120mg+ HQ MDMA Caps! 50 pack --Free Express Delivery-- available now. All orders dispatched within 24 hours of payment confirmation. Domestic and international stealth available.,2.628178 BTC,Australia,Australia,5.00/5,
finanndjake,Drugs/Cannabis/Weed,"Top Grade ░░1oz. ""Budget Weed"" Outdoor OG Kush░░","Premium ░░1oz. ""Budget Weed"" Outdoor OG Kush░░ sourced directly from verified labs. Fast, reliable service. Please include your PGP encrypted address when ordering.",0.367958 BTC,USA,Worldwide,4.74/5,
finanndjake,Drugs/Cannabis/Weed,custom 3 oz [24/7 Auto Dispatch],High purity custom 3 oz at competitive market prices. Fully tested batch. Customer satisfaction is our top priority.,0.940346 BTC,USA,Worldwide,4.89/5,
MagicHat,Data/Accounts,Top Grade PORN PASSES! - Lifetime Access to Brazzers Mofos BustyOnes RealityKings and Many More!! [24/7 Auto Dispatch],"Premium PORN PASSES! - Lifetime Access to Brazzers  Mofos  BustyOnes  RealityKings and Many More!! sourced directly from verified labs. Fast, reliable service. Please include your PGP encrypted address when ordering.",0.025965 BTC,USA,Worldwide,4.71/5,
MagicHat,Counterfeits/Accessories,Oakley Fuel Cell Sunglasses (black frames/fire iridium lenses),"Welcome to our official NightMarket shop! Oakley Fuel Cell Sunglasses (black frames/fire iridium lenses) ready for instant dispatch. Double vacuum sealed, professional MBB stealth. 99% delivery rate across Worldwide.",0.050529 BTC,USA,Worldwide,4.61/5,
MagicHat,Counterfeits/Accessories,HQ Oakley Pit Boss Sunglasses (silver frames/smoke lenses),"Welcome to our official NightMarket shop! Oakley Pit Boss Sunglasses (silver frames/smoke lenses) ready for instant dispatch. Double vacuum sealed, professional MBB stealth. 99% delivery rate across Worldwide.",0.059128 BTC,USA,Worldwide,4.55/5,
MagicHat,Drug paraphernalia/Pipes,Top Grade Easy Vape 5 Deluxe Digital Vaporizer,"Premium Easy Vape 5 Deluxe Digital Vaporizer sourced directly from verified labs. Fast, reliable service. Please include your PGP encrypted address when ordering.",0.136104 BTC,USA,Worldwide,4.80/5,
MagicHat,Counterfeits/Accessories,Oakley Oil Drum Sunglasses (black frames/emerald iridium lenses),"Welcome to our official NightMarket shop! Oakley Oil Drum Sunglasses (black frames/emerald iridium lenses) ready for instant dispatch. Double vacuum sealed, professional MBB stealth. 99% delivery rate across Worldwide.",0.134482 BTC,USA,Worldwide,4.76/5,
MagicHat,Counterfeits/Accessories,Oakley Holbrook Sunglasses (white frames/smoke lenses) [Original Batch],We are back on NightMarket offering our verified Oakley Holbrook Sunglasses (white frames/smoke lenses). Guaranteed 99% quality and stealth packaging. Contact via PGP for bulk orders.,0.128790 BTC,USA,Worldwide,4.70/5,
MagicHat,Counterfeits/Watches,"HUBLOT BIG BANG ""RED-DEVIL BANG"" - MANCHESTER ALL BLACK LIMITED EDITION","High purity HUBLOT BIG BANG ""RED-DEVIL BANG"" - MANCHESTER ALL BLACK LIMITED EDITION at competitive market prices. Fully tested batch. Customer satisfaction is our top priority.",1.993226 BTC,USA,Worldwide,4.64/5,
MagicHat,Counterfeits/Accessories,Louis Vuitton Trevi PM Handbag,We are back on NightMarket offering our verified Louis Vuitton Trevi PM Handbag. Guaranteed top tier quality and stealth packaging. Contact via PGP for bulk orders.,0.222588 BTC,USA,Worldwide,4.99/5,
MagicHat,Counterfeits/Watches,Ultra Clean Hublot 2014 Watch Collection,"Premium Hublot 2014 Watch Collection sourced directly from verified labs. Fast, reliable service. Please include your PGP encrypted address when ordering.",0.899927 BTC,USA,Worldwide,4.82/5,
MagicHat,Drug paraphernalia/Pipes,Exclusive Glass Smoking Pipe - THE VORTEX [Worldwide Stealth],We are back on NightMarket offering our verified Glass Smoking Pipe - THE VORTEX. Guaranteed lab tested quality and stealth packaging. Contact via PGP for bulk orders.,0.158617 BTC,USA,Worldwide,4.89/5,
MagicHat,Services/Money,CASH OUT YOUR BITCOINS RIGHT HERE! [Fast Shipping],"Welcome to our official NightMarket shop! CASH OUT YOUR BITCOINS RIGHT HERE! ready for instant dispatch. Double vacuum sealed, professional MBB stealth. 99% delivery rate across worldwide.",0.195917 BTC,Internet,Worldwide,4.84/5,
MagicHat,Counterfeits/Accessories,Premium Oakley Jupiter Squared Sunglasses (black frames/emerald iridium lenses),High purity Oakley Jupiter Squared Sunglasses (black frames/emerald iridium lenses) at competitive market prices. Fully tested batch. Customer satisfaction is our top priority.,0.069707 BTC,USA,Worldwide,5.00/5,
vendor_CokeDirectUK,Drugs/Cannabis/Weed,Exclusive Northern Lights 3.5g Indoor A+ [24/7 Auto Dispatch],Northern Lights 3.5g Indoor A+ available now. All orders dispatched within 24 hours of payment confirmation. Domestic and international stealth available.,0.113983 BTC,UK,UK,4.79/5,
vendor_CokeDirectUK,Drugs/Cannabis/Weed,Exclusive Skunk 2.0g,High purity Skunk  2.0g at competitive market prices. Fully tested batch. Customer satisfaction is our top priority.,0.075440 BTC,UK,UK,5.00/5,
vendor_CokeDirectUK,Drugs/Stimulants/Cocaine,Ultra Clean OFFER Cocaine 0.5g-- FULL ESCROW-- [24/7 Auto Dispatch],"Welcome to our official NightMarket shop! OFFER Cocaine 0.5g-- FULL ESCROW-- ready for instant dispatch. Double vacuum sealed, professional MBB stealth. 99% delivery rate across UK.",0.131621 BTC,UK,UK,4.79/5,
vendor_CokeDirectUK,Drugs/Cannabis/Hash,Pollen 14.0g,"Premium Pollen 14.0g sourced directly from verified labs. Fast, reliable service. Please include your PGP encrypted address when ordering.",0.182503 BTC,UK,Worldwide,4.95/5,
vendor_CokeDirectUK,Drugs/Stimulants/Cocaine,Cocaine 1.75g FE ONLY [Fast Shipping],"Premium Cocaine 1.75g  FE ONLY sourced directly from verified labs. Fast, reliable service. Please include your PGP encrypted address when ordering.",0.502375 BTC,UK,UK,5.00/5,
vendor_CokeDirectUK,Drugs/Stimulants/Cocaine,Verified A+ Cocaine 3.5g,High purity A+ Cocaine 3.5g at competitive market prices. Fully tested batch. Customer satisfaction is our top priority.,1.317694 BTC,UK,UK,5.00/5,
vendor_CokeDirectUK,Drugs/Cannabis/Hash,Exclusive Hash/Pollen 7.0g --FULL ESCROW--,"Welcome to our official NightMarket shop! Hash/Pollen 7.0g --FULL ESCROW-- ready for instant dispatch. Double vacuum sealed, professional MBB stealth. 99% delivery rate across UK.",0.101894 BTC,UK,UK,5.00/5,
vendor_CokeDirectUK,Drugs/Stimulants/Cocaine,A+ Cocaine 1.75g,"Welcome to our official NightMarket shop! A+ Cocaine 1.75g ready for instant dispatch. Double vacuum sealed, professional MBB stealth. 99% delivery rate across UK.",1.026729 BTC,UK,UK,4.91/5,
vendor_CokeDirectUK,Drugs/Stimulants/Cocaine,Custom,Custom available now. All orders dispatched within 24 hours of payment confirmation. Domestic and international stealth available.,1.435930 BTC,UK,UK,5.00/5,
vendor_CokeDirectUK,Drugs/Cannabis/Hash,Pollen 7.0g [24/7 Auto Dispatch],We are back on NightMarket offering our verified Pollen 7.0g. Guaranteed high grade quality and stealth packaging. Contact via PGP for bulk orders.,0.103938 BTC,UK,Worldwide,5.00/5,
vendor_CokeDirectUK,Drugs/Stimulants/Cocaine,A+ Cocaine 7.0g [Tracked],High purity A+ Cocaine 7.0g at competitive market prices. Fully tested batch. Customer satisfaction is our top priority.,3.209742 BTC,UK,UK,4.87/5,
vendor_CokeDirectUK,Drugs/Cannabis/Hash,High Quality Hash/Pollen 14g --FULL ESCROW--,High purity Hash/Pollen 14g --FULL ESCROW-- at competitive market prices. Fully tested batch. Customer satisfaction is our top priority.,0.128149 BTC,UK,UK,5.00/5,
vendor_CokeDirectUK,Drugs/Stimulants/Cocaine,A+ Cocaine 1.0g,A+ Cocaine 1.0g available now. All orders dispatched within 24 hours of payment confirmation. Domestic and international stealth available.,0.619023 BTC,UK,UK,4.99/5,
vendor_CokeDirectUK,Drugs/Cannabis/Weed,Northern Lights 2.0g Indoor A+ [Purity Tested],"Premium Northern Lights 2.0g Indoor A+ sourced directly from verified labs. Fast, reliable service. Please include your PGP encrypted address when ordering.",0.068496 BTC,UK,UK,5.00/5,
vendor_CokeDirectUK,Drugs/Stimulants/Cocaine,Cocaine 3.5g FE ONLY [Original Batch],High purity Cocaine 3.5g  FE ONLY at competitive market prices. Fully tested batch. Customer satisfaction is our top priority.,0.814062 BTC,UK,UK,5.00/5,
vendor_CokeDirectUK,Drugs/Stimulants/Cocaine,A+ Cocaine 0.5g,"Premium A+ Cocaine 0.5g sourced directly from verified labs. Fast, reliable service. Please include your PGP encrypted address when ordering.",0.273482 BTC,UK,UK,4.81/5,
vendor_CokeDirectUK,Drugs/Cannabis/Hash,High Quality Hash/Pollen--FULL ESCROW--,"Premium Hash/Pollen--FULL ESCROW-- sourced directly from verified labs. Fast, reliable service. Please include your PGP encrypted address when ordering.",0.040578 BTC,UK,Worldwide,4.94/5,
vendor_CokeDirectUK,Drugs/Cannabis/Hash,High Quality Pollen 3.5g,We are back on NightMarket offering our verified Pollen 3.5g. Guaranteed premium quality and stealth packaging. Contact via PGP for bulk orders.,0.049241 BTC,UK,Worldwide,5.00/5,
vendor_CokeDirectUK,Drugs/Stimulants/Cocaine,Cocaine 0.5g F E ONLY NO ESCROW,"Premium Cocaine 0.5g  F E ONLY NO ESCROW sourced directly from verified labs. Fast, reliable service. Please include your PGP encrypted address when ordering.",0.150160 BTC,UK,UK,5.00/5,
vendor_CokeDirectUK,Drugs/Stimulants/Cocaine,Verified A+ Cocaine 14g [Escrow Ready],High purity A+ Cocaine 14g at competitive market prices. Fully tested batch. Customer satisfaction is our top priority.,5.036055 BTC,UK,UK,4.80/5,
vendor_CokeDirectUK,Drugs/Stimulants/Cocaine,100% Pure Cocaine 1.0g FE ONLY [Escrow Ready],"Welcome to our official NightMarket shop! Cocaine 1.0g  FE ONLY ready for instant dispatch. Double vacuum sealed, professional MBB stealth. 99% delivery rate across UK.",0.318370 BTC,UK,UK,4.76/5,
vendor_CokeDirectUK,Drugs/Cannabis/Weed,Skunk 3.5g,"Premium Skunk  3.5g sourced directly from verified labs. Fast, reliable service. Please include your PGP encrypted address when ordering.",0.140140 BTC,UK,UK,5.00/5,
vendor_CokeDirectUK,Drugs/Stimulants/Cocaine,Cocaine 0.5g--FULL ESCROW---,"Welcome to our official NightMarket shop! Cocaine 0.5g--FULL ESCROW--- ready for instant dispatch. Double vacuum sealed, professional MBB stealth. 99% delivery rate across worldwide.",0.169164 BTC,UK,Worldwide,5.00/5,
Czechlab_AU,Drugs/Psychedelics/Mushrooms,2g. spectacular wild P. Arcana (hand picked) [24/7 Auto Dispatch],"Welcome to our official NightMarket shop! 2g. spectacular wild P. Arcana (hand picked) ready for instant dispatch. Double vacuum sealed, professional MBB stealth. 99% delivery rate across worldwide.",0.084836 BTC,CzechRepublic,Worldwide,4.93/5,
Czechlab_AU,Drugs/Cannabis/Concentrates,Exclusive +Smoke POT - Greenhouse gold Black Widow 2g,+Smoke POT - Greenhouse gold Black Widow 2g available now. All orders dispatched within 24 hours of payment confirmation. Domestic and international stealth available.,0.030393 BTC,CzechRepublic,Worldwide,4.90/5,
Czechlab_AU,Drugs/Cannabis/Weed,Verified +High quality Heirloom strain. 5g,We are back on NightMarket offering our verified +High quality Heirloom strain. 5g. Guaranteed 99% quality and stealth packaging. Contact via PGP for bulk orders.,0.125159 BTC,EU,Worldwide,4.70/5,
Czechlab_AU,Drugs/Cannabis/Weed,Smoke POT - Greenhouse gold Black Widow 2g [Worldwide Stealth],Smoke POT - Greenhouse gold Black Widow 2g available now. All orders dispatched within 24 hours of payment confirmation. Domestic and international stealth available.,0.015137 BTC,CzechRepublic,Worldwide,5.00/5,
Czechlab_AU,Drugs/RCs,Highest quality Δ-PVP SAMPLE FOR FEEDBACK ALMOST FREE 0.25g [Worldwide Stealth],"Welcome to our official NightMarket shop! Highest quality Δ-PVP  SAMPLE FOR FEEDBACK  ALMOST FREE 0.25g ready for instant dispatch. Double vacuum sealed, professional MBB stealth. 99% delivery rate across worldwide.",0.023858 BTC,USA,Worldwide,5.00/5,
Czechlab_AU,Drugs/Cannabis/Weed,Greenhouse gold Black Widow 10g [Escrow Ready],High purity Greenhouse gold Black Widow 10g at competitive market prices. Fully tested batch. Customer satisfaction is our top priority.,0.286723 BTC,CzechRepublic,Worldwide,5.00/5,
Czechlab_AU,Drugs/Psychedelics/Mushrooms,Top Grade 5g. spectacular wild P. Arcana (hand picked),High purity 5g. spectacular wild P. Arcana (hand picked) at competitive market prices. Fully tested batch. Customer satisfaction is our top priority.,0.136376 BTC,CzechRepublic,Worldwide,5.00/5,
Czechlab_AU,Drugs/Cannabis/Weed,Ultra Clean High quality Heirloom strain. 14g,"Premium High quality Heirloom strain. 14g sourced directly from verified labs. Fast, reliable service. Please include your PGP encrypted address when ordering.",0.194114 BTC,USA,Worldwide,5.00/5,
Czechlab_AU,Drugs/Psychedelics/Other,High Quality 3g. spectacular wild P. Arcana (hand picked),We are back on NightMarket offering our verified 3g. spectacular wild P. Arcana (hand picked). Guaranteed 99% quality and stealth packaging. Contact via PGP for bulk orders.,0.086084 BTC,CzechRepublic,Worldwide,4.86/5,
Czechlab_AU,Drugs/Cannabis/Weed,Custom +Greenhouse gold Black Widow 5g,+Greenhouse gold Black Widow 5g available now. All orders dispatched within 24 hours of payment confirmation. Domestic and international stealth available.,0.151478 BTC,EU,Worldwide,5.00/5,
Czechlab_AU,Drugs/Cannabis/Weed,Exclusive +Greenhouse gold Black Widow 10g,"Premium +Greenhouse gold Black Widow 10g sourced directly from verified labs. Fast, reliable service. Please include your PGP encrypted address when ordering.",0.226546 BTC,CzechRepublic,Worldwide,4.94/5,
Czechlab_AU,Drugs/Cannabis/Weed,+High quality Heirloom strain. 14g [Original Batch],We are back on NightMarket offering our verified +High quality Heirloom strain. 14g. Guaranteed high grade quality and stealth packaging. Contact via PGP for bulk orders.,0.295354 BTC,EU,Worldwide,4.73/5,
Czechlab_AU,Drugs/Cannabis/Weed,Exclusive +High quality Heirloom strain. 2g,High purity +High quality Heirloom strain. 2g at competitive market prices. Fully tested batch. Customer satisfaction is our top priority.,0.054022 BTC,CzechRepublic,Worldwide,5.00/5,
Czechlab_AU,Drugs/Psychedelics/Mushrooms,Verified 10g. +2g free spectacular wild P. Arcana (hand picked),High purity 10g. +2g free  spectacular wild P. Arcana (hand picked) at competitive market prices. Fully tested batch. Customer satisfaction is our top priority.,0.254906 BTC,CzechRepublic,Worldwide,4.75/5,
Czechlab_AU,Drugs/RCs,1/4g 6-APDB,High purity 1/4g 6-APDB at competitive market prices. Fully tested batch. Customer satisfaction is our top priority.,0.060711 BTC,USA,Worldwide,5.00/5,
Czechlab_AU,Drugs/Psychedelics/Mushrooms,10g. spectacular wild P. Arcana (hand picked) [Fast Shipping],10g. spectacular wild P. Arcana (hand picked) available now. All orders dispatched within 24 hours of payment confirmation. Domestic and international stealth available.,0.202234 BTC,CzechRepublic,Worldwide,5.00/5,
Czechlab_AU,Drugs/Psychedelics/Mushrooms,4g. spectacular wild P. Arcana (hand picked) [Escrow Ready],We are back on NightMarket offering our verified 4g. spectacular wild P. Arcana (hand picked). Guaranteed 99% quality and stealth packaging. Contact via PGP for bulk orders.,0.140373 BTC,CzechRepublic,Worldwide,4.90/5,
Czechlab_AU,Drugs/Cannabis/Weed,Greenhouse gold Black Widow 5g,High purity Greenhouse gold Black Widow 5g at competitive market prices. Fully tested batch. Customer satisfaction is our top priority.,0.057767 BTC,CzechRepublic,Worldwide,4.97/5,
Czechlab_AU,Drugs/Psychedelics/Mushrooms,100% Pure 15g. + 2g free spectacular wild P. Arcana (hand picked),High purity 15g. + 2g free spectacular wild P. Arcana (hand picked) at competitive market prices. Fully tested batch. Customer satisfaction is our top priority.,0.401956 BTC,CzechRepublic,Worldwide,4.69/5,
Kla_ymen,Drugs/Opioids/Heroin,500mg UNCUT #4 China White HEROIN [Escrow Ready],"Premium 500mg UNCUT #4 China White HEROIN sourced directly from verified labs. Fast, reliable service. Please include your PGP encrypted address when ordering.",0.564826 BTC,EU,Worldwide,5.00/5,
Kla_ymen,Drugs/Prescription,Tramadol (TRAMAL) 10x100mg |EU Pharma|EU Vendor| [Purity Tested],Tramadol (TRAMAL) 10x100mg |EU Pharma|EU Vendor| available now. All orders dispatched within 24 hours of payment confirmation. Domestic and international stealth available.,0.047526 BTC,EU,Worldwide,4.71/5,
Kla_ymen,Drugs/Prescription,Aurorix 30x300mg,Aurorix 30x300mg available now. All orders dispatched within 24 hours of payment confirmation. Domestic and international stealth available.,0.165961 BTC,EU,Worldwide,5.00/5,
Kla_ymen,Drugs/Benzos,Clonazepam (Rivotril) 10x0.5mg,"Premium Clonazepam (Rivotril) 10x0.5mg sourced directly from verified labs. Fast, reliable service. Please include your PGP encrypted address when ordering.",0.037990 BTC,EU,Worldwide,4.91/5,
Kla_ymen,Drugs/Benzos,Top Grade Alprazolam IR (Frontin) 90x1mg [Tracked],Alprazolam IR (Frontin) 90x1mg available now. All orders dispatched within 24 hours of payment confirmation. Domestic and international stealth available.,0.355209 BTC,EU,Worldwide,5.00/5,
Kla_ymen,Drugs/Benzos,Top Grade Clonazepam (Rivotril) 90x2mg,High purity Clonazepam (Rivotril) 90x2mg at competitive market prices. Fully tested batch. Customer satisfaction is our top priority.,0.321137 BTC,EU,Worldwide,4.97/5,
Kla_ymen,Drugs/Benzos,Alprazolam (Frontin IR) 30x1mg [Original Batch],Alprazolam (Frontin IR) 30x1mg available now. All orders dispatched within 24 hours of payment confirmation. Domestic and international stealth available.,0.094842 BTC,EU,Worldwide,4.85/5,
Kla_ymen,Drugs/Prescription,Codeine 50x30mg |EU Pharma|EU Vendor|,We are back on NightMarket offering our verified Codeine 50x30mg |EU Pharma|EU Vendor|. Guaranteed premium quality and stealth packaging. Contact via PGP for bulk orders.,0.238875 BTC,EU,Worldwide,4.84/5,
Kla_ymen,Drugs/Prescription,Tramadol (TRALGIT SR) 10x100mg,"Welcome to our official NightMarket shop! Tramadol (TRALGIT SR) 10x100mg ready for instant dispatch. Double vacuum sealed, professional MBB stealth. 99% delivery rate across Worldwide.",0.055102 BTC,EU,Worldwide,5.00/5,
Kla_ymen,Drugs/Prescription,Tramadol (TRALGIT SR) 100x100mg |EU Pharma|EU Vendor| [Original Batch],We are back on NightMarket offering our verified Tramadol (TRALGIT SR) 100x100mg |EU Pharma|EU Vendor|. Guaranteed lab tested quality and stealth packaging. Contact via PGP for bulk orders.,0.398730 BTC,EU,Worldwide,4.95/5,
Kla_ymen,Drugs/Benzos,Verified XANAX IR (Alprazolam) 50x1mg [Worldwide Stealth],XANAX IR (Alprazolam) 50x1mg available now. All orders dispatched within 24 hours of payment confirmation. Domestic and international stealth available.,0.221229 BTC,EU,Worldwide,5.00/5,
Kla_ymen,Drugs/Prescription,Codeine 100x30mg |EU Pharma|EU Vendor|,High purity Codeine 100x30mg |EU Pharma|EU Vendor| at competitive market prices. Fully tested batch. Customer satisfaction is our top priority.,0.430416 BTC,EU,Worldwide,5.00/5,
Kla_ymen,Drugs/Benzos,Alprazolam IR (Frontin) 30x1mg |EU Pharma|EU Vendor|,"Welcome to our official NightMarket shop! Alprazolam IR (Frontin) 30x1mg |EU Pharma|EU Vendor| ready for instant dispatch. Double vacuum sealed, professional MBB stealth. 99% delivery rate across Worldwide.",0.093175 BTC,EU,Worldwide,4.78/5,
Kla_ymen,Drugs/Prescription,Ultra Clean Moclobemide (Aurorix) 10x300mg [ON DEMAND] [24/7 Auto Dispatch],Moclobemide (Aurorix) 10x300mg [ON DEMAND] available now. All orders dispatched within 24 hours of payment confirmation. Domestic and international stealth available.,0.095037 BTC,EU,Worldwide,5.00/5,
Kla_ymen,Drugs/Opioids/Heroin,Premium 7g UNCUT #4 China White HEROIN-custom for rev****34 [Worldwide Stealth],"Premium 7g UNCUT #4 China White HEROIN-custom for rev****34 sourced directly from verified labs. Fast, reliable service. Please include your PGP encrypted address when ordering.",8.255871 BTC,EU,Worldwide,5.00/5,
Kla_ymen,Drugs/Prescription,Exclusive Tramadol (TRALGIT SR) 50x100mg [Escrow Ready],"Welcome to our official NightMarket shop! Tramadol (TRALGIT SR) 50x100mg ready for instant dispatch. Double vacuum sealed, professional MBB stealth. 99% delivery rate across Worldwide.",0.189648 BTC,EU,Worldwide,5.00/5,
Kla_ymen,Drugs/Benzos,100% Pure Clonazepam (Rivotril) 30x0.5mg,We are back on NightMarket offering our verified Clonazepam (Rivotril) 30x0.5mg. Guaranteed lab tested quality and stealth packaging. Contact via PGP for bulk orders.,0.124781 BTC,EU,Worldwide,5.00/5,
Kla_ymen,Drugs/Opioids/Other,Exclusive Tramadol (TRAMAL) 50x200mg [Escrow Ready],We are back on NightMarket offering our verified Tramadol (TRAMAL) 50x200mg. Guaranteed high grade quality and stealth packaging. Contact via PGP for bulk orders.,0.644868 BTC,EU,Worldwide,4.91/5,
Kla_ymen,Drugs/Opioids/Other,Tramadol (TRAMAL) 10x150mg,Tramadol (TRAMAL) 10x150mg available now. All orders dispatched within 24 hours of payment confirmation. Domestic and international stealth available.,0.069948 BTC,EU,Worldwide,4.84/5,
Kla_ymen,Drugs/Benzos,XANAX IR (Alprazolam) 10x1mg,High purity XANAX IR (Alprazolam) 10x1mg at competitive market prices. Fully tested batch. Customer satisfaction is our top priority.,0.049389 BTC,EU,Worldwide,5.00/5,
Kla_ymen,Drugs/Opioids/Heroin,5g UNCUT #4 China White HEROIN,5g UNCUT #4 China White HEROIN available now. All orders dispatched within 24 hours of payment confirmation. Domestic and international stealth available.,4.901900 BTC,EU,Worldwide,5.00/5,
Kla_ymen,Drugs/Prescription,Tramadol (TRAMAL) 100x100mg |EU Pharma|EU Vendor| [24/7 Auto Dispatch],Tramadol (TRAMAL) 100x100mg |EU Pharma|EU Vendor| available now. All orders dispatched within 24 hours of payment confirmation. Domestic and international stealth available.,0.522389 BTC,EU,Worldwide,5.00/5,
Kla_ymen,Drugs/Benzos,Ultra Clean XANAX (Alprazolam) 10x1mg [Fast Shipping],"Premium XANAX (Alprazolam) 10x1mg sourced directly from verified labs. Fast, reliable service. Please include your PGP encrypted address when ordering.",0.032264 BTC,EU,Worldwide,5.00/5,
Kla_ymen,Drugs/Benzos,Diazepam 100x10mg [24/7 Auto Dispatch],"Welcome to our official NightMarket shop! Diazepam 100x10mg ready for instant dispatch. Double vacuum sealed, professional MBB stealth. 99% delivery rate across Worldwide.",0.279736 BTC,EU,Worldwide,4.78/5,
official_ElDorado,Drugs/Cannabis/Concentrates,Custom 1.0G Soft Shatter Wax [EU],"Premium 1.0G Soft Shatter Wax [EU] sourced directly from verified labs. Fast, reliable service. Please include your PGP encrypted address when ordering.",0.170629 BTC,UK,EU,4.99/5,
official_ElDorado,Drugs/Benzos,Premium 4x Strip (56 pills) of MA Holding 10mg diazepam - blisters (UK generic),"Premium 4x Strip (56 pills) of MA Holding 10mg diazepam - blisters (UK generic) sourced directly from verified labs. Fast, reliable service. Please include your PGP encrypted address when ordering.",0.307056 BTC,UK,Worldwide,4.99/5,
official_ElDorado,Drugs/Cannabis/Concentrates,1.0G BHO Wax: Pick a Strain! [Escrow Ready],"Premium 1.0G BHO Wax: Pick a Strain! sourced directly from verified labs. Fast, reliable service. Please include your PGP encrypted address when ordering.",0.089509 BTC,UK,Worldwide,5.00/5,
official_ElDorado,Drugs/Cannabis/Concentrates,Premium Custom,High purity Custom at competitive market prices. Fully tested batch. Customer satisfaction is our top priority.,0.800793 BTC,USA,Worldwide,5.00/5,
official_ElDorado,Drugs/Cannabis/Weed,Verified 28.0G Flowers: Various strains [EU],We are back on NightMarket offering our verified 28.0G Flowers: Various strains [EU]. Guaranteed 99% quality and stealth packaging. Contact via PGP for bulk orders.,1.296175 BTC,UK,Worldwide,5.00/5,
official_ElDorado,Drugs/Cannabis/Concentrates,High Quality 5.0G Soft Shatter Wax [EU],We are back on NightMarket offering our verified 5.0G Soft Shatter Wax [EU]. Guaranteed lab tested quality and stealth packaging. Contact via PGP for bulk orders.,1.262519 BTC,UK,EU,5.00/5,
official_ElDorado,Drugs/Benzos,Verified 50x Apaurin 10mg Diazepam,50x Apaurin 10mg Diazepam available now. All orders dispatched within 24 hours of payment confirmation. Domestic and international stealth available.,0.167378 BTC,UK,Worldwide,5.00/5,
official_ElDorado,Drugs/Cannabis/Weed,Ultra Clean 28.0G Super Silver Haze [EU],28.0G Super Silver Haze [EU] available now. All orders dispatched within 24 hours of payment confirmation. Domestic and international stealth available.,0.910903 BTC,UK,Worldwide,4.92/5,
official_ElDorado,Drugs/Cannabis/Concentrates,7.0G Honeycomb Wax: Pick a Strain!,High purity 7.0G  Honeycomb Wax: Pick a Strain! at competitive market prices. Fully tested batch. Customer satisfaction is our top priority.,0.747011 BTC,UK,Worldwide,4.96/5,
official_ElDorado,Drugs/Cannabis/Concentrates,1.0G Shatter Wax [EU] [Original Batch],1.0G Shatter Wax [EU] available now. All orders dispatched within 24 hours of payment confirmation. Domestic and international stealth available.,275.111088 BTC,UK,EU,5.00/5,
official_ElDorado,Drugs/Opioids/Heroin,sand,sand available now. All orders dispatched within 24 hours of payment confirmation. Domestic and international stealth available.,0.047953 BTC,UK,UK,5.00/5,
official_ElDorado,Drugs/Opioids/Heroin,Direct Source *Sale* 1g no. 3 Heroin (base) 1/3rd off!!!,*Sale* 1g no. 3 Heroin (base) 1/3rd off!!! available now. All orders dispatched within 24 hours of payment confirmation. Domestic and international stealth available.,0.403375 BTC,UK,UK,4.80/5,
RefreshYourself-EU,Drugs/Cannabis/Weed,Custom 3.5 GRAMS - HYDRO BUDS - AUSTRALIA ONLY,High purity 3.5 GRAMS - HYDRO BUDS - AUSTRALIA ONLY at competitive market prices. Fully tested batch. Customer satisfaction is our top priority.,0.070544 BTC,Australia,Australia,4.71/5,
RefreshYourself-EU,Drugs/Cannabis/Weed,Top Grade 7 GRAMS - HYDRO BUDS - AUSTRALIA ONLY,High purity 7 GRAMS - HYDRO BUDS - AUSTRALIA ONLY at competitive market prices. Fully tested batch. Customer satisfaction is our top priority.,0.134970 BTC,Australia,Australia,4.66/5,
RefreshYourself-EU,Drug paraphernalia/Pipes,Custom 3x High Quality Glass Ice Pipe [Worldwide Stealth],3x High Quality Glass Ice Pipe available now. All orders dispatched within 24 hours of payment confirmation. Domestic and international stealth available.,0.077822 BTC,Australia,Worldwide,4.71/5,
RefreshYourself-EU,Drugs/Cannabis/Weed,Exclusive 28 GRAMS - HYDRO BUDS - AUSTRALIA ONLY [24/7 Auto Dispatch],We are back on NightMarket offering our verified 28 GRAMS - HYDRO BUDS - AUSTRALIA ONLY. Guaranteed lab tested quality and stealth packaging. Contact via PGP for bulk orders.,0.433320 BTC,Australia,Australia,4.68/5,
RefreshYourself-EU,Drugs/Cannabis/Weed,14 GRAMS - HYDRO BUDS - AUSTRALIA ONLY [Tracked],High purity 14 GRAMS - HYDRO BUDS - AUSTRALIA ONLY at competitive market prices. Fully tested batch. Customer satisfaction is our top priority.,0.217406 BTC,Australia,Australia,5.00/5,
Angeli,Drugs/Cannabis/Edibles,Angelina's Daze - Mix of Fruity Flavors - 100x,High purity Angelina's Daze - Mix of Fruity Flavors - 100x at competitive market prices. Fully tested batch. Customer satisfaction is our top priority.,1.124381 BTC,USA,USA,5.00/5,
Angeli,Drugs/Prescription,Ultra Clean Tramadol 100mg - 50x,High purity Tramadol 100mg - 50x at competitive market prices. Fully tested batch. Customer satisfaction is our top priority.,0.035010 BTC,World,Worldwide,5.00/5,
Angeli,Drugs/Cannabis/Edibles,High Quality Angelina's Daze - Straspberry Suckers 1x,"Welcome to our official NightMarket shop! Angelina's Daze - Straspberry Suckers 1x ready for instant dispatch. Double vacuum sealed, professional MBB stealth. 99% delivery rate across worldwide.",0.012686 BTC,USA,Worldwide,4.88/5,
Angeli,Drugs/Cannabis/Edibles,High Quality Angelina's Daze - Lemon-Aide Suckers - 1x [Purity Tested],"Premium Angelina's Daze - Lemon-Aide Suckers - 1x sourced directly from verified labs. Fast, reliable service. Please include your PGP encrypted address when ordering.",0.026716 BTC,USA,USA,4.96/5,
Angeli,Drugs/Prescription,Tramadol 200mg - 50x,Tramadol 200mg - 50x available now. All orders dispatched within 24 hours of payment confirmation. Domestic and international stealth available.,0.087672 BTC,World,Worldwide,5.00/5,
Angeli,Drugs/Cannabis/Edibles,Angelina's Daze - Butterscotch THC Suckers - 25x,"Welcome to our official NightMarket shop! Angelina's Daze - Butterscotch THC Suckers - 25x ready for instant dispatch. Double vacuum sealed, professional MBB stealth. 99% delivery rate across worldwide.",0.248621 BTC,USA,Worldwide,4.87/5,
Angeli,Drugs/Weight loss,Orlistat (Xenical weight loss) 120mg - 200x [Purity Tested],"Welcome to our official NightMarket shop! Orlistat (Xenical  weight loss) 120mg - 200x ready for instant dispatch. Double vacuum sealed, professional MBB stealth. 99% delivery rate across worldwide.",0.188450 BTC,World,Worldwide,4.97/5,
Angeli,Drugs/Cannabis/Edibles,High Quality Angelina's Daze - Lemon-Aide THC Suckers - 50x [Tracked],"Welcome to our official NightMarket shop! Angelina's Daze - Lemon-Aide THC Suckers - 50x ready for instant dispatch. Double vacuum sealed, professional MBB stealth. 99% delivery rate across USA.",0.668570 BTC,USA,USA,4.81/5,
Angeli,Drugs/Cannabis/Edibles,Angelina's Daze - THC Tablets - 4x - Limited Run,We are back on NightMarket offering our verified Angelina's Daze - THC Tablets - 4x - Limited Run. Guaranteed high grade quality and stealth packaging. Contact via PGP for bulk orders.,0.134985 BTC,USA,USA,4.91/5,
Angeli,Drugs/Prescription,Exclusive Generic Viagra - Sildenafil Citrate - 100mg - 100x,"Premium Generic Viagra - Sildenafil Citrate - 100mg - 100x sourced directly from verified labs. Fast, reliable service. Please include your PGP encrypted address when ordering.",0.199856 BTC,World,Worldwide,5.00/5,
Angeli,Drugs/Prescription,Direct Source Generic Levitra - Vardenafil - 20mg - 100x,"Welcome to our official NightMarket shop! Generic Levitra - Vardenafil - 20mg - 100x ready for instant dispatch. Double vacuum sealed, professional MBB stealth. 99% delivery rate across USA.",0.136941 BTC,USA,USA,4.87/5,
Angeli,Drugs/Cannabis/Edibles,Exclusive Angelina's Daze - Buttterscoth Gems THC Infused - 3x [Purity Tested],"Welcome to our official NightMarket shop! Angelina's Daze - Buttterscoth Gems THC Infused - 3x ready for instant dispatch. Double vacuum sealed, professional MBB stealth. 99% delivery rate across worldwide.",0.135000 BTC,USA,Worldwide,5.00/5,
Angeli,Drugs/Cannabis/Edibles,Angelina's Daze - Butterscotch THC Suckers - 50x,High purity Angelina's Daze - Butterscotch THC Suckers - 50x at competitive market prices. Fully tested batch. Customer satisfaction is our top priority.,0.484242 BTC,USA,Worldwide,4.82/5,
Angeli,Drugs/Cannabis/Edibles,Premium Angelina's Daze - Party Pack - 200x (75 lemon 75 straspberry 50 butterscotch) [Worldwide Stealth],We are back on NightMarket offering our verified Angelina's Daze - Party Pack - 200x (75 lemon  75 straspberry  50 butterscotch). Guaranteed premium quality and stealth packaging. Contact via PGP for bulk orders.,2.487198 BTC,USA,USA,4.98/5,
Angeli,Drugs/Prescription,Verified Generic Levitra - Vardenafil - 20mg - 40x,"Welcome to our official NightMarket shop! Generic Levitra - Vardenafil - 20mg - 40x ready for instant dispatch. Double vacuum sealed, professional MBB stealth. 99% delivery rate across USA.",0.080627 BTC,USA,USA,4.96/5,
Angeli,Drugs/Cannabis/Edibles,Angelina's Daze - Straspberry Suckers - 1x [Original Batch],"Premium Angelina's Daze - Straspberry Suckers - 1x sourced directly from verified labs. Fast, reliable service. Please include your PGP encrypted address when ordering.",0.023387 BTC,USA,USA,4.87/5,
Angeli,Drugs/Cannabis/Edibles,Angelina's Daze - Butterscotch THC Suckers - 1x,Angelina's Daze - Butterscotch THC Suckers - 1x available now. All orders dispatched within 24 hours of payment confirmation. Domestic and international stealth available.,0.017996 BTC,USA,Worldwide,4.83/5,
Angeli,Drugs/Cannabis/Edibles,Angelina's Daze - Lemon-Aide Suckers 1x [Fast Shipping],"Welcome to our official NightMarket shop! Angelina's Daze - Lemon-Aide Suckers 1x ready for instant dispatch. Double vacuum sealed, professional MBB stealth. 99% delivery rate across worldwide.",0.010417 BTC,USA,Worldwide,4.74/5,
Angeli,Drugs/Prescription,Generic Viagra - Sildenafil Citrate - 100mg - 40x [Escrow Ready],High purity Generic Viagra - Sildenafil Citrate - 100mg - 40x at competitive market prices. Fully tested batch. Customer satisfaction is our top priority.,0.076135 BTC,USA,Worldwide,4.82/5,
Angeli,Drugs/Cannabis/Edibles,Angelina's Daze - Lemon-Aide Suckers 25x,We are back on NightMarket offering our verified Angelina's Daze - Lemon-Aide Suckers 25x. Guaranteed lab tested quality and stealth packaging. Contact via PGP for bulk orders.,0.203972 BTC,USA,Worldwide,4.96/5,
Angeli,Drugs/Prescription,Direct Source Generic Viagra - Sildenafil Citrate - 100mg - 200x,"Welcome to our official NightMarket shop! Generic Viagra - Sildenafil Citrate - 100mg - 200x ready for instant dispatch. Double vacuum sealed, professional MBB stealth. 99% delivery rate across worldwide.",0.100707 BTC,USA,Worldwide,4.87/5,
Angeli,Drugs/Prescription,SOMA (Carisoprolol) 350mg - 100x,High purity SOMA (Carisoprolol) 350mg - 100x at competitive market prices. Fully tested batch. Customer satisfaction is our top priority.,0.069088 BTC,World,Worldwide,4.83/5,
OZ-TEAM,Drugs/Ecstasy/MDA,Exclusive 100 x MDA CAPS 100mg+ PURE MDA,100 x MDA CAPS 100mg+ PURE MDA available now. All orders dispatched within 24 hours of payment confirmation. Domestic and international stealth available.,3.346253 BTC,Australia,Australia,4.86/5,
OZ-TEAM,Drugs/Ecstasy/MDMA,MDA CAPS (Samples 130mg) NO-FE AUS ONLY,We are back on NightMarket offering our verified MDA CAPS (Samples 130mg) NO-FE AUS ONLY. Guaranteed 99% quality and stealth packaging. Contact via PGP for bulk orders.,0.050455 BTC,Australia,Australia,4.86/5,
OZ-TEAM,Drugs/Ecstasy/MDMA,LIMITED TIME (NO-FE) ONLY $160 (AUS ONLY) 10 PACK HIGH DOSE 95-98 % PURE MDA CAPS 130mg NO-FE,LIMITED TIME (NO-FE) ONLY $160 (AUS ONLY) 10 PACK HIGH DOSE 95-98 % PURE MDA CAPS 130mg NO-FE available now. All orders dispatched within 24 hours of payment confirmation. Domestic and international stealth available.,0.568544 BTC,Australia,Australia,4.86/5,
OZ-TEAM,Drugs/Ecstasy/MDMA,(NEW LISTING)LIMITED TIME OFFER TEN 100MG (90% MDMA) CAPS + TEN 130MG (98% MDA) CAPS FOR ONLY $410,High purity (NEW LISTING)LIMITED TIME OFFER TEN 100MG (90% MDMA) CAPS + TEN 130MG (98% MDA) CAPS FOR ONLY $410 at competitive market prices. Fully tested batch. Customer satisfaction is our top priority.,1.455103 BTC,Australia,Australia,4.93/5,
OZ-TEAM,Drugs/Ecstasy/MDMA,10 PACK 130MG (MDMA) CAPS + 10 PACK 130MG (MDA) CAPS ONLY $410 [Escrow Ready],"Welcome to our official NightMarket shop! 10 PACK 130MG (MDMA) CAPS + 10 PACK 130MG (MDA) CAPS ONLY $410 ready for instant dispatch. Double vacuum sealed, professional MBB stealth. 99% delivery rate across Australia.",1.240613 BTC,Australia,Australia,4.89/5,
OZ-TEAM,Drugs/Ecstasy/Pills,Exclusive x10 BROWN Crown (MDA Pills) 100mg [Fast Shipping],x10 BROWN Crown (MDA Pills) 100mg available now. All orders dispatched within 24 hours of payment confirmation. Domestic and international stealth available.,0.648200 BTC,Australia,Australia,4.86/5,
OZ-TEAM,Drugs/Ecstasy/MDMA,50 x MDA CAPS 100mg+ PURE MDA,50 x MDA CAPS 100mg+ PURE MDA available now. All orders dispatched within 24 hours of payment confirmation. Domestic and international stealth available.,2.769083 BTC,Australia,Australia,4.91/5,
OZ-TEAM,Drugs/Ecstasy/MDMA,HQ LIMITED TIME DEAL (NO-FE) 14G PURE MDA ONLY $1200 [Escrow Ready],High purity LIMITED TIME DEAL (NO-FE) 14G PURE MDA ONLY $1200 at competitive market prices. Fully tested batch. Customer satisfaction is our top priority.,5.725460 BTC,Australia,Australia,5.00/5,
OZ-TEAM,Drugs/Stimulants/Meth,Direct Source LIMITED TIME 0.1G Crystal Meth Pure & Potent (AUS ONLY) Via FREE EXPRESS,"Welcome to our official NightMarket shop! LIMITED TIME 0.1G Crystal Meth Pure & Potent (AUS ONLY) Via FREE EXPRESS ready for instant dispatch. Double vacuum sealed, professional MBB stealth. 99% delivery rate across Australia.",0.071079 BTC,Australia,Australia,4.91/5,
OZ-TEAM,Drugs/Stimulants/Speed,HQ SPEED BOMBS (Samples 100mg) NO-FE AUS ONLY,High purity SPEED BOMBS (Samples 100mg) NO-FE AUS ONLY at competitive market prices. Fully tested batch. Customer satisfaction is our top priority.,0.056065 BTC,Australia,Australia,4.99/5,
OZ-TEAM,Drugs/Ecstasy/Pills,HQ x5 BROWN Crown (MDA Pills) 100mg,"Premium x5 BROWN Crown (MDA Pills) 100mg sourced directly from verified labs. Fast, reliable service. Please include your PGP encrypted address when ordering.",0.310607 BTC,Australia,Australia,5.00/5,
Lucid_Gentleman88,Drugs/Psychedelics/DMT,1gr W-Anga (weed enhanced with dmt) [Fast Shipping],High purity 1gr W-Anga (weed enhanced with dmt) at competitive market prices. Fully tested batch. Customer satisfaction is our top priority.,0.228215 BTC,Netherlands,Worldwide,5.00/5,
Lucid_Gentleman88,Drugs/Cannabis/Weed,Premium 1gr Silver Pearl,"Welcome to our official NightMarket shop! 1gr Silver Pearl ready for instant dispatch. Double vacuum sealed, professional MBB stealth. 99% delivery rate across worldwide.",0.062897 BTC,Netherlands,Worldwide,4.58/5,
Lucid_Gentleman88,Drugs/Psychedelics/DMT,1gr Changa Heaven (custom made),"Premium 1gr Changa Heaven (custom made) sourced directly from verified labs. Fast, reliable service. Please include your PGP encrypted address when ordering.",0.222916 BTC,Netherlands,Worldwide,4.75/5,
Lucid_Gentleman88,Drugs/Psychedelics/DMT,Ultra Clean Blast-off Kit - Small,High purity Blast-off Kit - Small at competitive market prices. Fully tested batch. Customer satisfaction is our top priority.,0.207091 BTC,Netherlands,Worldwide,4.60/5,
Lucid_Gentleman88,Drugs/Stimulants/Cocaine,25gr. Pure Uncut Bolivian Cocaine 80+% (free shipping),"Welcome to our official NightMarket shop! 25gr. Pure Uncut Bolivian Cocaine 80+% (free shipping) ready for instant dispatch. Double vacuum sealed, professional MBB stealth. 99% delivery rate across worldwide.",8.132185 BTC,Netherlands,Worldwide,4.74/5,
Lucid_Gentleman88,Drugs/Cannabis/Weed,3gr Hawaiian Snow [Original Batch],High purity 3gr Hawaiian Snow at competitive market prices. Fully tested batch. Customer satisfaction is our top priority.,0.217463 BTC,Netherlands,worldwide,4.73/5,
Lucid_Gentleman88,Drugs/Psychedelics/Mushrooms,3gr Mexican Psilocybin Mushrooms [24/7 Auto Dispatch],High purity 3gr Mexican Psilocybin Mushrooms at competitive market prices. Fully tested batch. Customer satisfaction is our top priority.,0.154182 BTC,USA,Worldwide,4.85/5,
Lucid_Gentleman88,Drugs/Cannabis/Hash,Exclusive 1gr Moroccan Chocolate Hashish,"Welcome to our official NightMarket shop! 1gr Moroccan Chocolate Hashish ready for instant dispatch. Double vacuum sealed, professional MBB stealth. 99% delivery rate across worldwide.",0.073277 BTC,Netherlands,Worldwide,4.63/5,
Lucid_Gentleman88,Drugs/Stimulants/Cocaine,0.25gr. Pure Uncut Bolivian Cocaine 80+% (free shipping) [Tracked],We are back on NightMarket offering our verified 0.25gr. Pure Uncut Bolivian Cocaine 80+% (free shipping). Guaranteed top tier quality and stealth packaging. Contact via PGP for bulk orders.,0.083019 BTC,Netherlands,Worldwide,4.94/5,
Lucid_Gentleman88,Drugs/Opioids/Heroin,HQ 10gr Turkish Heroin Nr 3 [Original Batch],"Welcome to our official NightMarket shop! 10gr Turkish Heroin Nr 3 ready for instant dispatch. Double vacuum sealed, professional MBB stealth. 99% delivery rate across worldwide.",2.366438 BTC,Netherlands,Worldwide,4.88/5,
Lucid_Gentleman88,Drugs/Psychedelics/DMT,High Quality 1gr Extremely potent Changa (awareness) [Tracked],"Welcome to our official NightMarket shop! 1gr Extremely potent Changa (awareness) ready for instant dispatch. Double vacuum sealed, professional MBB stealth. 99% delivery rate across worldwide.",0.195036 BTC,Netherlands,Worldwide,5.00/5,
Lucid_Gentleman88,Drugs/Psychedelics/DMT,1gr Extremely potent Changa (relaxing dream),High purity 1gr Extremely potent Changa (relaxing dream) at competitive market prices. Fully tested batch. Customer satisfaction is our top priority.,0.235554 BTC,USA,Worldwide,4.89/5,
SkylarWhite,Drugs/Cannabis/Concentrates,Black Onyx-----Super Concentrate----1200mg Hemp Oil (4 Pack),We are back on NightMarket offering our verified Black Onyx-----Super Concentrate----1200mg  Hemp Oil  (4 Pack). Guaranteed premium quality and stealth packaging. Contact via PGP for bulk orders.,0.133264 BTC,USA,USA,4.78/5,
SkylarWhite,Drugs/Cannabis/Hash,1 GRAM TOP SHELF RICK SIMPSON OIL,"Welcome to our official NightMarket shop! 1 GRAM TOP SHELF RICK SIMPSON OIL ready for instant dispatch. Double vacuum sealed, professional MBB stealth. 99% delivery rate across USA.",0.071682 BTC,USA,USA,4.90/5,
SkylarWhite,Drugs/Cannabis/Concentrates,Black Onyx-----Super Concentrate----300mg Hemp Oil (7 day supply) [Worldwide Stealth],High purity Black Onyx-----Super Concentrate----300mg  Hemp Oil (7 day supply) at competitive market prices. Fully tested batch. Customer satisfaction is our top priority.,0.185429 BTC,USA,USA,4.97/5,
SkylarWhite,Drugs/Cannabis/Concentrates,100% Pure Black Onyx-----Super Concentrate----300mg Hemp Oil (Sample) [Escrow Ready],We are back on NightMarket offering our verified Black Onyx-----Super Concentrate----300mg  Hemp Oil (Sample). Guaranteed top tier quality and stealth packaging. Contact via PGP for bulk orders.,0.035707 BTC,USA,USA,4.77/5,
SkylarWhite,Drugs/Cannabis/Weed,High Quality 3 GRAMS TOP SHELF RICK SIMPSON OIL [Fast Shipping],"Premium 3 GRAMS TOP SHELF RICK SIMPSON OIL sourced directly from verified labs. Fast, reliable service. Please include your PGP encrypted address when ordering.",0.191330 BTC,USA,Worldwide,5.00/5,
SkylarWhite,Drugs/Cannabis/Weed,HQ 7 GRAMS TOP SHELF RICK SIMPSON OIL,"Welcome to our official NightMarket shop! 7 GRAMS TOP SHELF RICK SIMPSON OIL ready for instant dispatch. Double vacuum sealed, professional MBB stealth. 99% delivery rate across USA.",0.461513 BTC,USA,USA,4.70/5,
SkylarWhite,Drugs/Cannabis/Concentrates,Black Onyx-----Super Concentrate----300mg Hemp Oil (30 day supply) [Original Batch],We are back on NightMarket offering our verified Black Onyx-----Super Concentrate----300mg  Hemp Oil (30 day supply). Guaranteed high grade quality and stealth packaging. Contact via PGP for bulk orders.,0.802808 BTC,USA,USA,4.92/5,
FlyingDrgusman,Drugs/Cannabis/Weed,5g Amnesia haze HIGHEST GRADE,"Welcome to our official NightMarket shop! 5g Amnesia haze HIGHEST GRADE ready for instant dispatch. Double vacuum sealed, professional MBB stealth. 99% delivery rate across worldwide.",0.146517 BTC,Netherlands,Worldwide,4.29/5,
FlyingDrgusman,Drugs/Ecstasy/MDMA,Premium SALE! 5g MDMA for €65,High purity SALE! 5g MDMA for €65 at competitive market prices. Fully tested batch. Customer satisfaction is our top priority.,0.154779 BTC,Netherlands,Worldwide,5.00/5,
FlyingDrgusman,Drugs/Ecstasy/MDMA,Ultra Clean 2.5g 84% MDMA Cheapest on market [Worldwide Stealth],We are back on NightMarket offering our verified 2.5g 84% MDMA Cheapest on market. Guaranteed 99% quality and stealth packaging. Contact via PGP for bulk orders.,0.092661 BTC,Netherlands,Worldwide,4.95/5,
FlyingDrgusman,Drugs/Ecstasy/MDMA,1g 84% MDMA Cheapest on market,1g 84% MDMA Cheapest on market available now. All orders dispatched within 24 hours of payment confirmation. Domestic and international stealth available.,0.034332 BTC,Netherlands,Worldwide,4.76/5,
FlyingDrgusman,Drugs/Ecstasy/MDMA,15g 84% MDMA Cheapest on market,"Premium 15g 84% MDMA Cheapest on market sourced directly from verified labs. Fast, reliable service. Please include your PGP encrypted address when ordering.",0.420455 BTC,Netherlands,Worldwide,4.79/5,
FlyingDrgusman,Drugs/Ecstasy/MDMA,5g 84% MDMA Cheapest on market,We are back on NightMarket offering our verified 5g 84% MDMA Cheapest on market. Guaranteed top tier quality and stealth packaging. Contact via PGP for bulk orders.,0.216929 BTC,Netherlands,Worldwide,4.78/5,
FlyingDrgusman,Drugs/Ecstasy/MDMA,SALE! 25g MDMA for €275,We are back on NightMarket offering our verified SALE! 25g MDMA for €275. Guaranteed high grade quality and stealth packaging. Contact via PGP for bulk orders.,0.775080 BTC,Netherlands,Worldwide,4.77/5,
FlyingDrgusman,Drugs/Cannabis/Weed,100% Pure 10g Amnesia haze HIGHEST GRADE [Purity Tested],High purity 10g Amnesia haze HIGHEST GRADE at competitive market prices. Fully tested batch. Customer satisfaction is our top priority.,0.202945 BTC,Netherlands,Worldwide,4.36/5,
FlyingDrgusman,Drugs/Ecstasy/MDMA,20g 84% MDMA Cheapest on market [Tracked],"Premium 20g 84% MDMA Cheapest on market sourced directly from verified labs. Fast, reliable service. Please include your PGP encrypted address when ordering.",0.659138 BTC,Netherlands,Worldwide,4.85/5,
FlyingDrgusman,Drugs/Cannabis/Weed,100% Pure 15g Amnesia haze HIGHEST GRADE,We are back on NightMarket offering our verified 15g Amnesia haze HIGHEST GRADE. Guaranteed high grade quality and stealth packaging. Contact via PGP for bulk orders.,0.265981 BTC,Netherlands,Worldwide,4.25/5,
FlyingDrgusman,Drugs/Cannabis/Weed,2.5g Amnesia haze HIGHEST GRADE,"Welcome to our official NightMarket shop! 2.5g Amnesia haze HIGHEST GRADE ready for instant dispatch. Double vacuum sealed, professional MBB stealth. 99% delivery rate across worldwide.",0.083375 BTC,Netherlands,Worldwide,4.38/5,
FlyingDrgusman,Drugs/Ecstasy/MDMA,HQ FREE SAMPLE 84% MDMA Cheapest on market,We are back on NightMarket offering our verified FREE SAMPLE 84% MDMA Cheapest on market. Guaranteed 99% quality and stealth packaging. Contact via PGP for bulk orders.,0.012538 BTC,Netherlands,Worldwide,4.73/5,
FlyingDrgusman,Drugs/Cannabis/Weed,1g Amnesia haze HIGHEST GRADE [Purity Tested],1g Amnesia haze HIGHEST GRADE available now. All orders dispatched within 24 hours of payment confirmation. Domestic and international stealth available.,0.032327 BTC,Netherlands,Worldwide,4.38/5,
FlyingDrgusman,Drugs/Ecstasy/MDMA,10g 84% MDMA Cheapest on market [Worldwide Stealth],We are back on NightMarket offering our verified 10g 84% MDMA Cheapest on market. Guaranteed high grade quality and stealth packaging. Contact via PGP for bulk orders.,0.322414 BTC,Netherlands,Worldwide,4.83/5,
FlyingDrgusman,Drugs/Ecstasy/MDMA,SALE! 10g MDMA for €120,"Welcome to our official NightMarket shop! SALE! 10g MDMA for €120 ready for instant dispatch. Double vacuum sealed, professional MBB stealth. 99% delivery rate across worldwide.",0.308684 BTC,Netherlands,Worldwide,5.00/5,
FlyingDrgusman,Drugs/Ecstasy/MDMA,100% Pure SALE! 100g MDMA for €1000,"Premium SALE! 100g MDMA for €1000 sourced directly from verified labs. Fast, reliable service. Please include your PGP encrypted address when ordering.",2.414227 BTC,Netherlands,Worldwide,5.00/5,
lamac,Drugs/Cannabis/Weed,10g WHITE WIDOW Weed Cannabis HYDRO,10g WHITE WIDOW Weed Cannabis HYDRO available now. All orders dispatched within 24 hours of payment confirmation. Domestic and international stealth available.,0.518377 BTC,France,FRANCE,4.78/5,
lamac,Drugs/Ecstasy/MDMA,Premium 10 g ecstasy MDMA,10 g ecstasy MDMA available now. All orders dispatched within 24 hours of payment confirmation. Domestic and international stealth available.,0.481307 BTC,France,France,4.89/5,
lamac,Drugs/Cannabis/Weed,Custom 5g weed cannabis HYDRO [24/7 Auto Dispatch],We are back on NightMarket offering our verified 5g weed cannabis HYDRO. Guaranteed 99% quality and stealth packaging. Contact via PGP for bulk orders.,0.202159 BTC,France,FRANCE,4.83/5,
lamac,Drugs/Cannabis/Hash,Exclusive 10g Hash / hashish marocain,"Welcome to our official NightMarket shop! 10g Hash / hashish marocain ready for instant dispatch. Double vacuum sealed, professional MBB stealth. 99% delivery rate across FRANCE.",0.133725 BTC,France,FRANCE,4.99/5,
lamac,Drugs/Cannabis/Weed,Custom 50g weed cannabis HYDRO,"Welcome to our official NightMarket shop! 50g weed cannabis HYDRO ready for instant dispatch. Double vacuum sealed, professional MBB stealth. 99% delivery rate across FRANCE.",0.744235 BTC,France,FRANCE,4.78/5,
lamac,Drugs/Cannabis/Hash,Premium 20 g Hash / charas indien / hashish [Original Batch],"Welcome to our official NightMarket shop! 20 g Hash / charas indien / hashish ready for instant dispatch. Double vacuum sealed, professional MBB stealth. 99% delivery rate across France.",0.535204 BTC,France,France,4.78/5,
lamac,Drugs/Ecstasy/MDMA,1g ecstasy MDMA FRANCE [Fast Shipping],"Welcome to our official NightMarket shop! 1g ecstasy MDMA FRANCE ready for instant dispatch. Double vacuum sealed, professional MBB stealth. 99% delivery rate across France.",0.045869 BTC,France,France,4.90/5,
lamac,Drugs/Cannabis/Weed,Ultra Clean 10g weed cannabis HYDRO,"Premium 10g weed cannabis HYDRO sourced directly from verified labs. Fast, reliable service. Please include your PGP encrypted address when ordering.",0.441701 BTC,France,FRANCE,5.00/5,
lamac,Drugs/Cannabis/Synthetics,5g blend / spice cannabis synthétique,"Premium 5g blend / spice cannabis synthétique sourced directly from verified labs. Fast, reliable service. Please include your PGP encrypted address when ordering.",0.035115 BTC,France,France,5.00/5,
lamac,Drugs/Ecstasy/MDMA,5g ecstasy MDMA,High purity 5g ecstasy MDMA at competitive market prices. Fully tested batch. Customer satisfaction is our top priority.,0.256347 BTC,France,France,4.85/5,
lamac,Drugs/Cannabis/Synthetics,2g blend / spice cannabis synthétique [Purity Tested],"Premium 2g blend / spice cannabis synthétique sourced directly from verified labs. Fast, reliable service. Please include your PGP encrypted address when ordering.",0.018275 BTC,France,France,5.00/5,
lamac,Drugs/Cannabis/Weed,Direct Source 5g WHITE WIDOW Weed Cannabis HYDRO,We are back on NightMarket offering our verified 5g WHITE WIDOW Weed Cannabis HYDRO. Guaranteed high grade quality and stealth packaging. Contact via PGP for bulk orders.,0.256925 BTC,France,FRANCE,5.00/5,
lamac,Drugs/Ecstasy/MDMA,100% Pure 1g ecstasy MDMA FRANCE 82%,We are back on NightMarket offering our verified 1g ecstasy MDMA FRANCE 82%. Guaranteed lab tested quality and stealth packaging. Contact via PGP for bulk orders.,0.161414 BTC,France,France,4.89/5,
SleekTheElite_511,Drugs/Stimulants/Meth,1.75g Primo Crystal Meth - Ice ★ RUBY RED ★ [24/7 Auto Dispatch],We are back on NightMarket offering our verified 1.75g Primo Crystal Meth - Ice ★ RUBY RED ★. Guaranteed top tier quality and stealth packaging. Contact via PGP for bulk orders.,1.681058 BTC,Australia,Australia,4.98/5,
SleekTheElite_511,Drugs/Prescription,10x Valium 5mg (Diazepam) - Australian Stock [Worldwide Stealth],High purity 10x Valium 5mg (Diazepam) - Australian Stock at competitive market prices. Fully tested batch. Customer satisfaction is our top priority.,0.118629 BTC,Australia,Worldwide,4.89/5,
SleekTheElite_511,Drugs/Prescription,High Quality 20x 40mg OxyContin (OP),"Welcome to our official NightMarket shop! 20x 40mg OxyContin (OP) ready for instant dispatch. Double vacuum sealed, professional MBB stealth. 99% delivery rate across Australia.",2.381550 BTC,Australia,Australia,4.91/5,
SleekTheElite_511,Drugs/Stimulants/Meth,0.5g ★ Sleek's Premium Quality Crystal Meth ★ Clean Pure & Potent,"Premium 0.5g ★ Sleek's Premium Quality Crystal Meth ★ Clean  Pure & Potent sourced directly from verified labs. Fast, reliable service. Please include your PGP encrypted address when ordering.",0.671310 BTC,Australia,Australia,5.00/5,
SleekTheElite_511,Drugs/Stimulants/Meth,1g ★ Sleek's Premium Quality Crystal Meth ★ Clean Pure & Potent - FREE EXPRESS POST,1g ★ Sleek's Premium Quality Crystal Meth ★ Clean  Pure & Potent - FREE EXPRESS POST available now. All orders dispatched within 24 hours of payment confirmation. Domestic and international stealth available.,0.937171 BTC,Australia,Australia,5.00/5,
SleekTheElite_511,Drugs/Stimulants/Meth,0.25g Primo Crystal Meth - Ice ★ KOOTA KANDY ★ [Purity Tested],"Welcome to our official NightMarket shop! 0.25g Primo Crystal Meth - Ice ★ KOOTA KANDY ★ ready for instant dispatch. Double vacuum sealed, professional MBB stealth. 99% delivery rate across Australia.",0.461764 BTC,Australia,Australia,5.00/5,
SleekTheElite_511,Drugs/Stimulants/Meth,0.5g Primo Crystal Meth - Ice ★ KOOTA KANDY ★,We are back on NightMarket offering our verified 0.5g Primo Crystal Meth - Ice ★ KOOTA KANDY ★. Guaranteed 99% quality and stealth packaging. Contact via PGP for bulk orders.,0.672085 BTC,Australia,Australia,4.86/5,
SleekTheElite_511,Drugs/Stimulants/Meth,100% Pure 1g Sleek's Premium Quality Crystal Meth - Clean Pure & Potent - FREE EXPRESS POST [Tracked],"Welcome to our official NightMarket shop! 1g Sleek's Premium Quality Crystal Meth - Clean  Pure & Potent - FREE EXPRESS POST ready for instant dispatch. Double vacuum sealed, professional MBB stealth. 99% delivery rate across Australia.",0.631653 BTC,Australia,Australia,5.00/5,
SleekTheElite_511,Drugs/Stimulants/Meth,Verified 0.25g ★ Sleek's Premium Quality Crystal Meth ★ Clean Pure & Potent [Purity Tested],0.25g ★ Sleek's Premium Quality Crystal Meth ★ Clean  Pure & Potent available now. All orders dispatched within 24 hours of payment confirmation. Domestic and international stealth available.,0.316083 BTC,Australia,Australia,5.00/5,
SleekTheElite_511,Drugs/Stimulants/Meth,0.5g Sleek's Premium Quality Crystal Meth - Clean Pure & Potent - FREE EXPRESS POST,"Welcome to our official NightMarket shop! 0.5g Sleek's Premium Quality Crystal Meth - Clean  Pure & Potent - FREE EXPRESS POST ready for instant dispatch. Double vacuum sealed, professional MBB stealth. 99% delivery rate across Australia.",0.320220 BTC,Australia,Australia,4.81/5,
SleekTheElite_511,Drugs/Ecstasy/MDMA,Verified 1g ★ Premium Quality Imported MDMA ★ Maximum Purity! [Tracked],We are back on NightMarket offering our verified 1g ★ Premium Quality Imported MDMA ★ Maximum Purity!. Guaranteed lab tested quality and stealth packaging. Contact via PGP for bulk orders.,0.531700 BTC,Australia,Australia,5.00/5,
SleekTheElite_511,Drugs/Stimulants/Meth,0.5g ★ Sleek's Premium Quality Crystal Meth ★ Clean Pure & Potent - FREE EXPRESS POST [Fast Shipping],0.5g ★ Sleek's Premium Quality Crystal Meth ★ Clean  Pure & Potent - FREE EXPRESS POST available now. All orders dispatched within 24 hours of payment confirmation. Domestic and international stealth available.,0.495773 BTC,Australia,Australia,4.97/5,
SleekTheElite_511,Drugs/Stimulants/Meth,Exclusive 3.5g Sleek's Premium Quality Crystal Meth - Clean Pure & Potent - FREE EXPRESS POST [Tracked],"Premium 3.5g Sleek's Premium Quality Crystal Meth - Clean  Pure & Potent - FREE EXPRESS POST sourced directly from verified labs. Fast, reliable service. Please include your PGP encrypted address when ordering.",2.424685 BTC,Australia,Australia,4.83/5,
SleekTheElite_511,Drugs/Stimulants/Meth,0.25g Sleek's Premium Quality Crystal Meth - Clean Pure & Potent - FREE EXPRESS POST,"Welcome to our official NightMarket shop! 0.25g Sleek's Premium Quality Crystal Meth - Clean  Pure & Potent - FREE EXPRESS POST ready for instant dispatch. Double vacuum sealed, professional MBB stealth. 99% delivery rate across Australia.",0.184076 BTC,Australia,Australia,5.00/5,
SleekTheElite_511,Drugs/Opioids/Oxycodone,5x 40mg OxyContin! (OP) [Worldwide Stealth],We are back on NightMarket offering our verified 5x 40mg OxyContin! (OP). Guaranteed 99% quality and stealth packaging. Contact via PGP for bulk orders.,0.962789 BTC,Australia,Australia,4.95/5,
SleekTheElite_511,Drugs/Stimulants/Meth,0.25g ★ Sleek's Premium Quality Crystal Meth ★ Clean Pure & Potent - FREE EXPRESS POST,"Welcome to our official NightMarket shop! 0.25g ★ Sleek's Premium Quality Crystal Meth ★ Clean  Pure & Potent - FREE EXPRESS POST ready for instant dispatch. Double vacuum sealed, professional MBB stealth. 99% delivery rate across Australia.",0.330110 BTC,Australia,Australia,4.92/5,
SleekTheElite_511,Drugs/Prescription,2x 40mg OxyContin! (OP),2x 40mg OxyContin! (OP) available now. All orders dispatched within 24 hours of payment confirmation. Domestic and international stealth available.,0.298545 BTC,Australia,Australia,5.00/5,
SleekTheElite_511,Drugs/Stimulants/Cocaine,Exclusive 1g ★ TOP Quality Fishscale Cocaine ★ 93%+ from Peru,1g ★ TOP Quality Fishscale Cocaine ★ 93%+ from Peru available now. All orders dispatched within 24 hours of payment confirmation. Domestic and international stealth available.,1.030180 BTC,Australia,Australia,5.00/5,
SleekTheElite_511,Drugs/Stimulants/Meth,Premium 7g Primo Crystal Meth - Ice ★ KOOTA KANDY ★,We are back on NightMarket offering our verified 7g Primo Crystal Meth - Ice ★ KOOTA KANDY ★. Guaranteed premium quality and stealth packaging. Contact via PGP for bulk orders.,6.223650 BTC,Australia,Australia,4.83/5,
SleekTheElite_511,Drugs/Stimulants/Cocaine,Top Grade 2g ★ TOP Quality Fishscale Cocaine ★ 93%+ from Peru,"Welcome to our official NightMarket shop! 2g ★ TOP Quality Fishscale Cocaine ★ 93%+ from Peru ready for instant dispatch. Double vacuum sealed, professional MBB stealth. 99% delivery rate across Australia.",1.771733 BTC,Australia,Australia,5.00/5,
MrSusnhine,Drugs/Cannabis/Synthetics,100% Pure 20 Grams Pouch Tobacco Spice,We are back on NightMarket offering our verified 20 Grams Pouch Tobacco Spice. Guaranteed lab tested quality and stealth packaging. Contact via PGP for bulk orders.,0.518960 BTC,USA,Worldwide,4.54/5,
MrSusnhine,Drugs/Ecstasy/Other,MDMA Free Drugs Free Ship,MDMA Free Drugs Free Ship available now. All orders dispatched within 24 hours of payment confirmation. Domestic and international stealth available.,0.141097 BTC,USA,Worldwide,4.65/5,
MrSusnhine,Information/Guides,BULK PACK Bunk Buster 50+ Multi Drug Test Kit,"Welcome to our official NightMarket shop! BULK PACK Bunk Buster 50+ Multi Drug Test Kit ready for instant dispatch. Double vacuum sealed, professional MBB stealth. 99% delivery rate across worldwide.",0.675639 BTC,USA,Worldwide,4.76/5,
MrSusnhine,Drugs/Psychedelics/2C,of 25I-NBOMe 1000ug X4 Hits [Purity Tested],We are back on NightMarket offering our verified of 25I-NBOMe 1000ug  X4 Hits. Guaranteed top tier quality and stealth packaging. Contact via PGP for bulk orders.,0.049240 BTC,USA,Worldwide,4.73/5,
MrSusnhine,Drugs/Psychedelics/LSD,1$ Trips The Dollar Store Same as BMR Dollar Store [24/7 Auto Dispatch],We are back on NightMarket offering our verified 1$ Trips The Dollar Store Same as BMR Dollar Store. Guaranteed premium quality and stealth packaging. Contact via PGP for bulk orders.,0.001596 BTC,USA,Worldwide,4.81/5,
MrSusnhine,Drugs/Psychedelics/LSD,FINEST LSD ON THE PLANET 99% Pure SUMMER SALE [Fast Shipping],We are back on NightMarket offering our verified FINEST LSD ON THE PLANET 99% Pure SUMMER SALE. Guaranteed 99% quality and stealth packaging. Contact via PGP for bulk orders.,0.405640 BTC,USA,Worldwide,4.66/5,
MrSusnhine,Drugs/Psychedelics/5-MeO,Premium 250mg 5-Meo-DMT 99% pure [Fast Shipping],We are back on NightMarket offering our verified 250mg 5-Meo-DMT 99% pure. Guaranteed lab tested quality and stealth packaging. Contact via PGP for bulk orders.,0.274393 BTC,USA,Worldwide,4.61/5,
MrSusnhine,Drugs/Psychedelics/LSD,1# Spot For Trips Connoisseurs NBOMe 4 hits [Purity Tested],High purity 1# Spot For Trips Connoisseurs NBOMe 4 hits at competitive market prices. Fully tested batch. Customer satisfaction is our top priority.,0.045134 BTC,USA,Worldwide,4.88/5,
MrSusnhine,Drugs/Psychedelics/2C,#1 Spot For Trips(Legendary 1960's STP) 5mg DOC Tabs Only $4.95,"Welcome to our official NightMarket shop! #1 Spot For Trips(Legendary 1960's STP)   5mg DOC Tabs Only $4.95 ready for instant dispatch. Double vacuum sealed, professional MBB stealth. 99% delivery rate across worldwide.",0.023312 BTC,USA,Worldwide,4.55/5,
MrSusnhine,Drugs/Ecstasy/MDMA,Top Grade MDMA Love Pacs 500mg + Cialis [Tracked],High purity MDMA Love Pacs 500mg + Cialis at competitive market prices. Fully tested batch. Customer satisfaction is our top priority.,0.153458 BTC,USA,Worldwide,4.68/5,
MrSusnhine,Drugs/Cannabis/Seeds,Jack Herer from Sensi Seeds,Jack Herer from Sensi Seeds available now. All orders dispatched within 24 hours of payment confirmation. Domestic and international stealth available.,0.729215 BTC,USA,Worldwide,4.75/5,
MrSusnhine,Drugs/Psychedelics/NB,#1 Spot for TRIPS 100 Triple Combination Nbome Tabs only $250,"Premium #1 Spot for TRIPS 100 Triple Combination  Nbome Tabs only $250 sourced directly from verified labs. Fast, reliable service. Please include your PGP encrypted address when ordering.",0.935397 BTC,USA,Worldwide,4.51/5,
MrSusnhine,Drugs/Psychedelics/LSD,Top Grade Copy of 1# Spot For Trips Connoisseurs NBOMe $2 ONLY $2 [24/7 Auto Dispatch],"Welcome to our official NightMarket shop! Copy of 1# Spot For Trips Connoisseurs NBOMe $2 ONLY $2 ready for instant dispatch. Double vacuum sealed, professional MBB stealth. 99% delivery rate across worldwide.",0.008239 BTC,USA,Worldwide,4.79/5,
XTCPassion,Drugs/Ecstasy/Pills,25x Bugatti XTC Pills 200mg+ [24/7 Auto Dispatch],25x Bugatti XTC Pills 200mg+ available now. All orders dispatched within 24 hours of payment confirmation. Domestic and international stealth available.,0.401710 BTC,Germany,Germany,4.96/5,
XTCPassion,Drugs/Ecstasy/MDMA,MDMA # 84%+ # Very Potent # Amount set by Costumer,"Welcome to our official NightMarket shop! MDMA # 84%+ # Very Potent # Amount set by Costumer ready for instant dispatch. Double vacuum sealed, professional MBB stealth. 99% delivery rate across Germany.",0.093052 BTC,Germany,Germany,4.81/5,
XTCPassion,Drugs/Ecstasy/MDMA,Top Grade 5g crushed MDMA 84%+ [Worldwide Stealth],"Welcome to our official NightMarket shop! 5g crushed MDMA 84%+ ready for instant dispatch. Double vacuum sealed, professional MBB stealth. 99% delivery rate across Germany.",0.354531 BTC,Germany,Germany,4.97/5,
XTCPassion,Drugs/Ecstasy/MDMA,100% Pure 1g MDMA # 84%+ # Sehr Potent,"Welcome to our official NightMarket shop! 1g MDMA # 84%+ # Sehr Potent ready for instant dispatch. Double vacuum sealed, professional MBB stealth. 99% delivery rate across Germany.",0.054935 BTC,Germany,Germany,4.89/5,
XTCPassion,Drugs/Ecstasy/MDMA,1g crushed MDMA 84%+,We are back on NightMarket offering our verified 1g crushed MDMA 84%+. Guaranteed high grade quality and stealth packaging. Contact via PGP for bulk orders.,0.094837 BTC,Germany,Germany,5.00/5,
XTCPassion,Drugs/Ecstasy/Pills,100x Bugatti XTC Pills 200mg+,100x Bugatti XTC Pills 200mg+ available now. All orders dispatched within 24 hours of payment confirmation. Domestic and international stealth available.,1.356319 BTC,Germany,Germany,5.00/5,
XTCPassion,Drugs/Ecstasy/Pills,50x Bugatti XTC Pills 200mg+ [Tracked],50x Bugatti XTC Pills 200mg+ available now. All orders dispatched within 24 hours of payment confirmation. Domestic and international stealth available.,0.566461 BTC,Germany,Germany,4.89/5,
XTCPassion,Drugs/Ecstasy/Pills,5 Chupa Chups # 130mg MDMA,We are back on NightMarket offering our verified 5 Chupa Chups # 130mg MDMA. Guaranteed 99% quality and stealth packaging. Contact via PGP for bulk orders.,0.032576 BTC,Germany,Germany,4.92/5,
XTCPassion,Drugs/Ecstasy/Pills,High Quality 5 Bugattis # 200mg MDMA # Batch 2 [Purity Tested],"Premium 5 Bugattis # 200mg MDMA # Batch 2 sourced directly from verified labs. Fast, reliable service. Please include your PGP encrypted address when ordering.",0.061347 BTC,Germany,Germany,5.00/5,
XTCPassion,Drugs/Ecstasy/Pills,Direct Source 5x Bugatti XTC Pills 200mg+ [24/7 Auto Dispatch],We are back on NightMarket offering our verified 5x Bugatti XTC Pills 200mg+. Guaranteed top tier quality and stealth packaging. Contact via PGP for bulk orders.,0.095189 BTC,Germany,Germany,5.00/5,
XTCPassion,Drugs/Ecstasy/Pills,5 WiFi´s # 200mg MDMA [24/7 Auto Dispatch],"Welcome to our official NightMarket shop! 5 WiFi´s # 200mg MDMA ready for instant dispatch. Double vacuum sealed, professional MBB stealth. 99% delivery rate across Germany.",0.052878 BTC,Germany,Germany,4.91/5,
XTCPassion,Drugs/Stimulants/Cocaine,Ultra Clean 1g Peruvian Cocain Flakes # Ultra Clean,High purity 1g Peruvian Cocain Flakes # Ultra Clean at competitive market prices. Fully tested batch. Customer satisfaction is our top priority.,0.258779 BTC,Germany,Germany,4.98/5,
XTCPassion,Drugs/Ecstasy/MDMA,1g MDMA # 84%+ # Very Potent,"Premium 1g MDMA # 84%+ # Very Potent sourced directly from verified labs. Fast, reliable service. Please include your PGP encrypted address when ordering.",0.109238 BTC,Germany,Germany,4.89/5,
XTCPassion,Drugs/Ecstasy/Pills,10x Bugatti XTC Pills 200mg+ [Purity Tested],"Premium 10x Bugatti XTC Pills 200mg+ sourced directly from verified labs. Fast, reliable service. Please include your PGP encrypted address when ordering.",0.174324 BTC,Germany,Germany,4.77/5,
Bake-_My-Day,Drugs/Cannabis/Edibles,Direct Source FE DEAL THC Double Chocolate Cookie Bakers Dozen Listing [Worldwide Stealth],"Premium FE DEAL THC Double Chocolate Cookie Bakers Dozen Listing sourced directly from verified labs. Fast, reliable service. Please include your PGP encrypted address when ordering.",0.166105 BTC,Canada,Worldwide,4.89/5,
Bake-_My-Day,Drugs/Cannabis/Weed,30g AA OG kush [Tracked],"Premium 30g AA OG kush sourced directly from verified labs. Fast, reliable service. Please include your PGP encrypted address when ordering.",0.356799 BTC,Canada,Canada,4.98/5,
Bake-_My-Day,Drugs/Cannabis/Edibles,Double Chocolate THC Cookies Bakers Dozen (13 Cookies) [Worldwide Stealth],"Welcome to our official NightMarket shop! Double Chocolate THC Cookies Bakers Dozen (13 Cookies) ready for instant dispatch. Double vacuum sealed, professional MBB stealth. 99% delivery rate across Canada.",0.089637 BTC,Canada,Canada,5.00/5,
Bake-_My-Day,Drugs/Cannabis/Weed,120g AA OG Kush FREE SHIPPING,High purity 120g  AA OG Kush FREE SHIPPING at competitive market prices. Fully tested batch. Customer satisfaction is our top priority.,1.697483 BTC,Canada,Worldwide,4.92/5,
Bake-_My-Day,Drugs/Cannabis/Weed,30g AAA Girl Scout Cookies $160 FREE SHIPPING,30g AAA Girl Scout Cookies $160 FREE SHIPPING available now. All orders dispatched within 24 hours of payment confirmation. Domestic and international stealth available.,0.742527 BTC,Canada,Worldwide,4.65/5,
Bake-_My-Day,Drugs/Ecstasy/Pills,FE DEAL 10 x Blue Crown Pills $80 FREE SHIPPING,"Premium FE DEAL 10 x Blue Crown Pills $80 FREE SHIPPING sourced directly from verified labs. Fast, reliable service. Please include your PGP encrypted address when ordering.",0.229689 BTC,Canada,Worldwide,4.80/5,
Bake-_My-Day,Drugs/Cannabis/Weed,Direct Source 30g OG Kush AND 13 Double Chocolate THC Cookies FREE SHIPPING,"Welcome to our official NightMarket shop! 30g OG Kush AND 13 Double Chocolate THC Cookies FREE SHIPPING ready for instant dispatch. Double vacuum sealed, professional MBB stealth. 99% delivery rate across worldwide.",0.386554 BTC,Canada,Worldwide,4.71/5,
Bake-_My-Day,Drugs/Cannabis/Weed,Verified 30g Royal Kush AA FREE SHIPPING [Purity Tested],"Welcome to our official NightMarket shop! 30g Royal Kush AA FREE SHIPPING ready for instant dispatch. Double vacuum sealed, professional MBB stealth. 99% delivery rate across worldwide.",0.393219 BTC,Canada,Worldwide,4.95/5,
Bake-_My-Day,Drugs/Cannabis/Weed,Ultra Clean FE DEAL 30g King Kush AA $150 FREE SHIPPING,We are back on NightMarket offering our verified FE DEAL 30g King Kush AA $150 FREE SHIPPING. Guaranteed top tier quality and stealth packaging. Contact via PGP for bulk orders.,0.419709 BTC,Canada,Worldwide,5.00/5,
Bake-_My-Day,Drugs/Cannabis/Weed,28g AAA Green Crack and Bakers Dozen (13 THC Cookies) $200 FREE SHIPPING [Fast Shipping],We are back on NightMarket offering our verified 28g AAA Green Crack and Bakers Dozen (13 THC Cookies) $200 FREE SHIPPING. Guaranteed lab tested quality and stealth packaging. Contact via PGP for bulk orders.,0.730747 BTC,Canada,Worldwide,5.00/5,
Bake-_My-Day,Drugs/Cannabis/Weed,"28g OG Kush-$120 FREE SHIPPING ""small buds-decent weed""","Welcome to our official NightMarket shop! 28g OG Kush-$120 FREE SHIPPING ""small buds-decent weed"" ready for instant dispatch. Double vacuum sealed, professional MBB stealth. 99% delivery rate across worldwide.",0.318469 BTC,Canada,Worldwide,5.00/5,
Bake-_My-Day,Drugs/Cannabis/Weed,28g AAA OG KUSH FREE SHIPPING,"Welcome to our official NightMarket shop! 28g AAA OG KUSH FREE SHIPPING ready for instant dispatch. Double vacuum sealed, professional MBB stealth. 99% delivery rate across Canada.",0.737334 BTC,Canada,Canada,4.63/5,
OpiatEd77,Drugs/Opioids/Fentanyl,Verified 500MG Fent HCL w/ FREE upgrade to Express shipping avail!,High purity 500MG Fent HCL w/ FREE upgrade to Express shipping avail! at competitive market prices. Fully tested batch. Customer satisfaction is our top priority.,0.967043 BTC,USA,Worldwide,5.00/5,
OpiatEd77,Drugs/Opioids/Other,High Quality Methadone HCL R isomer PURE 10mg [Escrow Ready],Methadone HCL R isomer PURE 10mg available now. All orders dispatched within 24 hours of payment confirmation. Domestic and international stealth available.,0.017853 BTC,USA,USA,5.00/5,
OpiatEd77,Drugs/Opioids,HQ alpha-methylfentanyl 25mg,High purity alpha-methylfentanyl 25mg at competitive market prices. Fully tested batch. Customer satisfaction is our top priority.,22.212036 BTC,USA,Worldwide,4.93/5,
OpiatEd77,Drugs/Opioids/Fentanyl,150mg/100mL Fentanyl Citrate Nasal Spray!! (FREE shipping!),150mg/100mL Fentanyl Citrate Nasal Spray!! (FREE shipping!) available now. All orders dispatched within 24 hours of payment confirmation. Domestic and international stealth available.,0.458421 BTC,USA,USA,4.84/5,
OpiatEd77,Drugs/Opioids/Fentanyl,Verified Fentanyl Citrate 10MG [Tracked],We are back on NightMarket offering our verified Fentanyl Citrate 10MG. Guaranteed lab tested quality and stealth packaging. Contact via PGP for bulk orders.,0.041889 BTC,USA,USA,4.89/5,
OpiatEd77,Drugs/Opioids/Fentanyl,FREE 15mg Fentanyl Citrate,"Welcome to our official NightMarket shop! FREE 15mg Fentanyl Citrate ready for instant dispatch. Double vacuum sealed, professional MBB stealth. 99% delivery rate across worldwide.",0.000236 BTC,USA,Worldwide,4.82/5,
OpiatEd77,Drugs/Opioids/Fentanyl,500MG Fentanyl Citrate w/ FREE Shipping!! [Fast Shipping],We are back on NightMarket offering our verified 500MG Fentanyl Citrate w/ FREE Shipping!!. Guaranteed high grade quality and stealth packaging. Contact via PGP for bulk orders.,1.133625 BTC,USA,USA,4.83/5,
OpiatEd77,Drugs/Opioids,10 needles / syringes,We are back on NightMarket offering our verified 10 needles / syringes. Guaranteed premium quality and stealth packaging. Contact via PGP for bulk orders.,0.018897 BTC,USA,Worldwide,5.00/5,
OpiatEd77,Drugs/Opioids/Fentanyl,Fentanyl Citrate 10MG (BUY 3 get 1 FREE) [Purity Tested],High purity Fentanyl Citrate 10MG (BUY 3 get 1 FREE) at competitive market prices. Fully tested batch. Customer satisfaction is our top priority.,0.028487 BTC,USA,USA,5.00/5,
OpiatEd77,Drugs/Opioids/Fentanyl,CUSTOM:60MG (for STJ ONLY),"Premium CUSTOM:60MG (for STJ ONLY) sourced directly from verified labs. Fast, reliable service. Please include your PGP encrypted address when ordering.",0.000144 BTC,USA,Worldwide,4.71/5,
OpiatEd77,Drugs/Opioids/Fentanyl,Fentanyl HCL 10mg (Buy 3 get 1 FREE) [Escrow Ready],We are back on NightMarket offering our verified Fentanyl HCL 10mg (Buy 3 get 1 FREE). Guaranteed premium quality and stealth packaging. Contact via PGP for bulk orders.,0.039565 BTC,USA,USA,4.96/5,
OpiatEd77,Drugs/Opioids/Fentanyl,Verified 1 Gram Fentanyl HCL w/ FREE upgrage to Express shipping avail!,"Premium 1 Gram Fentanyl HCL w/ FREE upgrage to Express shipping avail! sourced directly from verified labs. Fast, reliable service. Please include your PGP encrypted address when ordering.",1.874357 BTC,USA,USA,4.91/5,
OpiatEd77,Drug paraphernalia/Injecting equipment/Needles,Learn how to get 100 needles for about $20,We are back on NightMarket offering our verified Learn how to get 100 needles for about $20. Guaranteed 99% quality and stealth packaging. Contact via PGP for bulk orders.,0.017039 BTC,USA,Worldwide,5.00/5,
Discover-23,Drugs/Benzos,Custom Valium [Diazepam] 30 Pills x 10mg | 3x Blister Packs [Fast Shipping],"Welcome to our official NightMarket shop! Valium [Diazepam] 30 Pills x 10mg | 3x Blister Packs ready for instant dispatch. Double vacuum sealed, professional MBB stealth. 99% delivery rate across USA.",0.263143 BTC,USA,USA,4.99/5,
Discover-23,Drugs/Benzos,Oxazepam [RARE] 50x (30MG) Pills,Oxazepam [RARE] 50x (30MG) Pills available now. All orders dispatched within 24 hours of payment confirmation. Domestic and international stealth available.,0.233798 BTC,USA,USA,5.00/5,
Discover-23,Drugs/Stimulants/Prescription,Ultra Clean Adderall XR (Dextroamphetamine/Amphetamine) 15mg x10 [Purity Tested],"Premium Adderall XR (Dextroamphetamine/Amphetamine) 15mg x10 sourced directly from verified labs. Fast, reliable service. Please include your PGP encrypted address when ordering.",0.328734 BTC,USA,USA,5.00/5,
carlosLopez,Drugs/Cannabis/Weed,Early Skunk 1g [Worldwide Stealth],High purity Early Skunk 1g at competitive market prices. Fully tested batch. Customer satisfaction is our top priority.,0.043391 BTC,EU,Worldwide,5.00/5,
carlosLopez,Drugs/Cannabis/Weed,HQ Special Queen 1g [Tracked],Special Queen 1g available now. All orders dispatched within 24 hours of payment confirmation. Domestic and international stealth available.,0.047928 BTC,EU,Worldwide,4.94/5,
carlosLopez,Drugs/Cannabis/Weed,OG Kush 7g (1/4 oz),We are back on NightMarket offering our verified OG Kush 7g  (1/4 oz). Guaranteed high grade quality and stealth packaging. Contact via PGP for bulk orders.,0.112159 BTC,USA,USA,5.00/5,
carlosLopez,Drugs/Cannabis/Weed,Premium Trim 10g,Trim 10g available now. All orders dispatched within 24 hours of payment confirmation. Domestic and international stealth available.,0.103711 BTC,EU,Worldwide,4.91/5,
carlosLopez,Drugs/Cannabis/Weed,Premium Durban Poison 1g [Fast Shipping],High purity Durban Poison 1g at competitive market prices. Fully tested batch. Customer satisfaction is our top priority.,0.043315 BTC,EU,Worldwide,4.79/5,
bOsscalibud,Drugs/Cannabis/Weed,QP (112g) - Blueberry Mango Kush - No FE,"Premium QP (112g) - Blueberry Mango Kush - No FE sourced directly from verified labs. Fast, reliable service. Please include your PGP encrypted address when ordering.",1.706003 BTC,USA,USA,5.00/5,
bOsscalibud,Drugs/Cannabis/Concentrates,16oz(LB) - Blue Dream Crumble - No FE,We are back on NightMarket offering our verified 16oz(LB) - Blue Dream Crumble - No FE. Guaranteed 99% quality and stealth packaging. Contact via PGP for bulk orders.,25.778014 BTC,USA,USA,4.85/5,
bOsscalibud,Drugs/Cannabis/Concentrates,Top Grade 1oz(28g) - Master Kush Crumble,"Premium 1oz(28g) - Master Kush Crumble sourced directly from verified labs. Fast, reliable service. Please include your PGP encrypted address when ordering.",1.458497 BTC,USA,USA,4.80/5,
bOsscalibud,Drugs/Cannabis/Weed,Verified 1/2 Lb Cataract Kush - Outdoor - NO FE [Original Batch],1/2 Lb Cataract Kush - Outdoor - NO FE available now. All orders dispatched within 24 hours of payment confirmation. Domestic and international stealth available.,4.187151 BTC,USA,USA,4.90/5,
bOsscalibud,Drugs/Cannabis/Concentrates,Verified 8oz(HP) - Blue Dream Crumble - Bulk Buy Deal - No FE [Original Batch],High purity 8oz(HP) - Blue Dream Crumble - Bulk Buy Deal - No FE at competitive market prices. Fully tested batch. Customer satisfaction is our top priority.,14.640360 BTC,USA,USA,4.92/5,
bOsscalibud,Drugs/Cannabis/Concentrates,1 Oz(28g) - Orange Sour Diesel Honeycomb - No FE - 2-3 Day Shipping [Fast Shipping],High purity 1 Oz(28g) - Orange Sour Diesel Honeycomb - No FE - 2-3 Day Shipping at competitive market prices. Fully tested batch. Customer satisfaction is our top priority.,10544.691591 BTC,USA,USA,4.93/5,
bOsscalibud,Drugs/Cannabis/Concentrates,Ultra Clean 8oz(HP) - OG Kush Honeycomb Wax/Indoor Grown - Bulk Buy Deal - No FE [Original Batch],We are back on NightMarket offering our verified 8oz(HP) - OG Kush Honeycomb Wax/Indoor Grown - Bulk Buy Deal - No FE. Guaranteed high grade quality and stealth packaging. Contact via PGP for bulk orders.,12.245412 BTC,USA,USA,4.82/5,
bOsscalibud,Drugs/Cannabis/Concentrates,1oz(28g) - NorCal Blue Dream Crumble - No FE [Escrow Ready],"Welcome to our official NightMarket shop! 1oz(28g) - NorCal Blue Dream Crumble - No FE ready for instant dispatch. Double vacuum sealed, professional MBB stealth. 99% delivery rate across USA.",1.955503 BTC,USA,USA,4.93/5,
bOsscalibud,Drugs/Cannabis/Concentrates,Exclusive Indoor Shatter - Test Batch - Viewing purposes Only - No sale,"Premium Indoor Shatter - Test Batch - Viewing purposes Only - No sale sourced directly from verified labs. Fast, reliable service. Please include your PGP encrypted address when ordering.",2.139661 BTC,USA,USA,4.93/5,
bOsscalibud,Drugs/Cannabis/Weed,Top Grade 1 Ounce (28g) - Blueberry Mango Kush - No FE - Potent and Tasty [Purity Tested],"Premium 1 Ounce (28g) - Blueberry Mango Kush - No FE - Potent and Tasty sourced directly from verified labs. Fast, reliable service. Please include your PGP encrypted address when ordering.",0.800614 BTC,USA,USA,5.00/5,
bOsscalibud,Drugs/Cannabis/Concentrates,1Oz(28g) - Blue Dream Shatter - No FE - 2-3 Day Shipping,High purity 1Oz(28g) - Blue Dream Shatter - No FE - 2-3 Day Shipping at competitive market prices. Fully tested batch. Customer satisfaction is our top priority.,1.803210 BTC,USA,USA,5.00/5,
bOsscalibud,Drugs/Cannabis/Concentrates,4oz(QP) - Master Kush Crumble- Bulk Buy Deal - No FE,"Welcome to our official NightMarket shop! 4oz(QP) - Master Kush Crumble- Bulk Buy Deal - No FE ready for instant dispatch. Double vacuum sealed, professional MBB stealth. 99% delivery rate across worldwide.",5.144621 BTC,USA,Worldwide,4.74/5,
bOsscalibud,Drugs/Cannabis/Concentrates,16oz(LB) - OG Kush Honeycomb Wax/Indoor Grown - Bulk Buy Deal - No FE,"Welcome to our official NightMarket shop! 16oz(LB) - OG Kush Honeycomb Wax/Indoor Grown - Bulk Buy Deal - No FE ready for instant dispatch. Double vacuum sealed, professional MBB stealth. 99% delivery rate across USA.",23.418475 BTC,USA,USA,4.85/5,
bOsscalibud,Drugs/Cannabis/Weed,1 Oz(29g) - Vanilla Kush - No FE - 2-3 Day Shipping,"Premium 1 Oz(29g) - Vanilla Kush - No FE - 2-3 Day Shipping sourced directly from verified labs. Fast, reliable service. Please include your PGP encrypted address when ordering.",0.687097 BTC,USA,USA,5.00/5,
bOsscalibud,Drugs/Cannabis/Concentrates,4oz(QP) - Blue Dream Crumble- Bulk Buy Deal - No FE,4oz(QP) - Blue Dream Crumble- Bulk Buy Deal - No FE available now. All orders dispatched within 24 hours of payment confirmation. Domestic and international stealth available.,5.832654 BTC,USA,USA,4.92/5,
bOsscalibud,Drugs/Cannabis/Concentrates,16oz(LB) - Master Kush Crumble - No FE [Worldwide Stealth],16oz(LB) - Master Kush Crumble - No FE available now. All orders dispatched within 24 hours of payment confirmation. Domestic and international stealth available.,21.375599 BTC,USA,Worldwide,4.74/5,
bOsscalibud,Drugs/Cannabis/Concentrates,4oz(QP) - OG Kush Honeycomb Wax/Indoor Grown - Bulk Buy Deal - No FE [Fast Shipping],High purity 4oz(QP) - OG Kush Honeycomb Wax/Indoor Grown - Bulk Buy Deal - No FE at competitive market prices. Fully tested batch. Customer satisfaction is our top priority.,4.944269 BTC,USA,USA,4.93/5,
bOsscalibud,Drugs/Cannabis/Concentrates,High Quality 1/2oz(14g) - Alien OG Shatter - No FE,"Welcome to our official NightMarket shop! 1/2oz(14g) - Alien OG Shatter - No FE ready for instant dispatch. Double vacuum sealed, professional MBB stealth. 99% delivery rate across USA.",1.004188 BTC,USA,USA,4.98/5,
starrynight-150,Drugs/Cannabis/Edibles,High Quality Delicious THC Cookie(s),"Premium Delicious THC Cookie(s) sourced directly from verified labs. Fast, reliable service. Please include your PGP encrypted address when ordering.",0.012939 BTC,USA,USA,4.92/5,
starrynight-150,Drugs/Cannabis/Concentrates,Verified Vape Pen/Ecig loaded with THC Ejuice!,Vape Pen/Ecig loaded with THC Ejuice! available now. All orders dispatched within 24 hours of payment confirmation. Domestic and international stealth available.,27.687488 BTC,USA,USA,5.00/5,
starrynight-150,Drugs/Cannabis/Edibles,Top Grade Starrynight Schweedy Balls-THC Truffle!,High purity Starrynight Schweedy Balls-THC Truffle! at competitive market prices. Fully tested batch. Customer satisfaction is our top priority.,0.018314 BTC,USA,USA,4.78/5,
starrynight-150,Drugs/Cannabis/Hash,HQ 2 ml White Siberian Cannabis Oil / EJUICE,We are back on NightMarket offering our verified 2 ml White Siberian Cannabis Oil / EJUICE. Guaranteed high grade quality and stealth packaging. Contact via PGP for bulk orders.,0.014779 BTC,USA,Worldwide,5.00/5,
starrynight-150,Drugs/Cannabis/Edibles,Exclusive Starrynight Schweedy Balls THC low gluten fudgie treat [Fast Shipping],Starrynight Schweedy Balls THC low gluten fudgie treat available now. All orders dispatched within 24 hours of payment confirmation. Domestic and international stealth available.,0.012833 BTC,USA,USA,4.92/5,
starrynight-150,Drugs/Cannabis/Concentrates,2ml THC loaded Clearomizer GS H2 for eGo Vape Pens,We are back on NightMarket offering our verified 2ml THC loaded Clearomizer GS H2 for eGo Vape Pens. Guaranteed premium quality and stealth packaging. Contact via PGP for bulk orders.,24.271867 BTC,USA,United States Only,4.78/5,
starrynight-150,Drugs/Cannabis/Edibles,Top Grade GLUTEN FREE Delicious THC Chocolate Chip Cookie(s),GLUTEN FREE Delicious THC Chocolate Chip Cookie(s) available now. All orders dispatched within 24 hours of payment confirmation. Domestic and international stealth available.,0.025627 BTC,USA,USA,4.94/5,
starrynight-150,Drugs/Cannabis/Concentrates,Ultra Clean 5 ml White Siberian THC Oil / EJUICE,"Welcome to our official NightMarket shop! 5 ml White Siberian THC Oil / EJUICE ready for instant dispatch. Double vacuum sealed, professional MBB stealth. 99% delivery rate across worldwide.",40.608866 BTC,USA,Worldwide,4.89/5,
starrynight-150,Drugs/Cannabis/Weed,High Quality Odorless THC Pipe/Vape Pen + .5G of Bud,"Premium Odorless THC Pipe/Vape Pen + .5G of Bud sourced directly from verified labs. Fast, reliable service. Please include your PGP encrypted address when ordering.",0.074448 BTC,USA,USA,5.00/5,
starrynight-150,Drugs/Cannabis/Weed,White Siberian Nugs by the G [Tracked],"Premium White Siberian Nugs by the G sourced directly from verified labs. Fast, reliable service. Please include your PGP encrypted address when ordering.",0.014956 BTC,USA,Worldwide,5.00/5,
CB2013,Drugs/Cannabis/Concentrates,Premium 14 GRAMS KINGS NECTAR,"Welcome to our official NightMarket shop! 14 GRAMS KINGS NECTAR ready for instant dispatch. Double vacuum sealed, professional MBB stealth. 99% delivery rate across worldwide.",525.549293 BTC,USA,Worldwide,4.78/5,
CB2013,Drugs/Cannabis/Weed,Direct Source 4oz. Ghost OG (Greenhouse),"Welcome to our official NightMarket shop! 4oz. Ghost OG  (Greenhouse) ready for instant dispatch. Double vacuum sealed, professional MBB stealth. 99% delivery rate across worldwide.",1.717029 BTC,USA,Worldwide,4.79/5,
CB2013,Drugs/Cannabis/Weed,Direct Source 1/2oz. BTY OG,We are back on NightMarket offering our verified 1/2oz. BTY OG. Guaranteed 99% quality and stealth packaging. Contact via PGP for bulk orders.,0.451151 BTC,USA,Worldwide,4.86/5,
CB2013,Drugs/Cannabis/Weed,Custom 4oz. Indoor Chocolope,High purity 4oz. Indoor Chocolope at competitive market prices. Fully tested batch. Customer satisfaction is our top priority.,1.965603 BTC,USA,Worldwide,5.00/5,
CB2013,Drugs/Cannabis/Concentrates,4oz. BHO WAX,"Premium 4oz. BHO WAX sourced directly from verified labs. Fast, reliable service. Please include your PGP encrypted address when ordering.",3.080730 BTC,USA,Worldwide,4.91/5,
CB2013,Drugs/Cannabis/Weed,High Quality 1LB. BluePearl (greenhouse) [Original Batch],We are back on NightMarket offering our verified 1LB. BluePearl (greenhouse). Guaranteed lab tested quality and stealth packaging. Contact via PGP for bulk orders.,11.377195 BTC,USA,Worldwide,5.00/5,
CB2013,Drugs/Cannabis/Weed,High Quality 1 lb. Sour Diesel (Greenhouse) [Fast Shipping],High purity 1 lb. Sour Diesel (Greenhouse) at competitive market prices. Fully tested batch. Customer satisfaction is our top priority.,8.733400 BTC,USA,Worldwide,4.97/5,
CB2013,Drugs/Cannabis/Weed,High Quality 4oz. TriangleKush (GH) [Purity Tested],"Welcome to our official NightMarket shop! 4oz. TriangleKush (GH) ready for instant dispatch. Double vacuum sealed, professional MBB stealth. 99% delivery rate across worldwide.",2.242158 BTC,USA,Worldwide,4.99/5,
CB2013,Drugs/Cannabis/Weed,Direct Source 2oz. Fruit Kush/2oz. TangerineKush [Escrow Ready],"Premium 2oz. Fruit Kush/2oz. TangerineKush sourced directly from verified labs. Fast, reliable service. Please include your PGP encrypted address when ordering.",1.301501 BTC,USA,Worldwide,4.81/5,
CB2013,Drugs/Cannabis/Weed,1oz. SourKush(OUTDOOR),1oz. SourKush(OUTDOOR) available now. All orders dispatched within 24 hours of payment confirmation. Domestic and international stealth available.,0.289469 BTC,USA,Worldwide,5.00/5,
CB2013,Drugs/Cannabis/Weed,4oz. Blackberry(GH),High purity 4oz. Blackberry(GH) at competitive market prices. Fully tested batch. Customer satisfaction is our top priority.,2.284195 BTC,USA,Worldwide,5.00/5,
CB2013,Drugs/Cannabis/Weed,4oz. Outdoor ChemDawg,High purity 4oz. Outdoor ChemDawg at competitive market prices. Fully tested batch. Customer satisfaction is our top priority.,1.908388 BTC,USA,Worldwide,4.82/5,
CB2013,Drugs/Cannabis/Weed,1/2 lb. ThreeKings(Ghreenhouse)pic up soon,"Welcome to our official NightMarket shop! 1/2 lb.   ThreeKings(Ghreenhouse)pic up soon ready for instant dispatch. Double vacuum sealed, professional MBB stealth. 99% delivery rate across worldwide.",4.531674 BTC,USA,Worldwide,4.92/5,
RedBull,Drugs/Stimulants/Cocaine,5g Kokain ***BURBERRY 1856*** uncut,5g Kokain ***BURBERRY 1856*** uncut available now. All orders dispatched within 24 hours of payment confirmation. Domestic and international stealth available.,1.743281 BTC,Germany,Worldwide,4.85/5,
RedBull,Drugs/Stimulants/Cocaine,1 gram cocaine [Purity Tested],"Premium 1 gram cocaine sourced directly from verified labs. Fast, reliable service. Please include your PGP encrypted address when ordering.",0.226391 BTC,Germany,Worldwide,4.97/5,
RedBull,Drugs/Ecstasy/MDMA,"50 Gramm MDMA >= 90% purity ""champagner""","We are back on NightMarket offering our verified 50 Gramm MDMA >= 90% purity ""champagner"". Guaranteed lab tested quality and stealth packaging. Contact via PGP for bulk orders.",2.817792 BTC,Germany,Worldwide,4.98/5,
RedBull,Drugs/Ecstasy/Pills,"HQ 50 Stck. Extasy Tabletten ""pink handgranate"" ca.130mg MDMA","Welcome to our official NightMarket shop! 50 Stck. Extasy Tabletten ""pink handgranate"" ca.130mg  MDMA ready for instant dispatch. Double vacuum sealed, professional MBB stealth. 99% delivery rate across worldwide.",0.372287 BTC,Germany,Worldwide,4.95/5,
RedBull,Drugs/Stimulants/Meth,Verified 1 g Crystal Meth >=80% ***VHQ*** [Fast Shipping],1 g Crystal Meth >=80% ***VHQ*** available now. All orders dispatched within 24 hours of payment confirmation. Domestic and international stealth available.,0.330983 BTC,Germany,Worldwide,4.90/5,
RedBull,Drugs/Benzos,HQ 30 Stck. Diazepam á 10mg ( Apaurin Valium Bensedin ) org. Blister [Original Batch],"Welcome to our official NightMarket shop! 30 Stck. Diazepam á 10mg ( Apaurin   Valium   Bensedin ) org. Blister ready for instant dispatch. Double vacuum sealed, professional MBB stealth. 99% delivery rate across worldwide.",0.100213 BTC,Germany,Worldwide,5.00/5,
RedBull,Drugs/Benzos,Ultra Clean 10 Stck. / pcs Dormicum / Midazolam / Flormidal 15mg org. Galenika,High purity 10 Stck. / pcs Dormicum / Midazolam / Flormidal 15mg org.  Galenika at competitive market prices. Fully tested batch. Customer satisfaction is our top priority.,0.100226 BTC,Germany,Worldwide,4.79/5,
RedBull,Drugs/Stimulants/Meth,Exclusive 1 Gramm Crystal Meth >=80% purity highest quality ICE [Tracked],We are back on NightMarket offering our verified 1 Gramm Crystal Meth >=80% purity highest quality ICE. Guaranteed lab tested quality and stealth packaging. Contact via PGP for bulk orders.,0.316212 BTC,Germany,Worldwide,5.00/5,
RedBull,Drugs/Stimulants/Cocaine,"High Quality 1 gram Cocaine ***highest quality*** ""bolivian uncut"" [Fast Shipping]","Welcome to our official NightMarket shop! 1 gram Cocaine ***highest quality***  ""bolivian uncut"" ready for instant dispatch. Double vacuum sealed, professional MBB stealth. 99% delivery rate across worldwide.",0.239999 BTC,Germany,Worldwide,5.00/5,
RedBull,Drugs/Other,1 Ampulle Ketanest / S-Ketamin 10ml/250mg org. Pfizer [Purity Tested],"Welcome to our official NightMarket shop! 1 Ampulle Ketanest / S-Ketamin 10ml/250mg org. Pfizer ready for instant dispatch. Double vacuum sealed, professional MBB stealth. 99% delivery rate across europe.",0.097292 BTC,Germany,europe,5.00/5,
RedBull,Drugs/Cannabis/Hash,50 Gramm HASCH / Marokko,50 Gramm HASCH / Marokko available now. All orders dispatched within 24 hours of payment confirmation. Domestic and international stealth available.,0.676689 BTC,Germany,Worldwide,5.00/5,
RedBull,Drugs/Stimulants/Meth,100% Pure 0 5 Crystal Meth >=75% ***VHQ*** [Tracked],"Welcome to our official NightMarket shop! 0 5 Crystal Meth >=75% ***VHQ*** ready for instant dispatch. Double vacuum sealed, professional MBB stealth. 99% delivery rate across europe.",0.121647 BTC,Germany,europe,5.00/5,
RedBull,Drugs/Benzos,HQ 30 Stck. Clonazepam / Rivotril á 2mg org. Galenika,"Premium 30 Stck. Clonazepam / Rivotril á 2mg org. Galenika sourced directly from verified labs. Fast, reliable service. Please include your PGP encrypted address when ordering.",0.106499 BTC,Germany,Worldwide,5.00/5,
RedBull,Drugs/Ecstasy/MDMA,10 gram MDMA >=85% purity,10 gram MDMA >=85% purity available now. All orders dispatched within 24 hours of payment confirmation. Domestic and international stealth available.,0.355244 BTC,Germany,Worldwide,5.00/5,
RedBull,Drugs/Ecstasy/MDMA,Top Grade 5 Gramm MDMA >= 80% purity [Worldwide Stealth],We are back on NightMarket offering our verified 5 Gramm MDMA >= 80% purity. Guaranteed lab tested quality and stealth packaging. Contact via PGP for bulk orders.,0.315935 BTC,Germany,Worldwide,4.85/5,
RedBull,Drugs/Benzos,Ultra Clean 20 Stück Lorazepam 2 5mg org. Blister,High purity 20 Stück Lorazepam 2 5mg org. Blister at competitive market prices. Fully tested batch. Customer satisfaction is our top priority.,0.047191 BTC,Germany,Worldwide,4.92/5,
whiteyford,Drugs/Psychedelics/Mushrooms,Ultra Clean 1oz - 28g Magic Mushrooms,"Welcome to our official NightMarket shop! 1oz - 28g Magic Mushrooms ready for instant dispatch. Double vacuum sealed, professional MBB stealth. 99% delivery rate across Worldwide.",0.381747 BTC,Canada,Worldwide,4.85/5,
whiteyford,Drugs/Stimulants/Cocaine,.25g Hi Heat Cocaine [Tracked],.25g Hi Heat Cocaine available now. All orders dispatched within 24 hours of payment confirmation. Domestic and international stealth available.,0.040754 BTC,Canada,Worldwide,5.00/5,
whiteyford,Drugs/Cannabis/Weed,1oz Master Kush,"Premium 1oz Master Kush sourced directly from verified labs. Fast, reliable service. Please include your PGP encrypted address when ordering.",0.264408 BTC,Canada,Canada,4.81/5,
whiteyford,Drugs/Cannabis/Weed,14g - Burmese Kush,14g - Burmese Kush available now. All orders dispatched within 24 hours of payment confirmation. Domestic and international stealth available.,0.439348 BTC,Canada,worldwide,4.95/5,
whiteyford,Drugs/Ecstasy/MDMA,3.5g Tan MDMA [24/7 Auto Dispatch],High purity 3.5g Tan MDMA at competitive market prices. Fully tested batch. Customer satisfaction is our top priority.,0.403846 BTC,Canada,worldwide,5.00/5,
whiteyford,Drugs/Cannabis/Concentrates,Custom 3.5g BHO Oil Kush,We are back on NightMarket offering our verified 3.5g BHO Oil Kush. Guaranteed top tier quality and stealth packaging. Contact via PGP for bulk orders.,0.628444 BTC,Canada,worldwide,5.00/5,
whiteyford,Drugs/Ecstasy/MDMA,Ultra Clean 28g Tan MDMA,"Premium 28g Tan MDMA sourced directly from verified labs. Fast, reliable service. Please include your PGP encrypted address when ordering.",3.128669 BTC,Canada,worldwide,5.00/5,
whiteyford,Drugs/Ecstasy/MDMA,1g Tan MDMA,We are back on NightMarket offering our verified 1g Tan MDMA. Guaranteed high grade quality and stealth packaging. Contact via PGP for bulk orders.,0.168591 BTC,Canada,worldwide,4.95/5,
whiteyford,Drugs/Cannabis/Weed,7g - 1/4oz Rock Star Kush,"Welcome to our official NightMarket shop! 7g - 1/4oz Rock Star Kush ready for instant dispatch. Double vacuum sealed, professional MBB stealth. 99% delivery rate across worldwide.",0.101433 BTC,Canada,worldwide,5.00/5,
whiteyford,Drugs/Cannabis/Weed,Custom 28g - 1oz Purple Kush,High purity 28g - 1oz Purple Kush at competitive market prices. Fully tested batch. Customer satisfaction is our top priority.,0.345726 BTC,Canada,Canada,4.88/5,
whiteyford,Drugs/Cannabis/Concentrates,1 gram SHATTER BHO -- Texada Timewarp,We are back on NightMarket offering our verified 1 gram SHATTER BHO -- Texada Timewarp. Guaranteed top tier quality and stealth packaging. Contact via PGP for bulk orders.,121.341340 BTC,Canada,worldwide,4.75/5,
whiteyford,Drugs/Stimulants/Cocaine,100% Pure .5g Hi Heat Cocaine [Fast Shipping],High purity .5g Hi Heat Cocaine at competitive market prices. Fully tested batch. Customer satisfaction is our top priority.,0.093662 BTC,Canada,Worldwide,5.00/5,
whiteyford,Drugs/Cannabis/Concentrates,Premium 1g Bubba Kush BHO [Tracked],High purity 1g Bubba Kush BHO at competitive market prices. Fully tested batch. Customer satisfaction is our top priority.,0.218291 BTC,Canada,worldwide,4.99/5,
whiteyford,Drugs/Ecstasy/MDMA,High Quality 2G Brown Sugar MDMA,"Welcome to our official NightMarket shop! 2G Brown Sugar MDMA ready for instant dispatch. Double vacuum sealed, professional MBB stealth. 99% delivery rate across worldwide.",0.213856 BTC,Canada,worldwide,5.00/5,
whiteyford,Other,custom for jango234,"Welcome to our official NightMarket shop! custom for jango234 ready for instant dispatch. Double vacuum sealed, professional MBB stealth. 99% delivery rate across worldwide.",2.669610 BTC,USA,Worldwide,5.00/5,
whiteyford,Drugs/Cannabis/Weed,HQ 1/2oz Master Kush,1/2oz Master Kush available now. All orders dispatched within 24 hours of payment confirmation. Domestic and international stealth available.,0.138710 BTC,Canada,Canada,4.80/5,
whiteyford,Drugs/Cannabis/Weed,1 pound custom listing for jango234,"Premium 1 pound custom listing for jango234 sourced directly from verified labs. Fast, reliable service. Please include your PGP encrypted address when ordering.",4.035475 BTC,Canada,Worldwide,4.85/5,
whiteyford,Drugs/Cannabis/Concentrates,3.5 gram SHATTER BHO -- Texada Timewarp [Purity Tested],"Premium 3.5 gram SHATTER BHO -- Texada Timewarp sourced directly from verified labs. Fast, reliable service. Please include your PGP encrypted address when ordering.",519.698559 BTC,Canada,worldwide,4.97/5,
whiteyford,Drugs/Cannabis/Concentrates,"1 gram ""earwax"" BHO","Premium 1 gram ""earwax"" BHO sourced directly from verified labs. Fast, reliable service. Please include your PGP encrypted address when ordering.",0.055081 BTC,Canada,worldwide,4.83/5,
whiteyford,Drugs/Cannabis/Concentrates,Exclusive 3.5G Durban Poison BHO [Escrow Ready],"Welcome to our official NightMarket shop! 3.5G Durban Poison BHO ready for instant dispatch. Double vacuum sealed, professional MBB stealth. 99% delivery rate across worldwide.",0.677393 BTC,Canada,worldwide,4.85/5,
whiteyford,Drugs/Stimulants/Prescription,20 x 20mg Adderall XR,"Premium 20 x 20mg Adderall XR sourced directly from verified labs. Fast, reliable service. Please include your PGP encrypted address when ordering.",0.555384 BTC,Canada,worldwide,5.00/5,
pinky,Services/Money,UK CC WITH VBV PASSWORD! LIMITED STOCK [Tracked],"Premium UK CC WITH VBV PASSWORD! LIMITED STOCK sourced directly from verified labs. Fast, reliable service. Please include your PGP encrypted address when ordering.",0.164418 BTC,USA,Worldwide,4.81/5,
pinky,Services/Money,Ultra Clean AUSTRALIA_CC_FRESH (IN STOCK),"Welcome to our official NightMarket shop! AUSTRALIA_CC_FRESH (IN STOCK) ready for instant dispatch. Double vacuum sealed, professional MBB stealth. 99% delivery rate across worldwide.",0.043525 BTC,USA,Worldwide,3.68/5,
pinky,Services/Money,Website Design and implement [Purity Tested],"Premium Website Design and implement sourced directly from verified labs. Fast, reliable service. Please include your PGP encrypted address when ordering.",0.021936 BTC,USA,Worldwide,3.88/5,
pinky,Services/Money,BANK LOGINS (OUT OF STOCK),BANK LOGINS (OUT OF STOCK) available now. All orders dispatched within 24 hours of payment confirmation. Domestic and international stealth available.,0.135776 BTC,USA,Worldwide,3.67/5,
pinky,Services/Money,WorldWide VALID DUMPS [Purity Tested],"Welcome to our official NightMarket shop! WorldWide VALID DUMPS ready for instant dispatch. Double vacuum sealed, professional MBB stealth. 99% delivery rate across worldwide.",81.759699 BTC,USA,Worldwide,4.99/5,
pinky,Services/Money,100% Pure SOCKS5 ADDRESS (BEST VALUE) [24/7 Auto Dispatch],"Welcome to our official NightMarket shop! SOCKS5 ADDRESS (BEST VALUE) ready for instant dispatch. Double vacuum sealed, professional MBB stealth. 99% delivery rate across worldwide.",0.063989 BTC,UK,Worldwide,4.97/5,
pinky,Services/Money,US FULLZ WITH VBV PASSWORD! LIMITED STOCK [24/7 Auto Dispatch],We are back on NightMarket offering our verified US FULLZ WITH VBV PASSWORD! LIMITED STOCK. Guaranteed lab tested quality and stealth packaging. Contact via PGP for bulk orders.,0.080989 BTC,USA,Worldwide,3.71/5,
pinky,Services/Money,Exclusive US CC MASTERCARD,We are back on NightMarket offering our verified US CC MASTERCARD. Guaranteed top tier quality and stealth packaging. Contact via PGP for bulk orders.,0.036798 BTC,USA,Worldwide,4.88/5,
pinky,Services/Money,( UK VALID DUMPS,We are back on NightMarket offering our verified ( UK VALID DUMPS. Guaranteed top tier quality and stealth packaging. Contact via PGP for bulk orders.,0.082119 BTC,USA,Worldwide,4.99/5,
pinky,Services/Money,UK_CC_FRESH (IN STOCK) [Tracked],UK_CC_FRESH (IN STOCK) available now. All orders dispatched within 24 hours of payment confirmation. Domestic and international stealth available.,0.036987 BTC,USA,Worldwide,3.74/5,
pinky,Services/Money,UK CC MASTERCARD,"Premium UK CC MASTERCARD sourced directly from verified labs. Fast, reliable service. Please include your PGP encrypted address when ordering.",0.040333 BTC,USA,Worldwide,4.87/5,
pinky,Services/Money,VALID_DUMPS_FRESH [24/7 Auto Dispatch],High purity VALID_DUMPS_FRESH at competitive market prices. Fully tested batch. Customer satisfaction is our top priority.,0.083583 BTC,USA,Worldwide,3.86/5,
pinky,Services/Money,Ultra Clean US CC CreditCard [Original Batch],"Welcome to our official NightMarket shop! US CC CreditCard ready for instant dispatch. Double vacuum sealed, professional MBB stealth. 99% delivery rate across worldwide.",0.035171 BTC,USA,Worldwide,4.96/5,
pinky,Services/Money,Counterfeit GBP £20 (£200) SPECIAL OFFER! [Purity Tested],"Welcome to our official NightMarket shop! Counterfeit GBP £20 (£200) SPECIAL OFFER! ready for instant dispatch. Double vacuum sealed, professional MBB stealth. 99% delivery rate across worldwide.",0.174197 BTC,UK,Worldwide,4.87/5,
pinky,Services/Money,Ultra Clean US CC DEBITCARD,US CC DEBITCARD available now. All orders dispatched within 24 hours of payment confirmation. Domestic and international stealth available.,0.015066 BTC,USA,Worldwide,5.00/5,
pinky,Services/Money,UK CC DEBITCARD [Purity Tested],"Premium UK CC DEBITCARD sourced directly from verified labs. Fast, reliable service. Please include your PGP encrypted address when ordering.",0.019455 BTC,USA,Worldwide,4.83/5,
creator1988,Drugs/Steroids,Methandienone Genesis 10ml vial [100mg/1ml],High purity Methandienone Genesis 10ml vial [100mg/1ml] at competitive market prices. Fully tested batch. Customer satisfaction is our top priority.,0.224178 BTC,EU,Worldwide,4.96/5,
creator1988,Drugs/Cannabis/Concentrates,Premium HAZE 1g,"Premium HAZE 1g sourced directly from verified labs. Fast, reliable service. Please include your PGP encrypted address when ordering.",0.659658 BTC,USA,Worldwide,4.81/5,
creator1988,Drugs/Steroids,Genesis Halotestin tablets 5mg/tab [50 tabs],We are back on NightMarket offering our verified Genesis Halotestin tablets 5mg/tab [50 tabs]. Guaranteed high grade quality and stealth packaging. Contact via PGP for bulk orders.,0.642637 BTC,EU,Worldwide,4.74/5,
DutchDope-2017,Drugs/Psychedelics/LSD,5 Albert Hoffmann blotters 110-120 ug,We are back on NightMarket offering our verified 5 Albert Hoffmann blotters 110-120 ug. Guaranteed top tier quality and stealth packaging. Contact via PGP for bulk orders.,0.077732 BTC,Netherlands,Worldwide,4.89/5,
DutchDope-2017,Drugs/Ecstasy/Pills,Custom 2x Purple Ninja's XTC 180mgs MDMA [Worldwide Stealth],2x Purple Ninja's XTC 180mgs MDMA available now. All orders dispatched within 24 hours of payment confirmation. Domestic and international stealth available.,0.042972 BTC,Netherlands,Worldwide except Australia,4.72/5,
DutchDope-2017,Drugs/Ecstasy/MDMA,custom 150 gr of pure (tan) MDMA crystals 84% purity [Fast Shipping],"Premium custom 150 gr of pure (tan) MDMA crystals 84% purity sourced directly from verified labs. Fast, reliable service. Please include your PGP encrypted address when ordering.",3.616965 BTC,Netherlands,Worldwide,4.66/5,
DutchDope-2017,Drugs/Ecstasy/MDMA,1 gram of pure (tan) MDMA crystals 84% purity [Worldwide Stealth],High purity 1 gram of pure (tan) MDMA crystals 84% purity at competitive market prices. Fully tested batch. Customer satisfaction is our top priority.,0.073741 BTC,Netherlands,Worldwide except Australia,4.80/5,
DutchDope-2017,Drugs/Cannabis/Hash,100gr of selfmade hash (Skuff) [Original Batch],We are back on NightMarket offering our verified 100gr of selfmade hash (Skuff). Guaranteed top tier quality and stealth packaging. Contact via PGP for bulk orders.,1.291128 BTC,Netherlands,Worldwide,4.88/5,
DutchDope-2017,Drugs/Stimulants/Cocaine,5 grams of Cocaine 89%+ purity,5 grams of  Cocaine 89%+ purity available now. All orders dispatched within 24 hours of payment confirmation. Domestic and international stealth available.,0.799920 BTC,Netherlands,Worldwide,4.75/5,
DutchDope-2017,Drugs/Ecstasy/MDMA,5 grams of pure (tan) MDMA crystals 80%+ purity [24/7 Auto Dispatch],"Welcome to our official NightMarket shop! 5 grams of pure (tan) MDMA crystals 80%+ purity ready for instant dispatch. Double vacuum sealed, professional MBB stealth. 99% delivery rate across European Union.",0.199895 BTC,Netherlands,European Union,5.00/5,
DutchDope-2017,Drugs/Stimulants/Cocaine,10 grams of Cocaine 89%+ purity,10 grams of  Cocaine 89%+ purity available now. All orders dispatched within 24 hours of payment confirmation. Domestic and international stealth available.,1.492792 BTC,Netherlands,Worldwide,4.79/5,
DutchDope-2017,Drugs/Ecstasy/Pills,25x RED DICE XTC 120mg MDMA [Purity Tested],25x RED DICE XTC 120mg MDMA available now. All orders dispatched within 24 hours of payment confirmation. Domestic and international stealth available.,0.155083 BTC,Netherlands,European Union,5.00/5,
DutchDope-2017,Drugs/Ecstasy/MDMA,100% Pure 10 grams of pure (tan) MDMA crystals 84% purity [Original Batch],"Premium 10 grams of pure (tan) MDMA crystals 84% purity sourced directly from verified labs. Fast, reliable service. Please include your PGP encrypted address when ordering.",0.387150 BTC,Netherlands,Worldwide except Australia,4.86/5,
DutchDope-2017,Drugs/Ecstasy/Pills,Verified 50x BLUE DICE XTC 180mg MDMA [Escrow Ready],We are back on NightMarket offering our verified 50x BLUE DICE XTC 180mg MDMA. Guaranteed top tier quality and stealth packaging. Contact via PGP for bulk orders.,0.374440 BTC,Netherlands,Worldwide except Australia,4.73/5,
DutchDope-2017,Drugs/Stimulants/Speed,50 grams of SPEED PASTE 70%+ purity [Escrow Ready],50 grams of SPEED PASTE 70%+ purity available now. All orders dispatched within 24 hours of payment confirmation. Domestic and international stealth available.,0.386870 BTC,Netherlands,European Union,4.95/5,
DutchDope-2017,Drugs/Ecstasy/MDMA,500 gr of pure (tan) MDMA crystals 84% purity,High purity 500 gr of pure (tan) MDMA crystals 84% purity at competitive market prices. Fully tested batch. Customer satisfaction is our top priority.,13.335220 BTC,Netherlands,Worldwide,4.98/5,
DutchDope-2017,Drugs/Ecstasy/Pills,25x Pacman's Ghost Pills XTC 130mg MDMA [Original Batch],25x Pacman's Ghost Pills XTC 130mg MDMA available now. All orders dispatched within 24 hours of payment confirmation. Domestic and international stealth available.,0.219615 BTC,Netherlands,Worldwide,4.90/5,
DutchDope-2017,Drugs/Ecstasy/MDMA,40 grams of pure (tan) MDMA crystals 84% purity,High purity 40 grams of pure (tan) MDMA crystals 84% purity at competitive market prices. Fully tested batch. Customer satisfaction is our top priority.,1.598755 BTC,Netherlands,Worldwide,4.90/5,
DutchDope-2017,Drugs/Stimulants/Cocaine,2 grams of Cocaine 89%+ purity,2 grams of  Cocaine 89%+ purity available now. All orders dispatched within 24 hours of payment confirmation. Domestic and international stealth available.,0.369997 BTC,Netherlands,Worldwide,4.85/5,
DutchDope-2017,Drugs/Ecstasy/Pills,250x Pacman's Ghost Pills XTC 130mg MDMA,High purity 250x Pacman's Ghost Pills XTC 130mg MDMA at competitive market prices. Fully tested batch. Customer satisfaction is our top priority.,1.682194 BTC,Netherlands,Worldwide,4.80/5,
DutchDope-2017,Drugs/Ecstasy/Pills,10x Pacman's Ghost Pills XTC 130mg MDMA,"Premium 10x Pacman's Ghost Pills XTC 130mg MDMA sourced directly from verified labs. Fast, reliable service. Please include your PGP encrypted address when ordering.",0.084801 BTC,Netherlands,Worldwide,4.65/5,
official_PeterLustig,Drugs/Cannabis/Hash,Premium 2g Marokko Polle,2g Marokko Polle available now. All orders dispatched within 24 hours of payment confirmation. Domestic and international stealth available.,0.143034 BTC,Germany,EU,4.75/5,
official_PeterLustig,Drugs/Cannabis/Weed,10g Amnesia Haze,"Premium 10g Amnesia Haze sourced directly from verified labs. Fast, reliable service. Please include your PGP encrypted address when ordering.",0.457444 BTC,Germany,Worldwide,4.90/5,
official_PeterLustig,Drugs/Cannabis/Weed,10g PowerPlant,"Welcome to our official NightMarket shop! 10g PowerPlant ready for instant dispatch. Double vacuum sealed, professional MBB stealth. 99% delivery rate across European Union.",0.327884 BTC,Germany,European Union,5.00/5,
official_PeterLustig,Drugs/Cannabis/Hash,Ultra Clean 5g Pollum Hasch,High purity 5g Pollum Hasch at competitive market prices. Fully tested batch. Customer satisfaction is our top priority.,0.182647 BTC,Germany,Worldwide,5.00/5,
official_PeterLustig,Drugs/Cannabis/Weed,10g SuperSkunk [Fast Shipping],"Welcome to our official NightMarket shop! 10g SuperSkunk ready for instant dispatch. Double vacuum sealed, professional MBB stealth. 99% delivery rate across EU.",0.350855 BTC,Germany,EU,4.78/5,
official_PeterLustig,Drugs/Cannabis/Weed,50g Silver Haze,"Welcome to our official NightMarket shop! 50g Silver Haze ready for instant dispatch. Double vacuum sealed, professional MBB stealth. 99% delivery rate across EU.",1.533329 BTC,Germany,EU,5.00/5,
official_PeterLustig,Drugs/Cannabis/Weed,Premium 10g Orange Bud [Worldwide Stealth],"Premium 10g Orange Bud sourced directly from verified labs. Fast, reliable service. Please include your PGP encrypted address when ordering.",0.387771 BTC,Germany,EU,5.00/5,
official_PeterLustig,Drugs/Cannabis/Weed,1g Orange Bud,We are back on NightMarket offering our verified 1g Orange Bud. Guaranteed premium quality and stealth packaging. Contact via PGP for bulk orders.,0.387809 BTC,Germany,EU,4.88/5,
official_PeterLustig,Drugs/Cannabis/Weed,Verified 5g Silver Haze,We are back on NightMarket offering our verified 5g Silver Haze. Guaranteed premium quality and stealth packaging. Contact via PGP for bulk orders.,0.246630 BTC,Germany,EU,4.83/5,
official_PeterLustig,Drugs/Cannabis/Hash,Judenstern Hasch 100G,Judenstern Hasch 100G available now. All orders dispatched within 24 hours of payment confirmation. Domestic and international stealth available.,1.105747 BTC,Germany,EU,4.96/5,
official_PeterLustig,Drugs/Cannabis/Weed,Top Grade 50g Bob Marleys Best,"Premium 50g Bob Marleys Best sourced directly from verified labs. Fast, reliable service. Please include your PGP encrypted address when ordering.",1.718959 BTC,Germany,EU,4.94/5,
official_PeterLustig,Drugs/Cannabis/Weed,100% Pure 2g Orange Bud [Escrow Ready],"Premium 2g Orange Bud sourced directly from verified labs. Fast, reliable service. Please include your PGP encrypted address when ordering.",0.238056 BTC,Germany,EU,4.97/5,
official_PeterLustig,Drugs/Cannabis/Weed,1g LemonSkunk [Worldwide Stealth],"Premium 1g LemonSkunk sourced directly from verified labs. Fast, reliable service. Please include your PGP encrypted address when ordering.",0.401389 BTC,Germany,EU,4.86/5,
official_PeterLustig,Drugs/Cannabis/Weed,Custom 1g K2 - oldschool weed [24/7 Auto Dispatch],1g K2 - oldschool weed available now. All orders dispatched within 24 hours of payment confirmation. Domestic and international stealth available.,0.297496 BTC,Germany,EU,4.81/5,
official_PeterLustig,Drugs/Cannabis/Weed,Top Grade 10g LemonSkunk [24/7 Auto Dispatch],We are back on NightMarket offering our verified 10g LemonSkunk. Guaranteed lab tested quality and stealth packaging. Contact via PGP for bulk orders.,0.355475 BTC,Germany,EU,4.87/5,
official_PeterLustig,Drugs/Cannabis/Weed,5g PowerPlant,High purity 5g PowerPlant at competitive market prices. Fully tested batch. Customer satisfaction is our top priority.,0.127024 BTC,Germany,Worldwide,4.95/5,
official_PeterLustig,Drugs/Cannabis/Weed,50g Amnesia Haze [Purity Tested],We are back on NightMarket offering our verified 50g Amnesia Haze. Guaranteed 99% quality and stealth packaging. Contact via PGP for bulk orders.,1.740612 BTC,Germany,EU,4.83/5,
official_PeterLustig,Drugs/Cannabis/Weed,HQ 100g Amnesia Haze [Tracked],"Premium 100g Amnesia Haze sourced directly from verified labs. Fast, reliable service. Please include your PGP encrypted address when ordering.",3.337026 BTC,Germany,EU,4.86/5,
official_PeterLustig,Drugs/Cannabis/Weed,2g PowerPlant [Fast Shipping],"Premium 2g PowerPlant sourced directly from verified labs. Fast, reliable service. Please include your PGP encrypted address when ordering.",0.174472 BTC,Germany,Worldwide,4.81/5,
official_PeterLustig,Drugs/Cannabis/Hash,10g Marokko Polle,"Welcome to our official NightMarket shop! 10g Marokko Polle ready for instant dispatch. Double vacuum sealed, professional MBB stealth. 99% delivery rate across EU.",0.290025 BTC,Germany,EU,5.00/5,
official_PeterLustig,Drugs/Cannabis/Weed,50g K2 - oldschool weed,50g K2 - oldschool weed available now. All orders dispatched within 24 hours of payment confirmation. Domestic and international stealth available.,1.745293 BTC,Germany,EU,4.80/5,
official_PeterLustig,Drugs/Cannabis/Weed,HQ 5g K2 - oldschool weed,High purity 5g K2 - oldschool weed at competitive market prices. Fully tested batch. Customer satisfaction is our top priority.,0.225004 BTC,Germany,EU,4.89/5,
official_PeterLustig,Drugs/Cannabis/Weed,5g SuperSkunk [Escrow Ready],5g SuperSkunk available now. All orders dispatched within 24 hours of payment confirmation. Domestic and international stealth available.,0.214889 BTC,Germany,EU,5.00/5,
official_PeterLustig,Drugs/Cannabis/Hash,Verified Judenstern Hasch 10G,We are back on NightMarket offering our verified Judenstern Hasch 10G. Guaranteed premium quality and stealth packaging. Contact via PGP for bulk orders.,0.095146 BTC,Germany,EU,4.95/5,
greenhuas,Drugs/Cannabis/Weed,!!!SALE!!! 14g of High Quality Cherry Kush Indoor Marijuana [Fast Shipping],"Premium !!!SALE!!! 14g of High Quality Cherry Kush Indoor Marijuana sourced directly from verified labs. Fast, reliable service. Please include your PGP encrypted address when ordering.",0.208849 BTC,USA,Worldwide,4.81/5,
greenhuas,Drugs/Cannabis/Weed,Custom 1oz (28g) of High Quality Cherry Kush Indoor Marijuana FE,"Welcome to our official NightMarket shop! 1oz (28g) of High Quality Cherry Kush Indoor Marijuana FE ready for instant dispatch. Double vacuum sealed, professional MBB stealth. 99% delivery rate across USA.",0.497642 BTC,USA,USA,4.94/5,
greenhuas,Drugs/Cannabis/Weed,1oz (28g) of Grade AA Cherry Kush Indoor Marijuana FE (same as old AAA rating),"Premium 1oz (28g) of Grade AA Cherry Kush Indoor Marijuana FE (same as old AAA rating) sourced directly from verified labs. Fast, reliable service. Please include your PGP encrypted address when ordering.",0.680089 BTC,USA,USA,5.00/5,
greenhuas,Drugs/Cannabis/Weed,1oz (28g) of High Quality Banana Goo Indoor Marijuana,"Welcome to our official NightMarket shop! 1oz (28g) of High Quality Banana Goo Indoor Marijuana ready for instant dispatch. Double vacuum sealed, professional MBB stealth. 99% delivery rate across USA.",0.485394 BTC,USA,USA,4.87/5,
greenhuas,Drugs/Cannabis/Concentrates,1g concentrate New Batch (28g minimum unless made along with a bud order),"Welcome to our official NightMarket shop! 1g concentrate New Batch (28g minimum unless made along with a bud order) ready for instant dispatch. Double vacuum sealed, professional MBB stealth. 99% delivery rate across USA.",0.080872 BTC,USA,USA,5.00/5,
greenhuas,Drugs/Cannabis/Concentrates,Escrow: 1g concentrate (28g minimum),High purity Escrow: 1g concentrate (28g minimum) at competitive market prices. Fully tested batch. Customer satisfaction is our top priority.,0.100255 BTC,USA,USA,5.00/5,
greenhuas,Drugs/Cannabis/Weed,High Quality 1oz (28g) of Grade AAA Sour Urkle Indoor Marijuana FE,1oz (28g) of Grade AAA Sour Urkle Indoor Marijuana FE available now. All orders dispatched within 24 hours of payment confirmation. Domestic and international stealth available.,0.342691 BTC,USA,USA,4.92/5,
greenhuas,Drugs/Cannabis/Weed,1oz (28g) of Grade AA Cherry Kush Indoor Marijuana [Original Batch],"Premium 1oz (28g) of Grade AA Cherry Kush Indoor Marijuana sourced directly from verified labs. Fast, reliable service. Please include your PGP encrypted address when ordering.",0.554476 BTC,USA,Worldwide,4.80/5,
greenhuas,Drugs/Cannabis/Concentrates,FE: 1g concentrate BUDRUN (7g minimum unless made along with a bud order) [Escrow Ready],"Premium FE: 1g concentrate BUDRUN (7g minimum unless made along with a bud order) sourced directly from verified labs. Fast, reliable service. Please include your PGP encrypted address when ordering.",364.300037 BTC,USA,USA,4.87/5,
greenhuas,Drugs/Cannabis/Concentrates,Premium FE: 1g concentrate (28g minimum) [Original Batch],"Welcome to our official NightMarket shop! FE: 1g concentrate (28g minimum) ready for instant dispatch. Double vacuum sealed, professional MBB stealth. 99% delivery rate across USA.",30.307785 BTC,USA,USA,4.83/5,
greenhuas,Drugs/Cannabis/Weed,Verified QP pick your strains FE [Purity Tested],We are back on NightMarket offering our verified QP pick your strains FE. Guaranteed top tier quality and stealth packaging. Contact via PGP for bulk orders.,3.023599 BTC,USA,USA,4.84/5,
Caslava,Drugs/Opioids/Fentanyl,100 x 200ug Fentanyl HCL Blotters,100 x 200ug Fentanyl HCL Blotters available now. All orders dispatched within 24 hours of payment confirmation. Domestic and international stealth available.,0.495484 BTC,USA,Worldwide,4.95/5,
Caslava,Drugs/Benzos,500mg Alprazolam Powder 99% (Xanax API) [Escrow Ready],"Welcome to our official NightMarket shop! 500mg Alprazolam Powder 99% (Xanax API) ready for instant dispatch. Double vacuum sealed, professional MBB stealth. 99% delivery rate across World.",0.170466 BTC,EU,World,4.80/5,
Caslava,Drugs/Benzos,High Quality 250mg Alprazolam Powder 99% (Xanax API) [Purity Tested],"Welcome to our official NightMarket shop! 250mg Alprazolam Powder 99% (Xanax API) ready for instant dispatch. Double vacuum sealed, professional MBB stealth. 99% delivery rate across World.",0.071308 BTC,EU,World,4.93/5,
Caslava,Drugs/Opioids/Fentanyl,100 x 500ug Fentanyl HCL Blotters,"Premium 100 x 500ug Fentanyl HCL Blotters sourced directly from verified labs. Fast, reliable service. Please include your PGP encrypted address when ordering.",0.798750 BTC,USA,Worldwide,4.86/5,
Caslava,Drugs/Benzos,500 x 1.2mg XANAX (Alprazolam) BLOTTERS,High purity 500 x 1.2mg XANAX (Alprazolam) BLOTTERS at competitive market prices. Fully tested batch. Customer satisfaction is our top priority.,0.626776 BTC,EU,World,5.00/5,
Caslava,Drugs/Benzos,Top Grade 1000mg Alprazolam Powder 99% (Xanax API),1000mg Alprazolam Powder 99% (Xanax API) available now. All orders dispatched within 24 hours of payment confirmation. Domestic and international stealth available.,0.317970 BTC,EU,World,4.86/5,
Caslava,Drugs/Opioids/Fentanyl,50 x 200ug Fentanyl HCL Blotters [Purity Tested],High purity 50 x 200ug Fentanyl HCL Blotters at competitive market prices. Fully tested batch. Customer satisfaction is our top priority.,0.330131 BTC,USA,Worldwide,4.85/5,
Caslava,Drugs/Opioids/Fentanyl,50 x 500ug Fentanyl HCL Blotters [Worldwide Stealth],High purity 50 x 500ug Fentanyl HCL Blotters at competitive market prices. Fully tested batch. Customer satisfaction is our top priority.,0.598856 BTC,USA,Worldwide,4.88/5,
Caslava,Drugs/Benzos,1000 x 1.2mg XANAX (Alprazolam) BLOTTERS,We are back on NightMarket offering our verified 1000 x 1.2mg XANAX (Alprazolam) BLOTTERS. Guaranteed lab tested quality and stealth packaging. Contact via PGP for bulk orders.,1.284685 BTC,EU,World,4.88/5,
Caslava,Drugs/Benzos,Ultra Clean 250 x 1.2mg XANAX (Alprazolam) BLOTTERS [Fast Shipping],250 x 1.2mg XANAX (Alprazolam) BLOTTERS available now. All orders dispatched within 24 hours of payment confirmation. Domestic and international stealth available.,0.413870 BTC,EU,World,5.00/5,
Caslava,Drugs/Opioids/Fentanyl,Premium 250 x 500ug Fentanyl HCL Blotters [Purity Tested],"Welcome to our official NightMarket shop! 250 x 500ug Fentanyl HCL Blotters ready for instant dispatch. Double vacuum sealed, professional MBB stealth. 99% delivery rate across worldwide.",2.181486 BTC,USA,Worldwide,4.77/5,
Caslava,Drugs/Opioids/Fentanyl,Verified 500 x 200ug Fentanyl HCL Blotters,High purity 500 x 200ug Fentanyl HCL Blotters at competitive market prices. Fully tested batch. Customer satisfaction is our top priority.,1.755652 BTC,USA,Worldwide,4.82/5,
Caslava,Drugs/Benzos,Verified 2500 x 1.2mg XANAX (Alprazolam) BLOTTERS,High purity 2500 x 1.2mg XANAX (Alprazolam) BLOTTERS at competitive market prices. Fully tested batch. Customer satisfaction is our top priority.,2.260870 BTC,EU,Wolrd,4.80/5,
SteadFast,Drugs/Prescription,"Direct Source Oxycodone IR 30 mg ""Roxy"" fresh from a US Pharmacy","High purity Oxycodone IR 30 mg ""Roxy"" fresh from a US Pharmacy at competitive market prices. Fully tested batch. Customer satisfaction is our top priority.",0.113611 BTC,USA,Worldwide,5.00/5,
SteadFast,Drugs/Prescription,30 mg Adderall IR *Crushable* from Real US Pharmqacy,We are back on NightMarket offering our verified 30 mg Adderall IR *Crushable* from Real US Pharmqacy. Guaranteed high grade quality and stealth packaging. Contact via PGP for bulk orders.,0.058720 BTC,USA,Worldwide,5.00/5,
SteadFast,Drugs/Prescription,Valium (Diazepam) IR 10 mg from a Real US Pharmacy,"Premium Valium (Diazepam) IR 10 mg from a Real US Pharmacy sourced directly from verified labs. Fast, reliable service. Please include your PGP encrypted address when ordering.",0.010668 BTC,USA,Worldwide,5.00/5,
SteadFast,Drugs/Prescription,30 mg Adderall IR *Crushable* from Real US Pharmacy,"Premium 30 mg Adderall IR *Crushable* from Real US Pharmacy sourced directly from verified labs. Fast, reliable service. Please include your PGP encrypted address when ordering.",0.097254 BTC,USA,Worldwide,4.83/5,
SteadFast,Drugs/Benzos,Verified *REAL* Xanax (Alprazolam) 2mg bar x 10 *Fresh from a US Pharmacy*,We are back on NightMarket offering our verified *REAL* Xanax (Alprazolam) 2mg bar x 10 *Fresh from a US Pharmacy*. Guaranteed high grade quality and stealth packaging. Contact via PGP for bulk orders.,0.102715 BTC,USA,Worldwide,5.00/5,
SteadFast,Drugs/Benzos,*REAL* Xanax (Alprazolam) 2mg bar x 1 *Fresh from a US Pharmacy*,*REAL* Xanax (Alprazolam) 2mg bar x 1 *Fresh from a US Pharmacy* available now. All orders dispatched within 24 hours of payment confirmation. Domestic and international stealth available.,0.013137 BTC,USA,Worldwide,4.74/5,
pharmacy_US,Drugs/Benzos,Ultra Clean 1 Xanax 2mg Pfizer Originals 100%,"Premium 1 Xanax 2mg Pfizer Originals 100% sourced directly from verified labs. Fast, reliable service. Please include your PGP encrypted address when ordering.",0.004532 BTC,Poland,Worldwide,4.70/5,
pharmacy_US,Drugs/Benzos,SAMPLE - XANAX 2mg PFIZER ORIGINAL 100%,We are back on NightMarket offering our verified SAMPLE - XANAX 2mg PFIZER ORIGINAL 100%. Guaranteed 99% quality and stealth packaging. Contact via PGP for bulk orders.,0.001719 BTC,EU,Worldwide,4.95/5,
pharmacy_US,Drugs/Benzos,30 x 2mg Pfizer Brand Name Originals 100%,"Premium 30 x 2mg Pfizer Brand Name Originals 100% sourced directly from verified labs. Fast, reliable service. Please include your PGP encrypted address when ordering.",0.173873 BTC,Poland,Worldwide,4.84/5,
pharmacy_US,Drugs/Benzos,90x Clonazepam TZF 2mg Original 100% - FULL ESCROW [Purity Tested],"Premium 90x Clonazepam TZF 2mg Original 100% - FULL ESCROW sourced directly from verified labs. Fast, reliable service. Please include your PGP encrypted address when ordering.",0.294290 BTC,Poland,Worldwide,4.89/5,
pharmacy_US,Drugs/Benzos,90x Xanax 2mg Pfizer Originals 100% - FULL ESCROW,High purity 90x Xanax 2mg Pfizer Originals 100% - FULL ESCROW at competitive market prices. Fully tested batch. Customer satisfaction is our top priority.,0.308998 BTC,Poland,Worldwide,4.76/5,
pharmacy_US,Drugs/Benzos,100% Pure 90x Xanax 2mg Pfizer Brand Name Original 100% - FULL ESCROW [Escrow Ready],High purity 90x Xanax 2mg Pfizer Brand Name Original 100% - FULL ESCROW at competitive market prices. Fully tested batch. Customer satisfaction is our top priority.,0.453250 BTC,Poland,Worldwide,4.77/5,
pharmacy_US,Drugs/Benzos,Top Grade SAMPLE - Clonazepam 2mg TZF ORIGINAL 100% [24/7 Auto Dispatch],"Premium SAMPLE - Clonazepam 2mg TZF ORIGINAL 100% sourced directly from verified labs. Fast, reliable service. Please include your PGP encrypted address when ordering.",0.001844 BTC,EU,Worldwide,4.99/5,
pharmacy_US,Drugs/Benzos,900x Xanax 2mg Pfizer Originals 100% - FULL ESCROW,900x Xanax 2mg Pfizer Originals 100% - FULL ESCROW available now. All orders dispatched within 24 hours of payment confirmation. Domestic and international stealth available.,4.128375 BTC,Poland,Worldwide,4.91/5,
axaES,Drugs/Cannabis/Synthetics,Ultra Clean Axa Blends Blueberry Herbal Incense - 3.5 Grams,"Welcome to our official NightMarket shop! Axa Blends Blueberry Herbal Incense - 3.5 Grams ready for instant dispatch. Double vacuum sealed, professional MBB stealth. 99% delivery rate across USA.",0.053767 BTC,USA,USA,4.89/5,
axaES,Drugs/Cannabis/Synthetics,100% Pure Axa Blends Pine Herbal Incense - 3.5 Grams,High purity Axa Blends Pine Herbal Incense - 3.5 Grams at competitive market prices. Fully tested batch. Customer satisfaction is our top priority.,0.060667 BTC,USA,USA,4.92/5,
axaES,Drugs/Cannabis/Synthetics,Direct Source Axa Blends Herbal Incense Sampler [Purity Tested],Axa Blends Herbal Incense Sampler available now. All orders dispatched within 24 hours of payment confirmation. Domestic and international stealth available.,0.132234 BTC,USA,USA,5.00/5,
carteld_elnorte,Drugs/Opioids,HEROIN 2grams sinaloa gunpowder heroin,HEROIN 2grams sinaloa gunpowder heroin available now. All orders dispatched within 24 hours of payment confirmation. Domestic and international stealth available.,0.598111 BTC,USA,USA,5.00/5,
carteld_elnorte,Drugs/Opioids/Fentanyl,Fentanyl Hydrochloride (HCL) 99.8% PURE- 5000mg (5.0 gram) FULL ESCROW [Fast Shipping],"Welcome to our official NightMarket shop! Fentanyl Hydrochloride (HCL) 99.8% PURE- 5000mg (5.0 gram) FULL ESCROW ready for instant dispatch. Double vacuum sealed, professional MBB stealth. 99% delivery rate across worldwide.",12.315880 BTC,Canada,worldwide,4.76/5,
carteld_elnorte,Drugs/Opioids,3 DAY SALE!! HEROIN GUNPOWDER HIGH QUALITY 10gram $699,"Welcome to our official NightMarket shop! 3 DAY SALE!! HEROIN GUNPOWDER HIGH QUALITY 10gram $699 ready for instant dispatch. Double vacuum sealed, professional MBB stealth. 99% delivery rate across worldwide.",1.439265 BTC,USA,Worldwide,4.86/5,
carteld_elnorte,Drugs/RCs,4FA (4-Fluoroamphetamine) 3.5 grams [24/7 Auto Dispatch],"Premium 4FA (4-Fluoroamphetamine) 3.5 grams sourced directly from verified labs. Fast, reliable service. Please include your PGP encrypted address when ordering.",0.239299 BTC,Canada CANADA,USA  CANADA,4.84/5,
carteld_elnorte,Drugs/Opioids/Oxycodone,Roxicodone 30mg (oxycodone hydrochloride 30mg USP),High purity Roxicodone 30mg (oxycodone hydrochloride 30mg USP) at competitive market prices. Fully tested batch. Customer satisfaction is our top priority.,0.087583 BTC,USA,Worldwide,4.85/5,
carteld_elnorte,Drugs/Opioids/Fentanyl,Fentanyl Hydrochloride (HCL) 99.8% PURE- 500mg (0.50 gram),"Welcome to our official NightMarket shop! Fentanyl Hydrochloride (HCL) 99.8% PURE- 500mg (0.50 gram) ready for instant dispatch. Double vacuum sealed, professional MBB stealth. 99% delivery rate across worldwide.",2.562979 BTC,Canada,worldwide,4.76/5,
carteld_elnorte,Drugs/RCs,Premium Ethylone (crystals) (E1 MDEC bk-MDEA) 500 grams **FREE SHIPPING!**,"Welcome to our official NightMarket shop! Ethylone (crystals) (E1  MDEC  bk-MDEA) 500 grams **FREE SHIPPING!** ready for instant dispatch. Double vacuum sealed, professional MBB stealth. 99% delivery rate across worldwide.",7.693891 BTC,China,Worldwide,5.00/5,
carteld_elnorte,Drugs/Opioids/Fentanyl,Ultra Clean Fentanyl Hydrochloride (HCL) 99.8% PURE- 50mg (0.05 gram) $69,High purity Fentanyl Hydrochloride (HCL) 99.8% PURE- 50mg (0.05 gram)   $69 at competitive market prices. Fully tested batch. Customer satisfaction is our top priority.,0.329257 BTC,Canada,worldwide,4.89/5,
carteld_elnorte,Drugs/Stimulants/Cocaine,COCAINE 1gram High Quality,We are back on NightMarket offering our verified COCAINE 1gram High Quality. Guaranteed lab tested quality and stealth packaging. Contact via PGP for bulk orders.,0.284044 BTC,Canada,worldwide,4.82/5,
carteld_elnorte,Drugs/RCs,Ethylphenidate (powder) 100 Grams,"Premium Ethylphenidate (powder)  100 Grams sourced directly from verified labs. Fast, reliable service. Please include your PGP encrypted address when ordering.",3.083835 BTC,China,Worldwide,4.96/5,
carteld_elnorte,Drugs/Stimulants/Prescription,Verified 54mg Concerta (methylfenidate/ritalin) x 10 pills,High purity 54mg Concerta (methylfenidate/ritalin) x 10 pills at competitive market prices. Fully tested batch. Customer satisfaction is our top priority.,0.195828 BTC,Canada,world,4.54/5,
carteld_elnorte,Drugs/Opioids/Fentanyl,Fentanyl Hydrochloride (HCL) 99.8% PURE- 250mg (0.25 gram),"Premium Fentanyl Hydrochloride (HCL) 99.8% PURE- 250mg (0.25 gram) sourced directly from verified labs. Fast, reliable service. Please include your PGP encrypted address when ordering.",1.328896 BTC,Canada,worldwide,5.00/5,
carteld_elnorte,Drugs/Dissociatives/GHB,500ml liquid GHB (gamma hydroxybutyrate) [Original Batch],"Welcome to our official NightMarket shop! 500ml liquid GHB (gamma hydroxybutyrate) ready for instant dispatch. Double vacuum sealed, professional MBB stealth. 99% delivery rate across world.",0.468753 BTC,Canada,world,4.96/5,
carteld_elnorte,Drugs/Stimulants/Cocaine,CRACK COCAINE (BASE) 3.5grams 8 ball!!,"Premium CRACK COCAINE (BASE) 3.5grams 8 ball!! sourced directly from verified labs. Fast, reliable service. Please include your PGP encrypted address when ordering.",0.834871 BTC,Canada,world,4.78/5,
mIssgreen,Drugs/Cannabis/Weed,Exclusive Quality dutch weed 3 gram FREE SHIPPING,"Welcome to our official NightMarket shop! Quality dutch weed 3 gram FREE SHIPPING ready for instant dispatch. Double vacuum sealed, professional MBB stealth. 99% delivery rate across world.",0.068147 BTC,Netherlands,world,4.76/5,
mIssgreen,Drugs/Cannabis/Weed,Quality dutch weed 5 gram FREE SHIPPING,High purity Quality dutch weed 5 gram FREE SHIPPING at competitive market prices. Fully tested batch. Customer satisfaction is our top priority.,0.098337 BTC,Netherlands,world,4.93/5,
mIssgreen,Drugs/Cannabis/Weed,Quality dutch haze 5 gram FREE SHIPPING,Quality dutch haze 5 gram FREE SHIPPING available now. All orders dispatched within 24 hours of payment confirmation. Domestic and international stealth available.,0.119335 BTC,Netherlands,world,4.92/5,
mIssgreen,Drugs/Cannabis/Hash,Really nice dutch Skuff or hash 5 grams FREE SHIPPING,"Welcome to our official NightMarket shop! Really nice dutch Skuff or hash 5 grams FREE SHIPPING ready for instant dispatch. Double vacuum sealed, professional MBB stealth. 99% delivery rate across World wide.",0.095156 BTC,Netherlands,World wide,4.71/5,
mIssgreen,Drugs/Cannabis/Weed,Quality dutch weed 10 gram + 1 gr. extra with every order FREE SHIPPING,High purity Quality dutch weed 10 gram + 1 gr. extra with every order FREE SHIPPING at competitive market prices. Fully tested batch. Customer satisfaction is our top priority.,0.206104 BTC,Netherlands,world,5.00/5,
mIssgreen,Services/Other,International Dummy letter,"Premium International Dummy letter sourced directly from verified labs. Fast, reliable service. Please include your PGP encrypted address when ordering.",0.022666 BTC,Netherlands,Worldwide,5.00/5,
mIssgreen,Drugs/Cannabis/Weed,Quality dutch Amnesia haze 5 grams FREE SHIPPING,"Premium Quality dutch Amnesia haze 5 grams FREE SHIPPING sourced directly from verified labs. Fast, reliable service. Please include your PGP encrypted address when ordering.",0.187814 BTC,Netherlands,world,4.82/5,
mIssgreen,Drugs/Cannabis/Weed,Miss Green's Quality dutch weed 5 gram + 0.5 gr. with every order! Free Shipping,Miss Green's Quality dutch weed 5 gram + 0.5 gr. with every order! Free Shipping available now. All orders dispatched within 24 hours of payment confirmation. Domestic and international stealth available.,0.126629 BTC,Netherlands,world,4.89/5,
sTiffstyles,Drugs/Stimulants/Meth,1g Ethylphenidate (new meth analogue),"Premium 1g Ethylphenidate (new meth analogue) sourced directly from verified labs. Fast, reliable service. Please include your PGP encrypted address when ordering.",0.298310 BTC,Australia,Worldwide,4.89/5,
sTiffstyles,Electronics,LASER POINTER- 50 000mw,LASER POINTER- 50 000mw available now. All orders dispatched within 24 hours of payment confirmation. Domestic and international stealth available.,1.392468 BTC,China,Worldwide,5.00/5,
sTiffstyles,Weapons/Melee,POLICE ALARM STUN GUN,POLICE ALARM STUN GUN available now. All orders dispatched within 24 hours of payment confirmation. Domestic and international stealth available.,0.699833 BTC,China,Worldwide,4.84/5,
sTiffstyles,Drugs/Other,FANTASY 500ml- sent from oz [Fast Shipping],FANTASY 500ml- sent from oz available now. All orders dispatched within 24 hours of payment confirmation. Domestic and international stealth available.,3.992343 BTC,Australia,Worldwide,5.00/5,
sTiffstyles,Drug paraphernalia/Containers,T-BAR COMPACTER- turn any powder into solid bricks,T-BAR COMPACTER- turn any powder into solid bricks available now. All orders dispatched within 24 hours of payment confirmation. Domestic and international stealth available.,0.270081 BTC,Australia,Worldwide,4.89/5,
sTiffstyles,Services/Hacking,Voice changer,We are back on NightMarket offering our verified Voice changer. Guaranteed 99% quality and stealth packaging. Contact via PGP for bulk orders.,0.171238 BTC,Australia,Worldwide,5.00/5,
sTiffstyles,Other,Direct Source Dunny brush stash spot,Dunny brush stash spot available now. All orders dispatched within 24 hours of payment confirmation. Domestic and international stealth available.,0.083189 BTC,Australia,Worldwide,5.00/5,
sTiffstyles,Weapons/Melee,Self Defense Baseball Bat Style LED FLASHLIGHT,"Welcome to our official NightMarket shop! Self Defense Baseball Bat Style LED FLASHLIGHT ready for instant dispatch. Double vacuum sealed, professional MBB stealth. 99% delivery rate across worldwide.",0.426326 BTC,China,Worldwide,4.80/5,
sTiffstyles,Weapons/Melee,Custom 3x iPHONESTUN GUN [24/7 Auto Dispatch],High purity 3x  iPHONESTUN GUN at competitive market prices. Fully tested batch. Customer satisfaction is our top priority.,1.081018 BTC,China,Worldwide,4.82/5,
sTiffstyles,Other,meth pipes [Fast Shipping],"Premium meth pipes sourced directly from verified labs. Fast, reliable service. Please include your PGP encrypted address when ordering.",0.234579 BTC,Australia,Worldwide,5.00/5,
sTiffstyles,Drugs/RCs,50g A-PVP,We are back on NightMarket offering our verified 50g A-PVP. Guaranteed 99% quality and stealth packaging. Contact via PGP for bulk orders.,4.373191 BTC,China,Worldwide,5.00/5,
sTiffstyles,Drug paraphernalia/Stashes,100% Pure WD-40 Stash can,"Premium WD-40 Stash can sourced directly from verified labs. Fast, reliable service. Please include your PGP encrypted address when ordering.",0.109844 BTC,Australia,Worldwide,4.93/5,
sTiffstyles,Services/Hacking,Top Grade 10pc Jiggler lock pick set,High purity 10pc Jiggler lock pick set at competitive market prices. Fully tested batch. Customer satisfaction is our top priority.,0.082360 BTC,Australia,Worldwide,5.00/5,
sTiffstyles,Weapons/Melee,Bruce Lee Nunchaku,Bruce Lee Nunchaku available now. All orders dispatched within 24 hours of payment confirmation. Domestic and international stealth available.,0.630275 BTC,China,Worldwide,4.86/5,
sTiffstyles,Drugs/Other,FANTASY 20ml,"Premium FANTASY 20ml sourced directly from verified labs. Fast, reliable service. Please include your PGP encrypted address when ordering.",0.297145 BTC,Australia,Worldwide,4.96/5,
sTiffstyles,Drugs/Stimulants/Meth,100ml Methylamine,"Premium 100ml Methylamine sourced directly from verified labs. Fast, reliable service. Please include your PGP encrypted address when ordering.",19.979130 BTC,Australia,Worldwide,4.93/5,
sTiffstyles,Other,Ultra Clean Detox shampoo [Purity Tested],"Premium Detox shampoo sourced directly from verified labs. Fast, reliable service. Please include your PGP encrypted address when ordering.",0.101619 BTC,Australia,Worldwide,4.95/5,
medicineman420,Drugs/Cannabis/Weed,1oz bud 200 grams shake,1oz bud  200 grams shake available now. All orders dispatched within 24 hours of payment confirmation. Domestic and international stealth available.,0.919908 BTC,Canada,Worldwide,4.82/5,
medicineman420,Drugs/Cannabis/Weed,Quarter Pound(112 grams) FULL ESCROW Listing AAA Purple Kush [Fast Shipping],High purity Quarter Pound(112 grams) FULL ESCROW Listing AAA Purple Kush at competitive market prices. Fully tested batch. Customer satisfaction is our top priority.,1.101023 BTC,Canada,World wide,4.77/5,
medicineman420,Drugs/Cannabis/Weed,1000 Grams Good Kush Shake [Purity Tested],We are back on NightMarket offering our verified 1000 Grams Good Kush Shake. Guaranteed lab tested quality and stealth packaging. Contact via PGP for bulk orders.,1.453976 BTC,Canada,world wide,5.00/5,
medicineman420,Drugs/Cannabis/Weed,Quarter Pound(112 grams) AAA Master Kush [24/7 Auto Dispatch],"Welcome to our official NightMarket shop! Quarter Pound(112 grams) AAA Master Kush ready for instant dispatch. Double vacuum sealed, professional MBB stealth. 99% delivery rate across World wide.",1.021026 BTC,Canada,World wide,5.00/5,
medicineman420,Drugs/Cannabis/Weed,200 Grams Good Kush Shake,"Welcome to our official NightMarket shop! 200 Grams Good Kush Shake ready for instant dispatch. Double vacuum sealed, professional MBB stealth. 99% delivery rate across world wide.",0.422599 BTC,Canada,world wide,4.89/5,
medicineman420,Drugs/Cannabis/Weed,500 Grams Good Kush Shake,We are back on NightMarket offering our verified 500 Grams Good Kush Shake. Guaranteed top tier quality and stealth packaging. Contact via PGP for bulk orders.,0.927901 BTC,Canada,Worldwide,4.74/5,
medicineman420,Drugs/Cannabis/Weed,350 Grams Good Kush Shake [Worldwide Stealth],High purity 350 Grams Good Kush Shake at competitive market prices. Fully tested batch. Customer satisfaction is our top priority.,0.698230 BTC,Canada,world wide,4.98/5,
medicineman420,Drugs/Cannabis/Weed,300 Grams Great Kush Shake,High purity 300 Grams Great Kush Shake at competitive market prices. Fully tested batch. Customer satisfaction is our top priority.,0.443045 BTC,Canada,world wide,4.92/5,
medicineman420,Drugs/Cannabis/Weed,High Quality 750 Grams Good Kush Shake [Original Batch],"Welcome to our official NightMarket shop! 750 Grams Good Kush Shake ready for instant dispatch. Double vacuum sealed, professional MBB stealth. 99% delivery rate across world wide.",1.274148 BTC,Canada,world wide,4.87/5,
medicineman420,Drugs/Cannabis/Hash,Bubble Hash (53 grams),High purity Bubble Hash (53 grams) at competitive market prices. Fully tested batch. Customer satisfaction is our top priority.,0.513481 BTC,Canada,Worldwide,4.90/5,
medicineman420,Drugs/Cannabis/Weed,1 OZ(28 grams) AAA Purple Kush FULL ESCROW,1 OZ(28 grams) AAA Purple Kush FULL ESCROW available now. All orders dispatched within 24 hours of payment confirmation. Domestic and international stealth available.,0.411066 BTC,Canada,World wide,4.99/5,
medicineman420,Drugs/Cannabis/Weed,Premium Half Pound(224 grams) FULL ESCROW Listing AAA Purple Kush,"Welcome to our official NightMarket shop! Half Pound(224 grams) FULL ESCROW Listing AAA Purple Kush ready for instant dispatch. Double vacuum sealed, professional MBB stealth. 99% delivery rate across World wide.",2.421188 BTC,Canada,World wide,4.95/5,
medicineman420,Drugs/Cannabis/Weed,250 Grams Good Kush Shake,"Premium 250 Grams Good Kush Shake sourced directly from verified labs. Fast, reliable service. Please include your PGP encrypted address when ordering.",0.424726 BTC,Canada,world wide,5.00/5,
medicineman420,Drugs/Cannabis/Weed,500 Grams Great Kush Shake,500 Grams Great Kush Shake available now. All orders dispatched within 24 hours of payment confirmation. Domestic and international stealth available.,0.840596 BTC,Canada,Worldwide,4.86/5,
medicineman420,Drugs/Cannabis/Weed,400 Grams Good Kush Shake [Purity Tested],400 Grams Good Kush Shake available now. All orders dispatched within 24 hours of payment confirmation. Domestic and international stealth available.,0.662283 BTC,Canada,Worldwide,5.00/5,
medicineman420,Drugs/Cannabis/Weed,Verified 300 Grams Good Kush Shake [Purity Tested],300 Grams Good Kush Shake available now. All orders dispatched within 24 hours of payment confirmation. Domestic and international stealth available.,0.518679 BTC,Canada,world wide,5.00/5,
medicineman420,Drugs/Cannabis/Weed,Full Pound(448 grams) FULL ESCROW Listing AAA Purple Kush,"Welcome to our official NightMarket shop! Full Pound(448 grams) FULL ESCROW Listing AAA Purple Kush ready for instant dispatch. Double vacuum sealed, professional MBB stealth. 99% delivery rate across World wide.",4.417094 BTC,Canada,World wide,4.84/5,
medicineman420,Drugs/Cannabis/Weed,400 Grams Great Kush Shake,We are back on NightMarket offering our verified 400 Grams Great Kush Shake. Guaranteed premium quality and stealth packaging. Contact via PGP for bulk orders.,0.516713 BTC,Canada,Worldwide,4.71/5,
EZT_est,Drugs/Ecstasy/Pills,Premium Test your X- Marquis Reagent 5ml Bottle EZ Test for MDMA +25 others [Purity Tested],We are back on NightMarket offering our verified Test your X- Marquis Reagent 5ml Bottle EZ Test for MDMA +25 others. Guaranteed lab tested quality and stealth packaging. Contact via PGP for bulk orders.,0.117365 BTC,USA,Worldwide,5.00/5,
EZT_est,Drugs/Cannabis/Weed,Snoop Dogg Double G Vape Pen- Vaporizer [Worldwide Stealth],High purity Snoop Dogg Double G Vape Pen- Vaporizer at competitive market prices. Fully tested batch. Customer satisfaction is our top priority.,0.174524 BTC,USA,Worldwide,4.89/5,
EZT_est,Drugs/Stimulants/Cocaine,EZ Test for Cocaine Identification,High purity EZ Test for Cocaine Identification at competitive market prices. Fully tested batch. Customer satisfaction is our top priority.,0.049725 BTC,USA,USA and Canada,4.77/5,
EZT_est,Drugs/Ecstasy/MDMA,HQ Marquis Reagent 3ml Bottle EZ Test for MDMA 25+ tests [Escrow Ready],High purity Marquis Reagent 3ml Bottle EZ Test for MDMA 25+ tests at competitive market prices. Fully tested batch. Customer satisfaction is our top priority.,0.078179 BTC,USA,Worldwide,4.98/5,
EZT_est,Drugs/Prescription,Premium Copy of EZ Test for CIALIS - is your Gear Real [24/7 Auto Dispatch],"Welcome to our official NightMarket shop! Copy of EZ Test for CIALIS - is your Gear Real ready for instant dispatch. Double vacuum sealed, professional MBB stealth. 99% delivery rate across worldwide.",0.080255 BTC,USA,Worldwide,4.89/5,
EZT_est,Drugs/Psychedelics/LSD,100% Pure EZ Test for LSD [24/7 Auto Dispatch],"Welcome to our official NightMarket shop! EZ Test for LSD ready for instant dispatch. Double vacuum sealed, professional MBB stealth. 99% delivery rate across worldwide.",0.049890 BTC,USA,Worldwide,4.74/5,
EZT_est,Drugs/Opioids,EZ Test for Heroin Purity,"Premium EZ Test for Heroin Purity sourced directly from verified labs. Fast, reliable service. Please include your PGP encrypted address when ordering.",0.070113 BTC,USA,Worldwide,4.75/5,
FreshTouchAU,Drugs/Cannabis/Weed,10g Trainwreck AAAA,10g Trainwreck AAAA available now. All orders dispatched within 24 hours of payment confirmation. Domestic and international stealth available.,0.680018 BTC,EU,EU,4.79/5,
FreshTouchAU,Drugs/Cannabis/Weed,100% Pure 10g Sour Diesel AAAA,"Premium 10g Sour Diesel AAAA sourced directly from verified labs. Fast, reliable service. Please include your PGP encrypted address when ordering.",0.756966 BTC,EU,EU,4.95/5,
FreshTouchAU,Drugs/Cannabis/Hash,5gr Charas Malana Cream [Tracked],"Premium 5gr Charas Malana Cream sourced directly from verified labs. Fast, reliable service. Please include your PGP encrypted address when ordering.",0.179717 BTC,EU,Worldwide,5.00/5,
FreshTouchAU,Drugs/Psychedelics/LSD,5x Albert Hoffmann LSD tabs [Purity Tested],"Premium 5x Albert Hoffmann LSD tabs sourced directly from verified labs. Fast, reliable service. Please include your PGP encrypted address when ordering.",0.083348 BTC,EU,World Except USA,4.80/5,
FreshTouchAU,Drugs/Cannabis/Weed,5g THC Bomb AAAA [Original Batch],5g THC Bomb AAAA available now. All orders dispatched within 24 hours of payment confirmation. Domestic and international stealth available.,0.362627 BTC,EU,EU,4.77/5,
FreshTouchAU,Drugs/Cannabis/Weed,Custom 5g Pineapple Skunk AAAA,5g Pineapple Skunk AAAA available now. All orders dispatched within 24 hours of payment confirmation. Domestic and international stealth available.,0.416668 BTC,EU,EU,4.87/5,
FreshTouchAU,Drugs/Cannabis/Weed,Exclusive 10g Pineapple Skunk AAAA,10g Pineapple Skunk AAAA available now. All orders dispatched within 24 hours of payment confirmation. Domestic and international stealth available.,0.621389 BTC,EU,EU,4.71/5,
FreshTouchAU,Drugs/Cannabis/Seeds,Delicious Seeds Quality Seeds,"Welcome to our official NightMarket shop! Delicious Seeds Quality Seeds ready for instant dispatch. Double vacuum sealed, professional MBB stealth. 99% delivery rate across World except USA.",0.049263 BTC,EU,World except USA,5.00/5,
FreshTouchAU,Drugs/Cannabis/Weed,10g THC Bomb AAAA [Purity Tested],"Welcome to our official NightMarket shop! 10g THC Bomb AAAA ready for instant dispatch. Double vacuum sealed, professional MBB stealth. 99% delivery rate across EU.",0.586271 BTC,EU,EU,4.87/5,
FreshTouchAU,Drugs/Cannabis/Weed,2g Silver LA AAAA,2g Silver LA AAAA available now. All orders dispatched within 24 hours of payment confirmation. Domestic and international stealth available.,0.149994 BTC,EU,EU,5.00/5,
FreshTouchAU,Drugs/Cannabis/Weed,Verified 2g Pineapple Skunk AAAA,We are back on NightMarket offering our verified 2g Pineapple Skunk AAAA. Guaranteed high grade quality and stealth packaging. Contact via PGP for bulk orders.,0.171853 BTC,EU,EU,4.88/5,
FreshTouchAU,Drugs/Cannabis/Weed,5g Blue Dream AAAA [Escrow Ready],We are back on NightMarket offering our verified 5g Blue Dream AAAA. Guaranteed premium quality and stealth packaging. Contact via PGP for bulk orders.,0.405180 BTC,EU,EU,4.86/5,
FreshTouchAU,Drugs/Cannabis/Weed,Ultra Clean 5g Sour Kush AAAA,"Premium 5g Sour Kush AAAA sourced directly from verified labs. Fast, reliable service. Please include your PGP encrypted address when ordering.",0.341046 BTC,EU,EU,5.00/5,
FreshTouchAU,Drugs/Cannabis/Weed,2g Tangie AAAA,2g Tangie AAAA available now. All orders dispatched within 24 hours of payment confirmation. Domestic and international stealth available.,0.178461 BTC,EU,EU,4.72/5,
FreshTouchAU,Drugs/Cannabis/Seeds,Melting Pot Quality Seeds,Melting Pot Quality Seeds available now. All orders dispatched within 24 hours of payment confirmation. Domestic and international stealth available.,0.106076 BTC,EU,Worldwide,4.91/5,
Randy,Drugs/Ecstasy/MDMA,Ultra Clean 0.1 Gram of Randys MDMA With Escrow!,"Premium 0.1 Gram of Randys MDMA With Escrow! sourced directly from verified labs. Fast, reliable service. Please include your PGP encrypted address when ordering.",0.041581 BTC,Australia,Worldwide,4.93/5,
Randy,Drugs/Ecstasy/MDMA,HQ 100mg MDMA Caps [Original Batch],"Premium 100mg MDMA Caps sourced directly from verified labs. Fast, reliable service. Please include your PGP encrypted address when ordering.",0.045259 BTC,Australia,Worldwide,5.00/5,
Randy,Drugs/Ecstasy/MDMA,Ultra Clean 100mg MDMA Caps With Escrow,"Premium 100mg MDMA Caps With Escrow sourced directly from verified labs. Fast, reliable service. Please include your PGP encrypted address when ordering.",0.032278 BTC,Australia,Worldwide,4.86/5,
Randy,Drugs/Ecstasy/MDMA,Verified 5*100mg MDMA Caps,"Premium 5*100mg MDMA Caps sourced directly from verified labs. Fast, reliable service. Please include your PGP encrypted address when ordering.",0.208042 BTC,Australia,Worldwide,5.00/5,
Randy,Drugs/Ecstasy/MDMA,5g MDMA,5g MDMA available now. All orders dispatched within 24 hours of payment confirmation. Domestic and international stealth available.,1.752810 BTC,Australia,Worldwide,4.96/5,
Randy,Drugs/Ecstasy/MDMA,100mg MDMA Caps With Escrow Domestic Australia,High purity 100mg MDMA Caps With Escrow Domestic Australia at competitive market prices. Fully tested batch. Customer satisfaction is our top priority.,0.022435 BTC,Australia,Worldwide,5.00/5,
Randy,Drugs/Ecstasy/MDMA,1g MDMA,"Welcome to our official NightMarket shop! 1g MDMA ready for instant dispatch. Double vacuum sealed, professional MBB stealth. 99% delivery rate across worldwide.",0.395476 BTC,Australia,Worldwide,5.00/5,
Randy,Drugs/Ecstasy/MDMA,Premium 1 Gram MDMA With Escrow [Purity Tested],We are back on NightMarket offering our verified 1 Gram MDMA With Escrow. Guaranteed premium quality and stealth packaging. Contact via PGP for bulk orders.,0.399995 BTC,Australia,Worldwide,4.81/5,
Randy,Drugs/Ecstasy/MDMA,Premium 1 Gram MDMA With Escrow Domestic Australia,"Welcome to our official NightMarket shop! 1 Gram MDMA With Escrow Domestic Australia ready for instant dispatch. Double vacuum sealed, professional MBB stealth. 99% delivery rate across worldwide.",0.284559 BTC,Australia,Worldwide,4.98/5,
fakeasanything_196,Counterfeits/Money,$20 Sample Pack - 2 Notes [Worldwide Stealth],We are back on NightMarket offering our verified $20 Sample Pack - 2 Notes. Guaranteed top tier quality and stealth packaging. Contact via PGP for bulk orders.,0.030805 BTC,USA,USA,4.68/5,
fakeasanything_196,Counterfeits/Money,Exclusive 500 Counterfeit $20,"Welcome to our official NightMarket shop! 500 Counterfeit $20 ready for instant dispatch. Double vacuum sealed, professional MBB stealth. 99% delivery rate across USA.",6.303049 BTC,USA,USA,4.79/5,
fakeasanything_196,Counterfeits/Money,75 Counterfeit $20,High purity 75 Counterfeit $20 at competitive market prices. Fully tested batch. Customer satisfaction is our top priority.,1.040152 BTC,USA,USA,4.71/5,
fakeasanything_196,Counterfeits/Money,5 Counterfeit $20 [Purity Tested],"Premium 5 Counterfeit $20 sourced directly from verified labs. Fast, reliable service. Please include your PGP encrypted address when ordering.",0.073896 BTC,USA,Worldwide,4.90/5,
fakeasanything_196,Counterfeits/Money,Ultra Clean 50 Counterfeit $20,50 Counterfeit $20 available now. All orders dispatched within 24 hours of payment confirmation. Domestic and international stealth available.,0.828117 BTC,USA,USA,5.00/5,
fakeasanything_196,Counterfeits/Money,100 Counterfeit $20 [24/7 Auto Dispatch],"Welcome to our official NightMarket shop! 100 Counterfeit $20 ready for instant dispatch. Double vacuum sealed, professional MBB stealth. 99% delivery rate across USA.",1.557319 BTC,USA,USA,4.64/5,
fakeasanything_196,Counterfeits/Money,Sample Pack (2x $20),"Welcome to our official NightMarket shop! Sample Pack (2x $20) ready for instant dispatch. Double vacuum sealed, professional MBB stealth. 99% delivery rate across USA.",0.040145 BTC,USA,USA,4.70/5,
fakeasanything_196,Counterfeits/Money,Ultra Clean 2 Counterfeit $20 [Original Batch],We are back on NightMarket offering our verified 2 Counterfeit $20. Guaranteed top tier quality and stealth packaging. Contact via PGP for bulk orders.,0.048188 BTC,USA,USA,4.95/5,
AfghanApothecary,Drugs/Opioids,BUPRENORPHINE (0.2MG) 50 PILLS ONLY $20 BEST PRICE FOR GENERIC SUBUTEX,High purity BUPRENORPHINE (0.2MG) 50 PILLS ONLY $20 BEST PRICE FOR GENERIC SUBUTEX at competitive market prices. Fully tested batch. Customer satisfaction is our top priority.,0.052531 BTC,UK,EU,5.00/5,
AfghanApothecary,Drugs/Stimulants/Meth,1/2g 500mg 99% PURE SPEED BIKERS METH HCL 1/2G ONLY $25,"Welcome to our official NightMarket shop! 1/2g 500mg 99% PURE SPEED BIKERS METH HCL 1/2G ONLY $25 ready for instant dispatch. Double vacuum sealed, professional MBB stealth. 99% delivery rate across worldwide.",0.129567 BTC,UK,Worldwide,5.00/5,
AfghanApothecary,Drugs/Benzos,Premium 100mg ULTRA POTENT PURE ETIZOLAM POWDER...100% PURE KNOCKOUT FREE DELIVERY [Purity Tested],We are back on NightMarket offering our verified 100mg ULTRA POTENT PURE ETIZOLAM POWDER...100% PURE KNOCKOUT FREE DELIVERY. Guaranteed top tier quality and stealth packaging. Contact via PGP for bulk orders.,0.052636 BTC,UK,Worldwide,4.83/5,
AfghanApothecary,Drugs/Opioids,Ultra Clean 1/2 GRAM GOOD BROWN HEROIN,High purity 1/2 GRAM GOOD BROWN HEROIN at competitive market prices. Fully tested batch. Customer satisfaction is our top priority.,0.064475 BTC,USA,Worldwide,5.00/5,
AfghanApothecary,Drugs/Opioids,Premium 1 GRAM GOOD #3 AFGHAN BROWN HEROIN ONLY $125 FREE WW DELIVERY [Purity Tested],"Welcome to our official NightMarket shop! 1 GRAM GOOD #3 AFGHAN BROWN HEROIN ONLY $125  FREE WW DELIVERY ready for instant dispatch. Double vacuum sealed, professional MBB stealth. 99% delivery rate across worldwide.",0.124497 BTC,USA,Worldwide,4.83/5,
AfghanApothecary,Drugs/Stimulants/Speed,1 GRAM STRONG AMPHETAMINE SULPHATE,We are back on NightMarket offering our verified 1 GRAM STRONG AMPHETAMINE SULPHATE. Guaranteed lab tested quality and stealth packaging. Contact via PGP for bulk orders.,0.021537 BTC,UK,Worldwide,4.76/5,
AfghanApothecary,Services/Money,£50 ONLINE TESCO VOUCHERS ONLY £15 A GREAT PRICE LIMITED OFFER AMAZING DEAL,£50 ONLINE TESCO VOUCHERS  ONLY £15  A GREAT PRICE LIMITED OFFER AMAZING DEAL available now. All orders dispatched within 24 hours of payment confirmation. Domestic and international stealth available.,0.064827 BTC,USA,Worldwide,4.96/5,
AfghanApothecary,Drugs/Stimulants/Speed,GOOD STRONG AMPHETAMINE 3.5g FOR ONLY $30 AA'S NEW YEAR SALE,We are back on NightMarket offering our verified GOOD   STRONG AMPHETAMINE 3.5g  FOR ONLY $30 AA'S NEW YEAR SALE. Guaranteed high grade quality and stealth packaging. Contact via PGP for bulk orders.,0.041144 BTC,UK,WORLDWIDE,4.97/5,
AfghanApothecary,Drugs/Opioids/Heroin,Exclusive [NEW PRODUCT PROMO] ACETYL FENTANYL POWDER 99% PURE 100MG ONLY $55! [Tracked],"Welcome to our official NightMarket shop! [NEW PRODUCT PROMO] ACETYL FENTANYL POWDER 99% PURE 100MG ONLY $55! ready for instant dispatch. Double vacuum sealed, professional MBB stealth. 99% delivery rate across worldwide.",0.260966 BTC,UK,Worldwide,4.83/5,
AfghanApothecary,Drugs/Opioids,UK PRESCRIPTION 60MG MORPHINE SULPHATE ZOMORPH CAPSULES 2 (120MG) ONLY $40,UK PRESCRIPTION 60MG MORPHINE SULPHATE ZOMORPH  CAPSULES 2 (120MG) ONLY $40 available now. All orders dispatched within 24 hours of payment confirmation. Domestic and international stealth available.,0.075008 BTC,UK,WORLDWIDE,4.79/5,
AfghanApothecary,Drugs/Stimulants/Prescription,BENZEDREX INHALERS 250MG PROPYLEHEXEDRINE,We are back on NightMarket offering our verified BENZEDREX INHALERS 250MG PROPYLEHEXEDRINE. Guaranteed lab tested quality and stealth packaging. Contact via PGP for bulk orders.,0.078489 BTC,UK,Worldwide,4.97/5,
AfghanApothecary,Drugs/Opioids,0.25 AFGHAN #3 HEROIN FREE WORLDWIDE DELIVERY [Worldwide Stealth],We are back on NightMarket offering our verified 0.25 AFGHAN #3 HEROIN FREE WORLDWIDE DELIVERY. Guaranteed 99% quality and stealth packaging. Contact via PGP for bulk orders.,0.057537 BTC,UK,Worldwide,4.88/5,
AfghanApothecary,Drugs/Cannabis/Hash,HQ 1 GRAM OF FINEST CREAMY HASH DIRECT FROM NEPAL,"Premium 1 GRAM OF FINEST CREAMY HASH DIRECT FROM NEPAL sourced directly from verified labs. Fast, reliable service. Please include your PGP encrypted address when ordering.",0.022509 BTC,UK,Worldwide,5.00/5,
AfghanApothecary,Drugs/Stimulants/Meth,1G METHPROPLYHEXEDRINE STRONG METH TYPE PRODUCT GREAT PRICE FOR A GREAT RARE PRODUCT,"Premium 1G METHPROPLYHEXEDRINE STRONG METH TYPE PRODUCT GREAT PRICE FOR A GREAT RARE PRODUCT sourced directly from verified labs. Fast, reliable service. Please include your PGP encrypted address when ordering.",0.189247 BTC,UK,Worldwide,4.78/5,
AfghanApothecary,Drugs/Stimulants/Meth,High Quality HOMEBREW METH KIT 60mg OLD SCHOOL SUDAFED TABLETS EASY EXTRACT 24 PILLS SPECIAL INGREDIENTS INCLUDED,High purity HOMEBREW METH KIT 60mg OLD SCHOOL SUDAFED TABLETS EASY EXTRACT 24 PILLS SPECIAL INGREDIENTS INCLUDED at competitive market prices. Fully tested batch. Customer satisfaction is our top priority.,0.459089 BTC,UK,Worldwide,4.96/5,
AfghanApothecary,Drugs/Opioids,1/2 gram CHYNA WHITE SYNTHETIC #4 HEROIN REDUCED PRICE $50,"Welcome to our official NightMarket shop! 1/2 gram CHYNA WHITE SYNTHETIC #4 HEROIN REDUCED PRICE  $50 ready for instant dispatch. Double vacuum sealed, professional MBB stealth. 99% delivery rate across WORLDWIDE.",0.123427 BTC,UK,WORLDWIDE,4.93/5,
AfghanApothecary,Drugs/Opioids,Exclusive 0.2 GOOD BROWN #3 HEROIN,0.2 GOOD BROWN #3 HEROIN available now. All orders dispatched within 24 hours of payment confirmation. Domestic and international stealth available.,0.042214 BTC,UK,Worldwide,5.00/5,
AfghanApothecary,Drugs/Stimulants/Meth,HALF GRAM OF TOP QUALITY METHAMPHETAMINE ONLY $100,"Premium HALF GRAM OF TOP QUALITY METHAMPHETAMINE  ONLY $100 sourced directly from verified labs. Fast, reliable service. Please include your PGP encrypted address when ordering.",0.141942 BTC,USA,Worldwide,4.97/5,
AfghanApothecary,Drugs/Stimulants/Meth,1G 'BENZEDREXMETH' STRONG ICE/SPEED PROPLYHEXEDRINE BASED,1G 'BENZEDREXMETH' STRONG ICE/SPEED PROPLYHEXEDRINE BASED available now. All orders dispatched within 24 hours of payment confirmation. Domestic and international stealth available.,0.168704 BTC,UK,Worldwide,4.99/5,
AfghanApothecary,Drugs/Stimulants/Speed,3.5g SUPER STRONG SPEED HIGH PURITY AMPHETAMINE,"Premium 3.5g SUPER STRONG SPEED HIGH PURITY AMPHETAMINE sourced directly from verified labs. Fast, reliable service. Please include your PGP encrypted address when ordering.",0.079262 BTC,EU,Worldwide,4.86/5,
AfghanApothecary,Drugs/Opioids,GENERIC SUBUTEX...0.2MG...2O PILLS ONLY $10 [Fast Shipping],"Premium GENERIC SUBUTEX...0.2MG...2O PILLS ONLY $10 sourced directly from verified labs. Fast, reliable service. Please include your PGP encrypted address when ordering.",0.015870 BTC,UK,Worldwide,4.94/5,
AfghanApothecary,Drugs/Cannabis/Weed,100% Pure A FAT REEFER OF SOME STINK OUT HYDRO GREEN [Tracked],A  FAT REEFER OF SOME STINK OUT HYDRO GREEN available now. All orders dispatched within 24 hours of payment confirmation. Domestic and international stealth available.,0.061233 BTC,UK,Worldwide,4.93/5,
wakeside917-76,Data/Pirated,Gianna Michaels Collection (72GB),"Welcome to our official NightMarket shop! Gianna Michaels Collection (72GB) ready for instant dispatch. Double vacuum sealed, professional MBB stealth. 99% delivery rate across worldwide.",0.037193 BTC,USA,Worldwide,5.00/5,
wakeside917-76,Data/Pirated,Ableton Live 9 Suite 9.0.6 (MAC or PC),Ableton Live 9 Suite 9.0.6 (MAC or PC) available now. All orders dispatched within 24 hours of payment confirmation. Domestic and international stealth available.,0.016629 BTC,USA,Worldwide,5.00/5,
wakeside917-76,Data/Pirated,Ashlynn Brooke Collection (41GB),"Welcome to our official NightMarket shop! Ashlynn Brooke Collection (41GB) ready for instant dispatch. Double vacuum sealed, professional MBB stealth. 99% delivery rate across worldwide.",0.027482 BTC,USA,Worldwide,5.00/5,
wakeside917-76,Data/Pirated,Autocad 2014 (MAC or PC),"Welcome to our official NightMarket shop! Autocad 2014 (MAC or PC) ready for instant dispatch. Double vacuum sealed, professional MBB stealth. 99% delivery rate across worldwide.",0.017391 BTC,USA,Worldwide,5.00/5,
wakeside917-76,Data/Pirated,BioShock Infinite (PC),BioShock Infinite (PC) available now. All orders dispatched within 24 hours of payment confirmation. Domestic and international stealth available.,0.016159 BTC,USA,Worldwide,5.00/5,
wakeside917-76,Data/Pirated,Arrested Development Seasons 1-4 (AVI),Arrested Development Seasons 1-4 (AVI) available now. All orders dispatched within 24 hours of payment confirmation. Domestic and international stealth available.,0.065747 BTC,USA,Worldwide,4.78/5,
QualityWeed,Drugs/Cannabis/Hash,Hash 50g (AAA) [Tracked],"Premium Hash 50g (AAA) sourced directly from verified labs. Fast, reliable service. Please include your PGP encrypted address when ordering.",1.225701 BTC,Netherlands,EU,5.00/5,
QualityWeed,Drugs/Cannabis/Weed,Verified Amnesia Haze 1kg (AA) [Purity Tested],We are back on NightMarket offering our verified Amnesia Haze 1kg (AA). Guaranteed high grade quality and stealth packaging. Contact via PGP for bulk orders.,25.702617 BTC,Netherlands,EU,5.00/5,
QualityWeed,Drugs/Cannabis/Weed,PP Power Plant 10g (AAA+) [Purity Tested],"Premium PP Power Plant 10g (AAA+) sourced directly from verified labs. Fast, reliable service. Please include your PGP encrypted address when ordering.",0.415256 BTC,Netherlands,EU,5.00/5,
QualityWeed,Drugs/Cannabis/Weed,Amnesia Haze 10g (AAA) [Tracked],"Premium Amnesia Haze 10g (AAA) sourced directly from verified labs. Fast, reliable service. Please include your PGP encrypted address when ordering.",0.249301 BTC,Netherlands,EU,5.00/5,
QualityWeed,Drugs/Cannabis/Weed,Amnesia Haze 50g (AAA+),We are back on NightMarket offering our verified Amnesia Haze 50g (AAA+). Guaranteed high grade quality and stealth packaging. Contact via PGP for bulk orders.,1.560887 BTC,Netherlands,EU,4.79/5,
QualityWeed,Drugs/Cannabis/Weed,Verified Greenhouse Power Plant 10g [Worldwide Stealth],High purity Greenhouse Power Plant 10g at competitive market prices. Fully tested batch. Customer satisfaction is our top priority.,0.167838 BTC,Netherlands,EU,5.00/5,
QualityWeed,Drugs/Cannabis/Weed,PP Power Plant 50g (AAA) [Original Batch],"Premium PP Power Plant 50g (AAA) sourced directly from verified labs. Fast, reliable service. Please include your PGP encrypted address when ordering.",1.104469 BTC,Netherlands,EU,4.84/5,
QualityWeed,Drugs/Cannabis/Weed,Power Plant 10g (AAA),"Welcome to our official NightMarket shop! Power Plant 10g (AAA) ready for instant dispatch. Double vacuum sealed, professional MBB stealth. 99% delivery rate across EU.",0.305205 BTC,Netherlands,EU,4.98/5,
QualityWeed,Drugs/Cannabis/Weed,Amnesia Haze 10g (AAA+),"Premium Amnesia Haze 10g (AAA+) sourced directly from verified labs. Fast, reliable service. Please include your PGP encrypted address when ordering.",0.362845 BTC,Netherlands,EU,4.95/5,
QualityWeed,Drugs/Cannabis/Weed,High Quality Power Plant greenhouse 1kg,High purity Power Plant greenhouse 1kg at competitive market prices. Fully tested batch. Customer satisfaction is our top priority.,14.945029 BTC,Netherlands,EU,5.00/5,
QualityWeed,Drugs/Cannabis/Weed,Amnesia Haze 1g (AAA) [Worldwide Stealth],High purity Amnesia Haze 1g (AAA) at competitive market prices. Fully tested batch. Customer satisfaction is our top priority.,0.040769 BTC,Netherlands,EU,4.87/5,
QualityWeed,Drugs/Cannabis/Weed,100% Pure NLX 10g (AAA+) [Worldwide Stealth],NLX 10g (AAA+) available now. All orders dispatched within 24 hours of payment confirmation. Domestic and international stealth available.,0.455115 BTC,Netherlands,EU,5.00/5,
QualityWeed,Drugs/Cannabis/Hash,Verified Hash 10g (AAA) [Original Batch],Hash 10g (AAA) available now. All orders dispatched within 24 hours of payment confirmation. Domestic and international stealth available.,0.253991 BTC,Netherlands,EU,4.91/5,
QualityWeed,Drugs/Cannabis/Weed,Ultra Clean Power Plant small buds (A) [Worldwide Stealth],Power Plant small buds (A) available now. All orders dispatched within 24 hours of payment confirmation. Domestic and international stealth available.,0.138987 BTC,Netherlands,Worldwide,4.83/5,
QualityWeed,Drugs/Cannabis/Weed,Exclusive Power Plant 10g small buds (A) [Fast Shipping],High purity Power Plant 10g small buds (A) at competitive market prices. Fully tested batch. Customer satisfaction is our top priority.,0.098935 BTC,Netherlands,Worldwide,5.00/5,
QualityWeed,Drugs/Cannabis/Weed,Amnesia Haze 10g (AA),High purity Amnesia Haze 10g (AA) at competitive market prices. Fully tested batch. Customer satisfaction is our top priority.,0.358219 BTC,Netherlands,EU,4.87/5,
QualityWeed,Drugs/Cannabis/Weed,Direct Source Amnesia Haze 10g (AAA+) ***ON SALE*** [Original Batch],"Welcome to our official NightMarket shop! Amnesia Haze 10g (AAA+) ***ON SALE*** ready for instant dispatch. Double vacuum sealed, professional MBB stealth. 99% delivery rate across EU.",0.224898 BTC,Netherlands,EU,4.87/5,
QualityWeed,Drugs/Cannabis/Weed,Exclusive Power Plant 50g (AAA) [Worldwide Stealth],"Welcome to our official NightMarket shop! Power Plant 50g (AAA) ready for instant dispatch. Double vacuum sealed, professional MBB stealth. 99% delivery rate across EU.",1.008118 BTC,Netherlands,EU,5.00/5,
drk_eggfriedreec,Drugs/Ecstasy/Pills,mits x5 185mg pills,We are back on NightMarket offering our verified mits x5 185mg pills. Guaranteed top tier quality and stealth packaging. Contact via PGP for bulk orders.,0.132099 BTC,UK,Worldwide,4.75/5,
drk_eggfriedreec,Drugs/Ecstasy/Pills,100% Pure 185mg FB likes mdma pills x5,We are back on NightMarket offering our verified 185mg FB likes mdma pills x5. Guaranteed top tier quality and stealth packaging. Contact via PGP for bulk orders.,0.113340 BTC,UK,Worldwide,4.94/5,
drk_eggfriedreec,Drugs/Ecstasy/MDMA,mdma 1g 87%pure [Purity Tested],"Premium mdma 1g 87%pure sourced directly from verified labs. Fast, reliable service. Please include your PGP encrypted address when ordering.",0.148946 BTC,UK,Worldwide,4.81/5,
drk_eggfriedreec,Drugs/Ecstasy/MDMA,mdma 7g 87% pure,We are back on NightMarket offering our verified mdma 7g 87% pure. Guaranteed lab tested quality and stealth packaging. Contact via PGP for bulk orders.,0.746534 BTC,UK,Worldwide,4.88/5,
drk_eggfriedreec,Drugs/Cannabis/Hash,28g hash very nice clean [Tracked],"Premium 28g hash very nice clean sourced directly from verified labs. Fast, reliable service. Please include your PGP encrypted address when ordering.",0.901127 BTC,UK,Worldwide,4.98/5,
drk_eggfriedreec,Drugs/Psychedelics/DMT,DMT 500mg 98%pure,"Premium DMT 500mg 98%pure sourced directly from verified labs. Fast, reliable service. Please include your PGP encrypted address when ordering.",0.140843 BTC,UK,Worldwide,4.94/5,
drk_eggfriedreec,Drugs/Cannabis/Hash,1g hash very high grade,"Welcome to our official NightMarket shop! 1g hash very high grade ready for instant dispatch. Double vacuum sealed, professional MBB stealth. 99% delivery rate across worldwide.",0.045225 BTC,UK,Worldwide,4.99/5,
drk_eggfriedreec,Drugs/Psychedelics/DMT,Ultra Clean DMT 250mg 98% pure [24/7 Auto Dispatch],"Welcome to our official NightMarket shop! DMT 250mg 98% pure ready for instant dispatch. Double vacuum sealed, professional MBB stealth. 99% delivery rate across worldwide.",0.089932 BTC,UK,Worldwide,4.78/5,
drk_eggfriedreec,Drugs/Ecstasy/MDMA,mdma 3.5g 87% purity,High purity mdma 3.5g  87% purity at competitive market prices. Fully tested batch. Customer satisfaction is our top priority.,0.396222 BTC,UK,Worldwide,4.86/5,
drk_eggfriedreec,Drugs/Ecstasy/Pills,Top Grade 10x mits 185mg pills,"Premium 10x mits 185mg pills sourced directly from verified labs. Fast, reliable service. Please include your PGP encrypted address when ordering.",0.241134 BTC,UK,Worldwide,4.82/5,
TheBud_Father,Drugs/Cannabis/Weed,100% Pure Northern Lights - Top Shelf - 28g [Fast Shipping],Northern Lights - Top Shelf - 28g available now. All orders dispatched within 24 hours of payment confirmation. Domestic and international stealth available.,0.602188 BTC,USA,USA,4.87/5,
TheBud_Father,Drugs/Cannabis/Weed,God Bud - Top Shelf - 56g [Worldwide Stealth],"Welcome to our official NightMarket shop! God Bud - Top Shelf - 56g ready for instant dispatch. Double vacuum sealed, professional MBB stealth. 99% delivery rate across USA.",1.260000 BTC,USA,USA,4.93/5,
TheBud_Father,Drugs/Cannabis/Weed,Narkush - Top Shelf - 28g ***Sale*** By TheBudFather [Purity Tested],We are back on NightMarket offering our verified Narkush - Top Shelf - 28g ***Sale*** By TheBudFather. Guaranteed top tier quality and stealth packaging. Contact via PGP for bulk orders.,0.438623 BTC,USA,USA,5.00/5,
TheBud_Father,Drugs/Cannabis/Weed,Trim/Mulch - 56g,High purity Trim/Mulch - 56g at competitive market prices. Fully tested batch. Customer satisfaction is our top priority.,0.351887 BTC,USA,USA,5.00/5,
TheBud_Father,Drugs/Cannabis/Weed,Verified NYC Diesel - Top Shelf - 28g [Purity Tested],NYC Diesel - Top Shelf - 28g available now. All orders dispatched within 24 hours of payment confirmation. Domestic and international stealth available.,1.205200 BTC,USA,USA,4.85/5,
TheBud_Father,Drugs/Cannabis/Weed,NYC Diesel - Top Shelf - 14g,We are back on NightMarket offering our verified NYC Diesel - Top Shelf - 14g. Guaranteed premium quality and stealth packaging. Contact via PGP for bulk orders.,0.582444 BTC,USA,USA,4.91/5,
TheBud_Father,Drugs/Cannabis/Weed,*** SALE *** Herijuana - Top Shelf - 28g [Tracked],We are back on NightMarket offering our verified *** SALE *** Herijuana - Top Shelf - 28g. Guaranteed lab tested quality and stealth packaging. Contact via PGP for bulk orders.,1.028616 BTC,USA,USA,5.00/5,
TheBud_Father,Drugs/Cannabis/Weed,Indica Small Bud & Shake Mix - Top Shelf - 28g *** 420 Sale ***,"Welcome to our official NightMarket shop! Indica Small Bud & Shake Mix - Top Shelf - 28g *** 420 Sale *** ready for instant dispatch. Double vacuum sealed, professional MBB stealth. 99% delivery rate across USA.",0.291979 BTC,USA,USA,5.00/5,
TheBud_Father,Drugs/Cannabis/Weed,Custom Pineapple Express - Top Shelf - 7g [Tracked],High purity Pineapple Express - Top Shelf - 7g at competitive market prices. Fully tested batch. Customer satisfaction is our top priority.,0.234871 BTC,USA,USA,4.80/5,
TheBud_Father,Drugs/Cannabis/Weed,Top Grade *** SALE *** Nordle (High CBD) - Top Shelf - 14g,High purity *** SALE *** Nordle (High CBD) - Top Shelf - 14g at competitive market prices. Fully tested batch. Customer satisfaction is our top priority.,0.497905 BTC,USA,USA,4.97/5,
TheBud_Father,Drugs/Cannabis/Weed,Cali Orange - Top Shelf - 7g,"Welcome to our official NightMarket shop! Cali Orange - Top Shelf - 7g ready for instant dispatch. Double vacuum sealed, professional MBB stealth. 99% delivery rate across USA.",0.294888 BTC,USA,USA,4.87/5,
TheBud_Father,Drugs/Cannabis/Weed,Herijuana - Top Shelf Small Bud - 23g [Original Batch],"Premium Herijuana - Top Shelf Small Bud - 23g sourced directly from verified labs. Fast, reliable service. Please include your PGP encrypted address when ordering.",0.474755 BTC,USA,USA,4.87/5,
TheBud_Father,Drugs/Cannabis/Weed,God Bud - Top Shelf - 7g,High purity God Bud - Top Shelf - 7g at competitive market prices. Fully tested batch. Customer satisfaction is our top priority.,0.363954 BTC,USA,USA,4.98/5,
TheBud_Father,Drugs/Cannabis/Weed,High Quality *** SALE *** God Bud - Top Shelf - 28g,*** SALE *** God Bud - Top Shelf - 28g available now. All orders dispatched within 24 hours of payment confirmation. Domestic and international stealth available.,0.902344 BTC,USA,USA,4.96/5,
TheBud_Father,Drugs/Cannabis/Weed,Sour Diesel - Top Shelf - 14g,"Premium Sour Diesel - Top Shelf - 14g sourced directly from verified labs. Fast, reliable service. Please include your PGP encrypted address when ordering.",0.423239 BTC,USA,USA,4.95/5,
TheBud_Father,Drugs/Cannabis/Weed,Hindu Kush - Top Shelf - 28g,Hindu Kush - Top Shelf - 28g available now. All orders dispatched within 24 hours of payment confirmation. Domestic and international stealth available.,0.662262 BTC,USA,USA,4.92/5,
TheBud_Father,Drugs/Cannabis/Weed,Pineapple Express - Top Shelf - 14g,"Premium Pineapple Express - Top Shelf - 14g sourced directly from verified labs. Fast, reliable service. Please include your PGP encrypted address when ordering.",0.499941 BTC,USA,USA,4.96/5,
TheBud_Father,Drugs/Cannabis/Weed,Northern Lights - Top Shelf - 14g ***Sale*** By TheBudFather [Escrow Ready],Northern Lights - Top Shelf - 14g ***Sale*** By TheBudFather available now. All orders dispatched within 24 hours of payment confirmation. Domestic and international stealth available.,0.215829 BTC,USA,USA,4.83/5,
TheBud_Father,Drugs/Cannabis/Weed,BUKU - Top Shelf - 28g [Escrow Ready],"Premium BUKU - Top Shelf - 28g sourced directly from verified labs. Fast, reliable service. Please include your PGP encrypted address when ordering.",0.502295 BTC,USA,USA,5.00/5,
aussiehe_rbalsmoke,Drugs/Cannabis/Synthetics,B Grade Original Herbal Incense 3g,"Premium B Grade Original Herbal Incense 3g sourced directly from verified labs. Fast, reliable service. Please include your PGP encrypted address when ordering.",0.047399 BTC,Australia,Worldwide,5.00/5,
aussiehe_rbalsmoke,Drugs/Cannabis/Synthetics,FUB-PB-22 Herbal Incense 4g [Worldwide Stealth],FUB-PB-22 Herbal Incense 4g available now. All orders dispatched within 24 hours of payment confirmation. Domestic and international stealth available.,0.082877 BTC,Australia,Australia,5.00/5,
aussiehe_rbalsmoke,Drugs/Cannabis/Synthetics,HQ FUB-AMB Original Herbal Incense 10g [24/7 Auto Dispatch],High purity FUB-AMB Original Herbal Incense 10g at competitive market prices. Fully tested batch. Customer satisfaction is our top priority.,0.301954 BTC,Australia,Australia,5.00/5,
aussiehe_rbalsmoke,Drugs/Cannabis/Synthetics,FUB-AMB Original Herbal Incense 25g [Purity Tested],We are back on NightMarket offering our verified FUB-AMB Original Herbal Incense 25g. Guaranteed top tier quality and stealth packaging. Contact via PGP for bulk orders.,0.839897 BTC,Australia,Australia,5.00/5,
aussiehe_rbalsmoke,Drugs/Cannabis/Synthetics,Top Grade FUB-AMB Original Herbal Incense 50g,"Premium FUB-AMB Original Herbal Incense 50g sourced directly from verified labs. Fast, reliable service. Please include your PGP encrypted address when ordering.",1.302898 BTC,Australia,Australia,4.90/5,
aussiehe_rbalsmoke,Drugs/Cannabis/Synthetics,FUB-AMB Original Herbal Incense 1g,High purity FUB-AMB Original Herbal Incense 1g at competitive market prices. Fully tested batch. Customer satisfaction is our top priority.,0.043498 BTC,Australia,Australia,5.00/5,
aussiehe_rbalsmoke,Electronics,TAILS Pre-installed Bootable USB Stick 8GB with Guide FREE POST [24/7 Auto Dispatch],"Welcome to our official NightMarket shop! TAILS Pre-installed Bootable USB Stick 8GB with Guide FREE POST ready for instant dispatch. Double vacuum sealed, professional MBB stealth. 99% delivery rate across worldwide.",0.095946 BTC,Australia,Worldwide,4.86/5,
ExpressHaze,Drugs/Ecstasy/MDMA,Verified 3g crystal MDMA 80% (FE Listing),High purity 3g crystal MDMA 80% (FE Listing) at competitive market prices. Fully tested batch. Customer satisfaction is our top priority.,0.286267 BTC,Germany,Worldwide,4.42/5,
ExpressHaze,Drugs/Prescription,Verified Morphin AL 30mg x 5 Stück,Morphin AL 30mg x 5 Stück available now. All orders dispatched within 24 hours of payment confirmation. Domestic and international stealth available.,0.156024 BTC,Germany,Worldwide,3.98/5,
ExpressHaze,Drugs/Cannabis/Weed,1g Fruity Thai,1g Fruity Thai available now. All orders dispatched within 24 hours of payment confirmation. Domestic and international stealth available.,0.031866 BTC,Germany,European Union,4.34/5,
ExpressHaze,Drugs/Cannabis/Weed,1g Homegrow,1g Homegrow available now. All orders dispatched within 24 hours of payment confirmation. Domestic and international stealth available.,0.038007 BTC,Germany,EU,4.02/5,
ExpressHaze,Drugs/Prescription,100% Pure Oxycodon-HCI 60mg x 10 stück [24/7 Auto Dispatch],High purity Oxycodon-HCI 60mg x 10 stück at competitive market prices. Fully tested batch. Customer satisfaction is our top priority.,0.791220 BTC,Germany,Worldwide,4.05/5,
ExpressHaze,Drugs/Cannabis/Hash,20g Pollum Hash (FE Listing),"Premium 20g Pollum Hash (FE Listing) sourced directly from verified labs. Fast, reliable service. Please include your PGP encrypted address when ordering.",0.306241 BTC,Germany,Worldwide,4.68/5,
ExpressHaze,Drugs/Cannabis/Weed,100% Pure 2g Homegrow [Escrow Ready],"Welcome to our official NightMarket shop! 2g Homegrow ready for instant dispatch. Double vacuum sealed, professional MBB stealth. 99% delivery rate across EU.",0.067570 BTC,Germany,EU,4.33/5,
ExpressHaze,Drugs/Cannabis/Hash,Ultra Clean 50g Pollum Hash mid quality (FE Listing),"Welcome to our official NightMarket shop! 50g Pollum Hash mid quality (FE Listing) ready for instant dispatch. Double vacuum sealed, professional MBB stealth. 99% delivery rate across worldwide.",0.587967 BTC,Germany,Worldwide,4.54/5,
ExpressHaze,Drugs/Cannabis/Weed,100% Pure 20g Fruity Thai,"Welcome to our official NightMarket shop! 20g Fruity Thai ready for instant dispatch. Double vacuum sealed, professional MBB stealth. 99% delivery rate across worldwide.",0.628103 BTC,Germany,Worldwide,4.27/5,
ExpressHaze,Drugs/Cannabis/Hash,High Quality 5g MARLBORO HASH (FE Listing),"Welcome to our official NightMarket shop! 5g MARLBORO HASH (FE Listing) ready for instant dispatch. Double vacuum sealed, professional MBB stealth. 99% delivery rate across worldwide.",0.083228 BTC,Germany,Worldwide,4.76/5,
ExpressHaze,Drugs/Prescription,Morphin AL 30mg x 2 Stück,"Premium Morphin AL 30mg x 2 Stück sourced directly from verified labs. Fast, reliable service. Please include your PGP encrypted address when ordering.",0.095176 BTC,Germany,Worldwide,4.25/5,
ExpressHaze,Drugs/Cannabis/Hash,High Quality 1g MARLBORO HASH,"Premium 1g MARLBORO HASH sourced directly from verified labs. Fast, reliable service. Please include your PGP encrypted address when ordering.",0.036207 BTC,Germany,Worldwide,4.11/5,
ExpressHaze,Drugs/Cannabis/Hash,Ultra Clean 50g Pollum Hash (FE Listing),"Welcome to our official NightMarket shop! 50g Pollum Hash (FE Listing) ready for instant dispatch. Double vacuum sealed, professional MBB stealth. 99% delivery rate across worldwide.",0.637624 BTC,Germany,Worldwide,4.64/5,
ExpressHaze,Drugs/Prescription,Oxycodon-HCI 20mg x 10 stück [Fast Shipping],High purity Oxycodon-HCI 20mg x 10 stück at competitive market prices. Fully tested batch. Customer satisfaction is our top priority.,0.233631 BTC,Germany,Worldwide,4.18/5,
ExpressHaze,Drugs/Cannabis/Weed,10 g Fruity Thai,High purity 10 g Fruity Thai at competitive market prices. Fully tested batch. Customer satisfaction is our top priority.,0.314955 BTC,Germany,Worldwide,4.03/5,
ExpressHaze,Drugs/Cannabis/Hash,1g Pollum Hash (FE Listing),We are back on NightMarket offering our verified 1g Pollum Hash (FE Listing). Guaranteed top tier quality and stealth packaging. Contact via PGP for bulk orders.,0.020789 BTC,Germany,Worldwide,4.47/5,
ExpressHaze,Drugs/Prescription,Oxycodon-HCI 60mg x 1 stück,High purity Oxycodon-HCI 60mg x 1 stück at competitive market prices. Fully tested batch. Customer satisfaction is our top priority.,0.123986 BTC,Germany,Worldwide,3.96/5,
ExpressHaze,Drugs/Cannabis/Hash,1g Pollum Hash,High purity 1g Pollum Hash at competitive market prices. Fully tested batch. Customer satisfaction is our top priority.,0.035398 BTC,Germany,Worldwide,4.21/5,
ExpressHaze,Drugs/Stimulants/Speed,10g Amphetamin Speed Paste (FE Listing),High purity 10g Amphetamin Speed Paste (FE Listing) at competitive market prices. Fully tested batch. Customer satisfaction is our top priority.,0.131208 BTC,Germany,Worldwide,5.00/5,
ExpressHaze,Drugs/Cannabis/Hash,5g Pollum Hash mid quality (FE Listing) [Original Batch],"Premium 5g Pollum Hash mid quality (FE Listing) sourced directly from verified labs. Fast, reliable service. Please include your PGP encrypted address when ordering.",0.082128 BTC,Germany,Worldwide,4.46/5,
mOodymayhem,Drugs/Cannabis/Weed,Custom 4 LB - 2LB Lemon Haze + 2 LB Williams Wonder,High purity Custom 4 LB - 2LB Lemon Haze + 2 LB Williams Wonder at competitive market prices. Fully tested batch. Customer satisfaction is our top priority.,13.250177 BTC,USA,Worldwide,4.75/5,
mOodymayhem,Drugs/Cannabis/Weed,100% Pure Berry Satelite 1 OZ (28.5 grams) || Medical Grade Greenhouse || Hand-Trimmed4 LB 114 grams,High purity Berry Satelite  1 OZ  (28.5 grams) || Medical Grade Greenhouse || Hand-Trimmed4 LB 114 grams at competitive market prices. Fully tested batch. Customer satisfaction is our top priority.,0.672058 BTC,USA,Worldwide,4.71/5,
mOodymayhem,Drugs/Cannabis/Weed,*FE SPECIAL* Grapefruit Kush 1 lb (454g) || Medical Grade Greenhouse || Hand-Trimmed,High purity *FE SPECIAL* Grapefruit Kush 1 lb (454g) || Medical Grade Greenhouse || Hand-Trimmed at competitive market prices. Fully tested batch. Customer satisfaction is our top priority.,5.988985 BTC,USA,USA,5.00/5,
mOodymayhem,Drugs/Cannabis/Weed,*FE PRICE* Grapefruit Kush 2 lb (907g) || Medical Grade Greenhouse || Hand-Trimmed,*FE PRICE* Grapefruit Kush 2 lb (907g) || Medical Grade Greenhouse || Hand-Trimmed available now. All orders dispatched within 24 hours of payment confirmation. Domestic and international stealth available.,8.377475 BTC,USA,USA,5.00/5,
maligan-595,Drugs/Benzos,Verified 30 x 1mg Frontin,30 x 1mg Frontin available now. All orders dispatched within 24 hours of payment confirmation. Domestic and international stealth available.,0.110911 BTC,EU,worldwide,5.00/5,
maligan-595,Drugs/Benzos,33 x 2mg Rivotril Introductory price !,"Welcome to our official NightMarket shop! 33 x 2mg Rivotril Introductory price ! ready for instant dispatch. Double vacuum sealed, professional MBB stealth. 99% delivery rate across worldwide.",0.053371 BTC,EU,worldwide,4.96/5,
maligan-595,Drugs/Benzos,30 x 1mg Frontin/ Alprazolam/ [Tracked],"Welcome to our official NightMarket shop! 30 x 1mg Frontin/ Alprazolam/ ready for instant dispatch. Double vacuum sealed, professional MBB stealth. 99% delivery rate across worldwide.",0.185823 BTC,EU,worldwide,5.00/5,
maligan-595,Drugs/Benzos,Direct Source 55 x 2mg Rivotril Introductory price !,We are back on NightMarket offering our verified 55 x 2mg Rivotril Introductory price !. Guaranteed top tier quality and stealth packaging. Contact via PGP for bulk orders.,0.086048 BTC,EU,worldwide,5.00/5,
maligan-595,Drugs/Benzos,Ultra Clean 20 % off !!! 80 x 0.5mg Frontin / Alprazolam /,We are back on NightMarket offering our verified 20 % off !!! 80 x 0.5mg Frontin / Alprazolam /. Guaranteed lab tested quality and stealth packaging. Contact via PGP for bulk orders.,0.187182 BTC,EU,Worldwide,5.00/5,
maligan-595,Drugs/Benzos,55 x 2mg Rivotril,"Welcome to our official NightMarket shop! 55 x 2mg Rivotril ready for instant dispatch. Double vacuum sealed, professional MBB stealth. 99% delivery rate across worldwide.",0.226230 BTC,EU,worldwide,5.00/5,
maligan-595,Drugs/Benzos,40 x 0.5mg Frontin,"Premium 40 x 0.5mg Frontin sourced directly from verified labs. Fast, reliable service. Please include your PGP encrypted address when ordering.",0.069559 BTC,EU,worldwide,5.00/5,
maligan-595,Drugs/Benzos,Exclusive 20 %off 60 x 1mg Frontin/ Alprazolam/,"Premium 20 %off 60 x 1mg Frontin/ Alprazolam/ sourced directly from verified labs. Fast, reliable service. Please include your PGP encrypted address when ordering.",0.239815 BTC,EU,Worldwide,5.00/5,
maligan-595,Drugs/Benzos,Rivotril 110 x 2mg [Escrow Ready],High purity Rivotril  110 x 2mg at competitive market prices. Fully tested batch. Customer satisfaction is our top priority.,0.451039 BTC,EU,Worldwide,5.00/5,
maligan-595,Drugs/Benzos,44 x 2mg Rivotril Introductory price ! [Tracked],44 x 2mg Rivotril Introductory price ! available now. All orders dispatched within 24 hours of payment confirmation. Domestic and international stealth available.,0.061559 BTC,EU,worldwide,5.00/5,
maligan-595,Drugs/Benzos,200 x 2mg Incredibly low priced Rivotril for regulars ! [Worldwide Stealth],High purity 200 x 2mg Incredibly low priced Rivotril for regulars ! at competitive market prices. Fully tested batch. Customer satisfaction is our top priority.,0.328681 BTC,EU,Worldwide,4.83/5,
maligan-595,Drugs/Benzos,44 x 2mg Rivotril [Escrow Ready],"Premium 44 x 2mg Rivotril sourced directly from verified labs. Fast, reliable service. Please include your PGP encrypted address when ordering.",0.177438 BTC,EU,worldwide,4.90/5,
maligan-595,Drugs/Benzos,30 x 1mg Frontin Introductory price ! [Worldwide Stealth],30 x 1mg Frontin Introductory price ! available now. All orders dispatched within 24 hours of payment confirmation. Domestic and international stealth available.,0.063310 BTC,EU,worldwide,5.00/5,
maligan-595,Drugs/Benzos,200 x 2mg Incredibly low priced Rivotril Xmas special! [Original Batch],"Welcome to our official NightMarket shop! 200 x 2mg Incredibly low priced Rivotril Xmas special! ready for instant dispatch. Double vacuum sealed, professional MBB stealth. 99% delivery rate across worldwide.",0.469748 BTC,EU,Worldwide,4.90/5,
maligan-595,Drugs/Benzos,66 x 2mg Rivotril,"Welcome to our official NightMarket shop! 66 x 2mg Rivotril ready for instant dispatch. Double vacuum sealed, professional MBB stealth. 99% delivery rate across worldwide.",0.326675 BTC,EU,worldwide,5.00/5,
maligan-595,Drugs/Benzos,100% Pure 66 x 2mg Rivotril Introductory price !,"Premium 66 x 2mg Rivotril Introductory price ! sourced directly from verified labs. Fast, reliable service. Please include your PGP encrypted address when ordering.",0.100361 BTC,EU,worldwide,4.94/5,
maligan-595,Drugs/Stimulants/Prescription,HQ HALF PRICE SPECIAL !!! 110 x 2 mg Rivotril /KLONOPIN/,"Premium HALF PRICE SPECIAL !!! 110  x 2 mg Rivotril /KLONOPIN/ sourced directly from verified labs. Fast, reliable service. Please include your PGP encrypted address when ordering.",0.244252 BTC,EU,Worldwide,5.00/5,
maligan-595,Drugs/Benzos,33 x 2mg Rivotril [Purity Tested],"Premium 33 x 2mg Rivotril sourced directly from verified labs. Fast, reliable service. Please include your PGP encrypted address when ordering.",0.149538 BTC,EU,worldwide,4.87/5,
maligan-595,Drugs/Benzos,22 x 2mg Rivotril [24/7 Auto Dispatch],"Premium 22 x 2mg Rivotril sourced directly from verified labs. Fast, reliable service. Please include your PGP encrypted address when ordering.",0.103225 BTC,EU,worldwide,4.86/5,
HolladnOnline,Drugs/Cannabis/Weed,Premium 10 gram Greenhouse Weed - [BEST DEAL],"Welcome to our official NightMarket shop! 10 gram Greenhouse Weed - [BEST DEAL] ready for instant dispatch. Double vacuum sealed, professional MBB stealth. 99% delivery rate across EU.",0.292952 BTC,Netherlands,EU,5.00/5,
HolladnOnline,Drugs/Ecstasy/Pills,50x Red Nintendo 200-220mg MDMA (New Domino),"Welcome to our official NightMarket shop! 50x Red Nintendo 200-220mg MDMA (New Domino) ready for instant dispatch. Double vacuum sealed, professional MBB stealth. 99% delivery rate across EU.",0.709342 BTC,Netherlands,EU,5.00/5,
HolladnOnline,Drugs/Ecstasy/Pills,Top Grade 100x Domino ( 200+ Mg Pure Mdma ) [Purity Tested],High purity 100x Domino ( 200+ Mg Pure Mdma ) at competitive market prices. Fully tested batch. Customer satisfaction is our top priority.,1.197281 BTC,Netherlands,EU,4.97/5,
HolladnOnline,Drugs/Ecstasy/Pills,50x Blue Android ( New Yellow Bitcoin ),"Welcome to our official NightMarket shop! 50x  Blue Android ( New Yellow Bitcoin ) ready for instant dispatch. Double vacuum sealed, professional MBB stealth. 99% delivery rate across EU.",0.489179 BTC,Netherlands,EU,5.00/5,
HolladnOnline,Drugs/Ecstasy/Pills,Top Grade 50x Yellow Bentley 105mg XTC pills [Fast Shipping],"Premium 50x Yellow Bentley 105mg XTC pills sourced directly from verified labs. Fast, reliable service. Please include your PGP encrypted address when ordering.",0.327235 BTC,Netherlands,EU,5.00/5,
HolladnOnline,Drugs/Ecstasy/Pills,100% Pure 10x YouTube 200mg MDMA (from the Domino presser),"Welcome to our official NightMarket shop! 10x YouTube 200mg MDMA (from the Domino presser) ready for instant dispatch. Double vacuum sealed, professional MBB stealth. 99% delivery rate across EU.",0.241720 BTC,Netherlands,EU,5.00/5,
HolladnOnline,Drugs/Ecstasy/Pills,Exclusive 500x Orange Wifi 200-220mg MDMA (New Blue Android) [Purity Tested],"Welcome to our official NightMarket shop! 500x  Orange Wifi 200-220mg MDMA (New Blue Android) ready for instant dispatch. Double vacuum sealed, professional MBB stealth. 99% delivery rate across EU.",2.949778 BTC,Netherlands,EU,4.93/5,
HolladnOnline,Drugs/Ecstasy/Pills,250x PlusMin 200-220mg MDMA (New Domino) [Worldwide Stealth],"Welcome to our official NightMarket shop! 250x PlusMin 200-220mg MDMA (New Domino) ready for instant dispatch. Double vacuum sealed, professional MBB stealth. 99% delivery rate across EU.",2.336708 BTC,Netherlands,EU,5.00/5,
HolladnOnline,Drugs/Ecstasy/Pills,100x YouTube 200mg MDMA (from the Domino presser),100x YouTube 200mg MDMA (from the Domino presser) available now. All orders dispatched within 24 hours of payment confirmation. Domestic and international stealth available.,1.152550 BTC,Netherlands,EU,4.94/5,
HolladnOnline,Drugs/Ecstasy/Pills,Exclusive 100x Dutch Budget XTC 135mg Pure mdma Y Logo ! [Purity Tested],"Welcome to our official NightMarket shop! 100x Dutch Budget XTC 135mg Pure mdma Y Logo ! ready for instant dispatch. Double vacuum sealed, professional MBB stealth. 99% delivery rate across EU.",0.406326 BTC,Netherlands,EU,5.00/5,
HolladnOnline,Drugs/Ecstasy/Pills,500x Green PartyFlock ( New Yellow Bullet ),"Welcome to our official NightMarket shop! 500x Green PartyFlock ( New Yellow Bullet ) ready for instant dispatch. Double vacuum sealed, professional MBB stealth. 99% delivery rate across EU.",4.114679 BTC,Netherlands,EU,4.91/5,
HolladnOnline,Drugs/Cannabis/Weed,250 gram High Grade Dutch Super Amnesia Haze,High purity 250 gram High Grade Dutch Super Amnesia Haze at competitive market prices. Fully tested batch. Customer satisfaction is our top priority.,6.336210 BTC,Netherlands,EU,4.81/5,
HolladnOnline,Drugs/Stimulants/Speed,25 gr Pure Uncut Premium Dutch TOP Quality PEP / SPEED Paste [Worldwide Stealth],25 gr Pure Uncut Premium Dutch TOP Quality PEP / SPEED Paste available now. All orders dispatched within 24 hours of payment confirmation. Domestic and international stealth available.,0.273751 BTC,Netherlands,EU,5.00/5,
HolladnOnline,Drugs/Ecstasy/Pills,HQ 500x Herbalife's 100mg Butget XTC from Holland. [Tracked],High purity 500x Herbalife's 100mg Butget XTC from Holland. at competitive market prices. Fully tested batch. Customer satisfaction is our top priority.,2.511933 BTC,Netherlands,EU,4.82/5,
Domo_Post,Drugs/Cannabis/Weed,2240G Premium Cannabis,"Premium 2240G Premium Cannabis sourced directly from verified labs. Fast, reliable service. Please include your PGP encrypted address when ordering.",17.709635 BTC,Canada,Worldwide,4.91/5,
Domo_Post,Drugs/Cannabis/Weed,100% Pure 224G Premium Cannabis,High purity 224G Premium Cannabis at competitive market prices. Fully tested batch. Customer satisfaction is our top priority.,2.732653 BTC,Canada,Worldwide,4.84/5,
Domo_Post,Drugs/Cannabis/Weed,112G Premium Cannabis (Escrow) [Worldwide Stealth],We are back on NightMarket offering our verified 112G Premium Cannabis (Escrow). Guaranteed 99% quality and stealth packaging. Contact via PGP for bulk orders.,1.281143 BTC,Canada,Worldwide,5.00/5,
Domo_Post,Drugs/Cannabis/Weed,113G Bubba Kush [Original Batch],"Premium 113G Bubba Kush sourced directly from verified labs. Fast, reliable service. Please include your PGP encrypted address when ordering.",0.833006 BTC,Canada,Worldwide,5.00/5,
Domo_Post,Drugs/Cannabis/Weed,448G Hi Grade Cannabis [Tracked],"Welcome to our official NightMarket shop! 448G Hi Grade Cannabis ready for instant dispatch. Double vacuum sealed, professional MBB stealth. 99% delivery rate across worldwide.",3.823197 BTC,Canada,Worldwide,4.92/5,
Domo_Post,Drugs/Cannabis/Weed,113G Choice Of AAA Cannabis,"Premium 113G Choice Of AAA Cannabis sourced directly from verified labs. Fast, reliable service. Please include your PGP encrypted address when ordering.",0.891543 BTC,Canada,Worldwide,5.00/5,
Domo_Post,Drugs/Cannabis/Weed,28G Choice of AAA Cannabis,"Welcome to our official NightMarket shop! 28G Choice of AAA Cannabis ready for instant dispatch. Double vacuum sealed, professional MBB stealth. 99% delivery rate across worldwide.",0.296674 BTC,Canada,Worldwide,4.85/5,
Domo_Post,Drugs/Cannabis/Weed,2240G Cannabis [24/7 Auto Dispatch],"Premium 2240G Cannabis sourced directly from verified labs. Fast, reliable service. Please include your PGP encrypted address when ordering.",21.123214 BTC,Canada,Worldwide,4.93/5,
Domo_Post,Drugs/Cannabis/Weed,HQ 224G Ace Of Spades (FE Only) Shipping June 16th,"Premium 224G Ace Of Spades (FE Only) Shipping June 16th sourced directly from verified labs. Fast, reliable service. Please include your PGP encrypted address when ordering.",1.731426 BTC,Canada,World (or Inquire Within),4.97/5,
Domo_Post,Drugs/Cannabis/Weed,Custom 452G (1 Pound) Bubba Kush *SOLD OUT*,"Welcome to our official NightMarket shop! 452G (1 Pound) Bubba Kush *SOLD OUT* ready for instant dispatch. Double vacuum sealed, professional MBB stealth. 99% delivery rate across worldwide.",2.373228 BTC,Canada,Worldwide,5.00/5,
Domo_Post,Drugs/Cannabis/Weed,448G Ace of Spades (FE Only) Shipping June 16th [Fast Shipping],We are back on NightMarket offering our verified 448G Ace of Spades (FE Only) Shipping June 16th. Guaranteed high grade quality and stealth packaging. Contact via PGP for bulk orders.,2.664741 BTC,Canada,World (or Inquire Within),4.90/5,
Domo_Post,Drugs/Cannabis/Weed,28G Ace Of Spades (Escrow Only NO Lotto) Shipping June 16th [Escrow Ready],"Welcome to our official NightMarket shop! 28G Ace Of Spades (Escrow Only NO Lotto) Shipping June 16th ready for instant dispatch. Double vacuum sealed, professional MBB stealth. 99% delivery rate across World (or Inquire Within).",0.262116 BTC,Canada,World (or Inquire Within),5.00/5,
Domo_Post,Drugs/Cannabis/Weed,Direct Source 452G (1 Pound) Bubba Kush,High purity 452G (1 Pound) Bubba Kush at competitive market prices. Fully tested batch. Customer satisfaction is our top priority.,2.318695 BTC,Canada,Worldwide,4.70/5,
Domo_Post,Drugs/Cannabis/Weed,28G OG Shark BONUS if FE! (Optional),"Premium 28G OG Shark BONUS if FE! (Optional) sourced directly from verified labs. Fast, reliable service. Please include your PGP encrypted address when ordering.",0.242081 BTC,Canada,UK/CA/USA,4.97/5,
Domo_Post,Drugs/Cannabis/Weed,Premium 896G Premium Cannabis,896G Premium Cannabis available now. All orders dispatched within 24 hours of payment confirmation. Domestic and international stealth available.,10.263430 BTC,Canada,Worldwide,5.00/5,
Domo_Post,Drugs/Cannabis/Weed,3360G Special,High purity 3360G Special at competitive market prices. Fully tested batch. Customer satisfaction is our top priority.,37.193191 BTC,USA,Worldwide,4.84/5,
Domo_Post,Drugs/Cannabis/Weed,224G Cannabis PRE ORDER SPECIAL,"Premium 224G Cannabis PRE ORDER SPECIAL sourced directly from verified labs. Fast, reliable service. Please include your PGP encrypted address when ordering.",2.093690 BTC,Canada,Worldwide,4.96/5,
Domo_Post,Drugs/Cannabis/Weed,Exclusive 28G OG Shark,We are back on NightMarket offering our verified 28G OG Shark. Guaranteed high grade quality and stealth packaging. Contact via PGP for bulk orders.,0.269116 BTC,Canada,UK/CA/USA,5.00/5,
boosie5150_2015,Drugs/Psychedelics/LSD,★ 75 LSD Tabs ★ 75 paper Tabs of ~150 ug LSD ★ FREE SHIPPING ★ [Tracked],"Premium ★ 75 LSD Tabs ★ 75 paper Tabs of ~150 ug LSD ★ FREE SHIPPING ★ sourced directly from verified labs. Fast, reliable service. Please include your PGP encrypted address when ordering.",1.214461 BTC,USA,Worldwide,4.98/5,
boosie5150_2015,Drugs/Cannabis/Concentrates,★ BHO 56 GRAMS ★ 56 grams of Blue Dream Wax ★ FREE PRIORITY SHIPPING ★ [Original Batch],"Premium ★ BHO 56 GRAMS ★  56 grams of Blue Dream Wax ★ FREE PRIORITY SHIPPING ★ sourced directly from verified labs. Fast, reliable service. Please include your PGP encrypted address when ordering.",2.645101 BTC,USA,USA Only!,5.00/5,
boosie5150_2015,Drugs/Opioids/Oxycodone,Verified 500 30mg Roxycodone Oxycodone IR,High purity 500 30mg Roxycodone Oxycodone IR at competitive market prices. Fully tested batch. Customer satisfaction is our top priority.,24.907314 BTC,USA,Worldwide,4.92/5,
boosie5150_2015,Drugs/Psychedelics/Mushrooms,| 448 Grams | 448 grams of potent Penis Envy Mushrooms | FREE PRIORITY SHIPPING |,| 448 Grams | 448 grams of potent Penis Envy Mushrooms | FREE PRIORITY SHIPPING | available now. All orders dispatched within 24 hours of payment confirmation. Domestic and international stealth available.,3.007574 BTC,USA,USA Only!,4.86/5,
boosie5150_2015,Drugs/Cannabis/Concentrates,Direct Source ★ BHO 28 GRAMS★ 28 grams Blue Dream Wax ★ FREE SHIPPING ★ [Fast Shipping],★ BHO 28 GRAMS★  28 grams Blue Dream Wax  ★ FREE SHIPPING ★ available now. All orders dispatched within 24 hours of payment confirmation. Domestic and international stealth available.,1.745823 BTC,USA,USA,5.00/5,
boosie5150_2015,Drugs/Cannabis/Weed,LB (448 grams) 10/10 Indoor Various Strains ★ FREE SAMPLES ★,High purity LB  (448 grams) 10/10 Indoor Various Strains ★ FREE SAMPLES ★ at competitive market prices. Fully tested batch. Customer satisfaction is our top priority.,8.854919 BTC,USA,USA Only!,4.83/5,
boosie5150_2015,Drugs/Psychedelics/Mushrooms,| 56 Grams | 56 grams of potent Penis Envy Mushrooms | FREE PRIORITY SHIPPING | [Escrow Ready],"Premium | 56 Grams | 56 grams of potent Penis Envy Mushrooms | FREE PRIORITY SHIPPING | sourced directly from verified labs. Fast, reliable service. Please include your PGP encrypted address when ordering.",0.692549 BTC,USA,USA Only!,5.00/5,
boosie5150_2015,Drugs/Psychedelics/LSD,★ 100 LSD Tabs ★ 100 paper Tabs of ~150 ug LSD ★ FREE SHIPPING ★,"Welcome to our official NightMarket shop! ★ 100 LSD Tabs ★ 100 paper Tabs of ~150 ug LSD ★ FREE SHIPPING ★ ready for instant dispatch. Double vacuum sealed, professional MBB stealth. 99% delivery rate across worldwide.",1.960807 BTC,USA,Worldwide,4.86/5,
boosie5150_2015,Drugs/Opioids/Oxycodone,High Quality 50 30mg Roxycodone Oxycodone IR,"Welcome to our official NightMarket shop! 50 30mg Roxycodone Oxycodone IR ready for instant dispatch. Double vacuum sealed, professional MBB stealth. 99% delivery rate across worldwide.",3.440103 BTC,USA,Worldwide,5.00/5,
boosie5150_2015,Drugs/Cannabis/Weed,1.5 LBS indoor,"Premium 1.5 LBS indoor sourced directly from verified labs. Fast, reliable service. Please include your PGP encrypted address when ordering.",8.664957 BTC,USA,Worldwide,4.85/5,
boosie5150_2015,Drugs/Ecstasy/MDMA,Verified ★ 3.5 Grams HQ MDMA★ 3.5 grams of Great Uncut MDMA ★ FREE PRIORITY SHIPPING ★ [Escrow Ready],"Premium ★ 3.5 Grams HQ MDMA★ 3.5 grams of Great Uncut MDMA ★ FREE PRIORITY SHIPPING ★ sourced directly from verified labs. Fast, reliable service. Please include your PGP encrypted address when ordering.",0.356745 BTC,USA,USA Only!,4.91/5,
boosie5150_2015,Drugs/Ecstasy/MDMA,Premium ★ 21 Gram HQ MDMA★ 21 gram of Great Uncut MDMA ★ FREE PRIORITY SHIPPING ★,We are back on NightMarket offering our verified ★ 21 Gram HQ MDMA★ 21 gram of Great Uncut MDMA ★ FREE PRIORITY SHIPPING ★. Guaranteed 99% quality and stealth packaging. Contact via PGP for bulk orders.,1.881056 BTC,USA,USA Only!,4.87/5,
boosie5150_2015,Drugs/Cannabis/Concentrates,1.5 ounces BHO,"Welcome to our official NightMarket shop! 1.5 ounces BHO ready for instant dispatch. Double vacuum sealed, professional MBB stealth. 99% delivery rate across worldwide.",2.128329 BTC,USA,Worldwide,4.86/5,
boosie5150_2015,Drugs/Prescription,★ Percocet 30 mg ★ FREE SHIPPING ★ [Tracked],High purity ★ Percocet 30 mg ★ FREE SHIPPING ★ at competitive market prices. Fully tested batch. Customer satisfaction is our top priority.,0.120770 BTC,USA,Worldwide,5.00/5,
boosie5150_2015,Drugs/Ecstasy/MDMA,Premium ★ 1 Gram HQ MDMA★ 1 gram of Great Uncut MDMA ★ FREE SHIPPING ★,High purity ★ 1 Gram HQ MDMA★ 1 gram of Great Uncut MDMA ★ FREE SHIPPING ★ at competitive market prices. Fully tested batch. Customer satisfaction is our top priority.,0.133191 BTC,USA,USA,4.75/5,
boosie5150_2015,Drugs/Cannabis/Concentrates,★ BHO 28 GRAMS★ 28 grams of Blue Dream Shatter ★ FREE PRIORITY SHIPPING ★,"Welcome to our official NightMarket shop! ★ BHO 28 GRAMS★  28 grams of Blue Dream Shatter ★ FREE PRIORITY SHIPPING ★ ready for instant dispatch. Double vacuum sealed, professional MBB stealth. 99% delivery rate across USA Only!.",1.850350 BTC,USA,USA Only!,5.00/5,
boosie5150_2015,Drugs/Cannabis/Weed,★ One Pound (448 grams) SUPER HQ BUD★ 448 Grams of Ultimate Chemdog 91★ FREE SHIPPING ★,★ One Pound (448 grams) SUPER HQ BUD★  448 Grams of Ultimate Chemdog 91★ FREE SHIPPING ★ available now. All orders dispatched within 24 hours of payment confirmation. Domestic and international stealth available.,5.690960 BTC,USA,USA,5.00/5,
MEGA_PHARMA-81,Drugs/Benzos,KLONOPIN 2 mg (Clonazepam by Roche - 100 pills),High purity KLONOPIN 2 mg (Clonazepam by Roche - 100 pills) at competitive market prices. Fully tested batch. Customer satisfaction is our top priority.,0.185840 BTC,India,Worldwide,4.80/5,
MEGA_PHARMA-81,Drugs/Prescription,FEMALE VIGARA (Ladygra/ Lovergra/ Womera) 60 pills [Fast Shipping],"Welcome to our official NightMarket shop! FEMALE VIGARA (Ladygra/ Lovergra/ Womera) 60 pills ready for instant dispatch. Double vacuum sealed, professional MBB stealth. 99% delivery rate across Worldwide.",0.128752 BTC,India,Worldwide,4.81/5,
MEGA_PHARMA-81,Drugs/Benzos,VALIUM 10 mg made by Roche (200 pills),"Premium VALIUM 10 mg made by Roche (200 pills) sourced directly from verified labs. Fast, reliable service. Please include your PGP encrypted address when ordering.",0.340930 BTC,India,Worldwide,4.56/5,
MEGA_PHARMA-81,Drugs/Prescription,Tapentadol (Nyucenta 100 mg) strong pain killer 40 pills [Tracked],"Welcome to our official NightMarket shop! Tapentadol (Nyucenta 100 mg) strong pain killer 40 pills ready for instant dispatch. Double vacuum sealed, professional MBB stealth. 99% delivery rate across worldwide.",0.187683 BTC,India,Worldwide,4.75/5,
MEGA_PHARMA-81,Drugs/Prescription,Premium Carisoprodol 350 mg (Soma) 100 pills [Fast Shipping],"Welcome to our official NightMarket shop! Carisoprodol 350 mg (Soma) 100 pills ready for instant dispatch. Double vacuum sealed, professional MBB stealth. 99% delivery rate across worldwide.",0.133206 BTC,India,Worldwide,4.56/5,
MEGA_PHARMA-81,Drugs/Benzos,VALIUM (Diazepam 10 mg - 100 pills) Zepose by Cipla [Purity Tested],We are back on NightMarket offering our verified VALIUM (Diazepam 10 mg - 100 pills) Zepose by Cipla. Guaranteed 99% quality and stealth packaging. Contact via PGP for bulk orders.,0.161650 BTC,India,Worldwide,4.63/5,
MEGA_PHARMA-81,Drugs/Prescription,STENDRA (Avanafil) 100 pills,"Welcome to our official NightMarket shop! STENDRA (Avanafil) 100 pills ready for instant dispatch. Double vacuum sealed, professional MBB stealth. 99% delivery rate across Worldwide.",0.220293 BTC,India,Worldwide,4.86/5,
MEGA_PHARMA-81,Drugs/Prescription,Top Grade customs Zolfresh for nappy,"Welcome to our official NightMarket shop! customs Zolfresh for nappy ready for instant dispatch. Double vacuum sealed, professional MBB stealth. 99% delivery rate across worldwide.",0.685641 BTC,India,Worldwide,4.68/5,
MEGA_PHARMA-81,Drugs/Steroids,Testosterone 100 mg/ml 10 ml (Deca-Instabolin by Intas),High purity Testosterone 100 mg/ml  10 ml (Deca-Instabolin by Intas) at competitive market prices. Fully tested batch. Customer satisfaction is our top priority.,0.142335 BTC,India,Worldwide,4.72/5,
MEGA_PHARMA-81,Drugs/Steroids,Ultra Clean Testosterone 25mg/ml 12 ml (Aquaviron by Abbott),Testosterone 25mg/ml  12 ml (Aquaviron by Abbott) available now. All orders dispatched within 24 hours of payment confirmation. Domestic and international stealth available.,0.126081 BTC,India,Worldwide,4.70/5,
MEGA_PHARMA-81,Drugs/Prescription,CHLORDIAZEPOXIDE 30 mg (Libirum/ Librax by Abbott labs) 100 pill,We are back on NightMarket offering our verified CHLORDIAZEPOXIDE 30 mg (Libirum/ Librax by Abbott labs) 100 pill. Guaranteed premium quality and stealth packaging. Contact via PGP for bulk orders.,0.213235 BTC,India,Worldwide,4.79/5,
MEGA_PHARMA-81,Drugs/Prescription,LEVITRA (Vardenafil 20 mg) 60 pills [Fast Shipping],We are back on NightMarket offering our verified LEVITRA (Vardenafil 20 mg) 60 pills. Guaranteed 99% quality and stealth packaging. Contact via PGP for bulk orders.,0.122288 BTC,India,Worldwide,4.62/5,
MEGA_PHARMA-81,Drugs/Benzos,ATIVAN (Lorazepam 2mg by Wyeth-Pfizer) 60 pills [Purity Tested],We are back on NightMarket offering our verified ATIVAN (Lorazepam 2mg by Wyeth-Pfizer) 60 pills. Guaranteed lab tested quality and stealth packaging. Contact via PGP for bulk orders.,0.124945 BTC,India,Worldwide,4.76/5,
MEGA_PHARMA-81,Drugs/Prescription,Phenobarbital 60 mg (60 pills) [Tracked],High purity Phenobarbital 60 mg (60 pills) at competitive market prices. Fully tested batch. Customer satisfaction is our top priority.,0.124111 BTC,India,Worldwide,4.73/5,
MEGA_PHARMA-81,Drugs/Steroids,Direct Source Finasteride 5 mg (Propecia) 100 pills [Fast Shipping],We are back on NightMarket offering our verified Finasteride 5 mg (Propecia) 100 pills. Guaranteed 99% quality and stealth packaging. Contact via PGP for bulk orders.,0.180150 BTC,India,Worldwide,4.78/5,
MEGA_PHARMA-81,Drugs/Benzos,Oxazepam 30 mg (Serepax Serax) 100 pills,"Premium Oxazepam 30 mg (Serepax  Serax) 100 pills sourced directly from verified labs. Fast, reliable service. Please include your PGP encrypted address when ordering.",0.218429 BTC,India,Worldwide,4.51/5,
MEGA_PHARMA-81,Drugs/Benzos,ETIZOLAM 1 mg (Etilaam -- 100 pills) [Tracked],ETIZOLAM 1 mg (Etilaam -- 100 pills) available now. All orders dispatched within 24 hours of payment confirmation. Domestic and international stealth available.,0.120935 BTC,India,Worldwide,4.61/5,
MEGA_PHARMA-81,Drugs/Prescription,100% Pure CIALIS (Tadalafil 20 mg) 60 pills,"Premium CIALIS (Tadalafil 20 mg)  60 pills sourced directly from verified labs. Fast, reliable service. Please include your PGP encrypted address when ordering.",0.110024 BTC,India,Worldwide,4.82/5,
MEGA_PHARMA-81,Drugs/Prescription,100% Pure Tramadol 200 mg (300 pills) [24/7 Auto Dispatch],High purity Tramadol 200 mg (300 pills) at competitive market prices. Fully tested batch. Customer satisfaction is our top priority.,0.519640 BTC,India,Worldwide,4.63/5,
MEGA_PHARMA-81,Drugs/Prescription,100% Pure custom for carnival,custom for carnival available now. All orders dispatched within 24 hours of payment confirmation. Domestic and international stealth available.,0.475390 BTC,India,Worldwide,4.72/5,
MEGA_PHARMA-81,Drugs/Prescription,Premium Modafinil 200 mg (generic--200 pills) [Fast Shipping],"Premium Modafinil 200 mg (generic--200 pills) sourced directly from verified labs. Fast, reliable service. Please include your PGP encrypted address when ordering.",0.258524 BTC,India,Worldwide,4.64/5,
MEGA_PHARMA-81,Drugs/Prescription,High Quality Codeine 15 mg (200 pills),Codeine 15 mg (200 pills) available now. All orders dispatched within 24 hours of payment confirmation. Domestic and international stealth available.,0.417133 BTC,India,Worldwide,4.53/5,
MEGA_PHARMA-81,Drugs/Prescription,Pseudoephedrine 30 mg (200 pills),We are back on NightMarket offering our verified Pseudoephedrine 30 mg (200 pills). Guaranteed 99% quality and stealth packaging. Contact via PGP for bulk orders.,0.294807 BTC,India,Worldwide,4.55/5,
canadaflagDE,Drugs/Cannabis/Weed,7g Cannasutra by DNA Genetics. 70% Indica 30% Sativa. (10% off),High purity 7g Cannasutra by DNA Genetics. 70% Indica 30% Sativa. (10% off) at competitive market prices. Fully tested batch. Customer satisfaction is our top priority.,0.095883 BTC,Canada,Worldwide,5.00/5,
canadaflagDE,Drugs/Cannabis/Weed,3.5g Vanilla Kush by Barneys Farm Hash Plant x Afghani | NO FE [24/7 Auto Dispatch],We are back on NightMarket offering our verified 3.5g Vanilla Kush by Barneys Farm Hash Plant x Afghani | NO FE. Guaranteed high grade quality and stealth packaging. Contact via PGP for bulk orders.,0.045377 BTC,Canada,Worldwide,5.00/5,
canadaflagDE,Drugs/Cannabis/Weed,Ultra Clean 14g Vanilla Kush by Barneys Farm Hash Plant x Afghani | NO FE [Original Batch],"Welcome to our official NightMarket shop! 14g Vanilla Kush by Barneys Farm Hash Plant x Afghani | NO FE ready for instant dispatch. Double vacuum sealed, professional MBB stealth. 99% delivery rate across worldwide.",0.143447 BTC,Canada,Worldwide,5.00/5,
canadaflagDE,Drugs/Cannabis/Weed,Premium 7g Kali Mist by Serious Seeds 90% Sativa NO FE [Worldwide Stealth],High purity 7g Kali Mist by Serious Seeds 90% Sativa NO FE at competitive market prices. Fully tested batch. Customer satisfaction is our top priority.,0.108683 BTC,Canada,Worldwide,4.86/5,
canadaflagDE,Drugs/Cannabis/Weed,7g Mr.Wonderful South African North Indian Giggle Weed. Sativa. DreamyNO FE,7g Mr.Wonderful South African North Indian Giggle Weed. Sativa. DreamyNO FE available now. All orders dispatched within 24 hours of payment confirmation. Domestic and international stealth available.,0.105341 BTC,Canada,Worldwide,4.94/5,
canadaflagDE,Drugs/Cannabis/Weed,100% Pure 7g Blue Rhino by Positronics Full Indica NO FE,"Premium 7g Blue Rhino by Positronics Full Indica NO FE sourced directly from verified labs. Fast, reliable service. Please include your PGP encrypted address when ordering.",0.115940 BTC,Canada,Worldwide,4.72/5,
kborivoje,Drugs/Benzos,Special offer 4+1 ( Apaurine 10 mg) = 2720 $$ [Original Batch],Special offer 4+1 ( Apaurine 10 mg) = 2720 $$ available now. All orders dispatched within 24 hours of payment confirmation. Domestic and international stealth available.,11.325305 BTC,EU,Worldwide,4.93/5,
kborivoje,Drugs/Benzos,100 tab Clonazepam 2 mg (Rivotril) = 160 $$ [24/7 Auto Dispatch],"Welcome to our official NightMarket shop! 100 tab Clonazepam 2 mg (Rivotril) = 160  $$ ready for instant dispatch. Double vacuum sealed, professional MBB stealth. 99% delivery rate across worldwide.",0.314908 BTC,USA,Worldwide,4.84/5,
kborivoje,Drugs/Benzos,Exclusive 1000 tab Xanax 1 mg Upjohn (footbals) = 720 $ [Purity Tested],"Premium 1000 tab Xanax 1 mg Upjohn (footbals) = 720 $ sourced directly from verified labs. Fast, reliable service. Please include your PGP encrypted address when ordering.",2.553879 BTC,EU,Worldwide,5.00/5,
kborivoje,Drugs/Benzos,2000 tab AMBIEN (Zolpidem Stilnox) 10 mg = 2500 $$ [24/7 Auto Dispatch],"Premium 2000 tab AMBIEN (Zolpidem  Stilnox) 10 mg = 2500 $$ sourced directly from verified labs. Fast, reliable service. Please include your PGP encrypted address when ordering.",9.178446 BTC,EU,Worldwide,5.00/5,
kborivoje,Other,yksw custom [Escrow Ready],"Premium yksw custom sourced directly from verified labs. Fast, reliable service. Please include your PGP encrypted address when ordering.",6.794605 BTC,USA,Worldwide,5.00/5,
kborivoje,Drugs/Benzos,custom list gtsl [Fast Shipping],"Premium custom list gtsl sourced directly from verified labs. Fast, reliable service. Please include your PGP encrypted address when ordering.",12.849770 BTC,EU,Worldwide,4.81/5,
kborivoje,Drugs/Prescription,Exclusive 1000 tab Bromazepam 6 mg (Lexotan) = 690 $$,"Premium 1000 tab Bromazepam 6 mg (Lexotan) = 690 $$ sourced directly from verified labs. Fast, reliable service. Please include your PGP encrypted address when ordering.",1.794645 BTC,EU,Worldwide,4.89/5,
kborivoje,Drugs/Benzos,100 tab XANAX 1 mg (blue Ksalol) = 140 $$,"Premium 100 tab XANAX 1 mg (blue Ksalol) = 140 $$ sourced directly from verified labs. Fast, reliable service. Please include your PGP encrypted address when ordering.",0.347781 BTC,USA,Worldwide,4.67/5,
kborivoje,Drugs/Prescription,1000 tab XANAX 1 mg (blue Ksalol) = 680 $$,We are back on NightMarket offering our verified 1000 tab XANAX 1 mg (blue Ksalol) = 680 $$. Guaranteed top tier quality and stealth packaging. Contact via PGP for bulk orders.,2.296807 BTC,EU,Worldwide,4.79/5,
kborivoje,Drugs/Prescription,20%OFF 1000 tab Lorazepam 2.5 mg (Ativan) = 550 $$,20%OFF 1000 tab Lorazepam 2.5 mg (Ativan) = 550 $$ available now. All orders dispatched within 24 hours of payment confirmation. Domestic and international stealth available.,1.916809 BTC,EU,Worldwide,4.70/5,
kborivoje,Drugs/Benzos,2000 tab Xanax 1 mg Upjohn (footbals) = 1320 $,"Welcome to our official NightMarket shop! 2000 tab Xanax 1 mg Upjohn (footbals) = 1320 $ ready for instant dispatch. Double vacuum sealed, professional MBB stealth. 99% delivery rate across worldwide.",5.064099 BTC,EU,Worldwide,4.79/5,
kborivoje,Drugs/Prescription,High Quality 1000 tab XANAX 1 mg (blue Ksalol) = 660 $$,"Welcome to our official NightMarket shop! 1000 tab XANAX 1 mg (blue Ksalol) = 660 $$ ready for instant dispatch. Double vacuum sealed, professional MBB stealth. 99% delivery rate across Worldwide.",1.828441 BTC,EU,Worldwide,4.96/5,
kborivoje,Drugs/Benzos,Top Grade 2000 tab Apaurine 10 mg (blue valium) = 1200 $$,"Welcome to our official NightMarket shop! 2000 tab Apaurine 10 mg (blue valium) = 1200 $$ ready for instant dispatch. Double vacuum sealed, professional MBB stealth. 99% delivery rate across Worldwide.",2.339710 BTC,EU,Worldwide,4.74/5,
Gobotal,Drugs/Psychedelics/DMT,Premium 50g Psychotria viridis,"Premium 50g Psychotria viridis sourced directly from verified labs. Fast, reliable service. Please include your PGP encrypted address when ordering.",0.114256 BTC,EU,Worldwide,4.68/5,
Gobotal,Drugs/Cannabis/Weed,Verified 5 0 gr. JeanTal Kush - Own develop strain (24% THC) - Full Escrow,High purity 5 0 gr. JeanTal Kush - Own develop strain (24% THC) - Full Escrow at competitive market prices. Fully tested batch. Customer satisfaction is our top priority.,0.134023 BTC,Netherlands,Worldwide,5.00/5,
Gobotal,Drugs/Cannabis/Weed,5 0 gr. Vanilla Kush - NL Coffeshop quality [Escrow Ready],High purity 5 0 gr. Vanilla Kush - NL Coffeshop quality at competitive market prices. Fully tested batch. Customer satisfaction is our top priority.,0.185099 BTC,Netherlands,Worldwide,4.89/5,
Gobotal,Drugs/Cannabis/Weed,10 gr. Super Amnesia Haze - NL Coffeshop quality,"Premium 10 gr. Super Amnesia Haze - NL Coffeshop quality sourced directly from verified labs. Fast, reliable service. Please include your PGP encrypted address when ordering.",0.517248 BTC,EU,Worldwide,4.62/5,
Gobotal,Drugs/Psychedelics/DMT,High Quality 250mg DMT-Fumarate,"Premium 250mg DMT-Fumarate sourced directly from verified labs. Fast, reliable service. Please include your PGP encrypted address when ordering.",0.128348 BTC,EU,Worldwide,4.59/5,
Gobotal,Drugs/Cannabis/Weed,5 0 gr. JeanTal Kush - Own develop strain (24% THC) - Limited,High purity 5 0 gr. JeanTal Kush - Own develop strain (24% THC) - Limited at competitive market prices. Fully tested batch. Customer satisfaction is our top priority.,0.178280 BTC,Netherlands,Worldwide,4.72/5,
Gobotal,Drugs/Cannabis/Weed,10 gr. Bubble Gum Weed - NL Coffeshop quality (Full Escrow),"Premium 10 gr. Bubble Gum Weed - NL Coffeshop quality (Full Escrow) sourced directly from verified labs. Fast, reliable service. Please include your PGP encrypted address when ordering.",0.248384 BTC,Netherlands,Worldwide,4.92/5,
Gobotal,Drugs/Cannabis/Weed,5 0 gr. Cheese Weed - NL Coffeshop quality [24/7 Auto Dispatch],5 0 gr. Cheese Weed - NL Coffeshop quality available now. All orders dispatched within 24 hours of payment confirmation. Domestic and international stealth available.,0.211459 BTC,EU,Worldwide,4.74/5,
Gobotal,Drugs/Cannabis/Weed,3.5 gr. Vanilla Kush - NL Coffeshop quality [Original Batch],We are back on NightMarket offering our verified 3.5 gr. Vanilla Kush - NL Coffeshop quality. Guaranteed premium quality and stealth packaging. Contact via PGP for bulk orders.,0.112287 BTC,Netherlands,Worldwide,5.00/5,
Gobotal,Drugs/Stimulants/Cocaine,Ultra Clean 1g. Cocain (80-85% clarity),"Welcome to our official NightMarket shop! 1g. Cocain (80-85% clarity) ready for instant dispatch. Double vacuum sealed, professional MBB stealth. 99% delivery rate across Worldwide.",0.469888 BTC,EU,Worldwide,4.55/5,
Gobotal,Drugs/Cannabis/Seeds,Premium 3x CBD CRITICAL CURE (BARNEY'S FARM),High purity 3x CBD CRITICAL CURE (BARNEY'S FARM) at competitive market prices. Fully tested batch. Customer satisfaction is our top priority.,0.138661 BTC,EU,Worldwide,4.64/5,
Gobotal,Drugs/Cannabis/Weed,5 gr. Super Amnesia Haze - NL Coffeshop quality (Full Escrow) [Escrow Ready],"Premium 5 gr. Super Amnesia Haze - NL Coffeshop quality (Full Escrow) sourced directly from verified labs. Fast, reliable service. Please include your PGP encrypted address when ordering.",0.140450 BTC,Germany,Worldwide,5.00/5,
Gobotal,Electronics,1x o2 Sim-Cards - German (DE),1x o2 Sim-Cards - German (DE) available now. All orders dispatched within 24 hours of payment confirmation. Domestic and international stealth available.,0.032044 BTC,EU,Worldwide,4.71/5,
Gobotal,Drugs/Psychedelics/LSD,5 x Hits/Tabs-Alber Hoffmann LSD-115-130UG [Escrow Ready],"Welcome to our official NightMarket shop! 5 x Hits/Tabs-Alber Hoffmann LSD-115-130UG ready for instant dispatch. Double vacuum sealed, professional MBB stealth. 99% delivery rate across Worldwide.",0.096708 BTC,Netherlands,Worldwide,5.00/5,
Gobotal,Drugs/Stimulants/Speed,1g Amphetamine sulfate powder 80% purity (Speed) [Original Batch],1g Amphetamine sulfate powder 80% purity (Speed) available now. All orders dispatched within 24 hours of payment confirmation. Domestic and international stealth available.,0.058486 BTC,EU,Worldwide,4.49/5,
Gobotal,Drugs/Cannabis/Weed,20 gr. Super Amnesia Haze - NL Coffeshop quality (Full Escrow) [Purity Tested],20 gr. Super Amnesia Haze - NL Coffeshop quality (Full Escrow) available now. All orders dispatched within 24 hours of payment confirmation. Domestic and international stealth available.,0.599528 BTC,Germany,Worldwide,5.00/5,
Gobotal,Drugs/Cannabis/Weed,5 0 gr. Vanilla Kush - NL Coffeshop quality (Full Escrow),"Welcome to our official NightMarket shop! 5 0 gr. Vanilla Kush - NL Coffeshop quality (Full Escrow) ready for instant dispatch. Double vacuum sealed, professional MBB stealth. 99% delivery rate across Worldwide.",0.124035 BTC,Netherlands,Worldwide,4.95/5,
Gobotal,Drugs/Cannabis/Weed,Verified 5 gr. White Rhino - NL Coffeshop quality,High purity 5 gr. White Rhino - NL Coffeshop quality at competitive market prices. Fully tested batch. Customer satisfaction is our top priority.,0.177724 BTC,EU,Worldwide,4.95/5,
Gobotal,Drugs/Cannabis/Seeds,50 x CHEESE AUTOMATIC (BULK SEEDS) [Purity Tested],We are back on NightMarket offering our verified 50 x CHEESE AUTOMATIC (BULK SEEDS). Guaranteed high grade quality and stealth packaging. Contact via PGP for bulk orders.,0.699471 BTC,EU,Worldwide,4.57/5,
Gobotal,Drugs/Psychedelics/LSD,High Quality 5 x Alien Twins (150µg),5 x Alien Twins (150µg) available now. All orders dispatched within 24 hours of payment confirmation. Domestic and international stealth available.,0.180835 BTC,EU,Worldwide,4.61/5,
Gobotal,Drugs/Cannabis/Weed,High Quality 5 0 gr. White Rhino - NL Coffeshop quality (Full Escrow),We are back on NightMarket offering our verified 5 0 gr. White Rhino - NL Coffeshop quality (Full Escrow). Guaranteed top tier quality and stealth packaging. Contact via PGP for bulk orders.,0.104117 BTC,Netherlands,Wolrdwide,5.00/5,
Mraleys,Drugs/Cannabis/Weed,5g Ed Rosenthal [Tracked],We are back on NightMarket offering our verified 5g Ed Rosenthal. Guaranteed 99% quality and stealth packaging. Contact via PGP for bulk orders.,0.107794 BTC,CzechRepublic Asia,EU  Asia,4.83/5,
Mraleys,Drugs/Cannabis/Weed,New York Diesel Sample [Original Batch],High purity New York Diesel Sample at competitive market prices. Fully tested batch. Customer satisfaction is our top priority.,0.005061 BTC,EU,Worldwide,4.98/5,
Mraleys,Drugs/Cannabis/Weed,Direct Source Mix of ED Rosenthal NY Diesel and WW (1g) [Escrow Ready],Mix of ED Rosenthal  NY Diesel and WW (1g) available now. All orders dispatched within 24 hours of payment confirmation. Domestic and international stealth available.,0.032366 BTC,CzechRepublic,Worldwide,4.90/5,
Mraleys,Drugs/Cannabis/Weed,Top Grade 5g Ed Rosenthal sample,We are back on NightMarket offering our verified 5g Ed Rosenthal sample. Guaranteed 99% quality and stealth packaging. Contact via PGP for bulk orders.,0.104470 BTC,CzechRepublic Asia,EU  Asia,4.84/5,
Mraleys,Drugs/Cannabis/Weed,10g HQ Jack Herer (new),High purity 10g HQ Jack Herer (new) at competitive market prices. Fully tested batch. Customer satisfaction is our top priority.,0.253277 BTC,Internet,Worldwide,4.84/5,
Mraleys,Drugs/Cannabis/Weed,2.5g New York Diesel,We are back on NightMarket offering our verified 2.5g New York Diesel. Guaranteed top tier quality and stealth packaging. Contact via PGP for bulk orders.,0.040687 BTC,EU,Worldwide,4.95/5,
Mraleys,Drugs/Prescription,Geratam 10 pills x 1200mg(piracetam),We are back on NightMarket offering our verified Geratam 10 pills x 1200mg(piracetam). Guaranteed top tier quality and stealth packaging. Contact via PGP for bulk orders.,0.042756 BTC,CzechRepublic,Worldwide,4.76/5,
Mraleys,Drugs/Cannabis/Weed,Ultra Clean 5g HQ Jack Herer (new),"Premium 5g HQ Jack Herer (new) sourced directly from verified labs. Fast, reliable service. Please include your PGP encrypted address when ordering.",0.088356 BTC,Internet,Worldwide,5.00/5,
Mraleys,Drugs/Cannabis/Weed,1g of HQ ED Rosenthal,"Premium 1g of HQ ED Rosenthal sourced directly from verified labs. Fast, reliable service. Please include your PGP encrypted address when ordering.",0.039835 BTC,CzechRepublic Asia,EU  Asia,4.85/5,
Mraleys,Drugs/Cannabis/Weed,Exclusive 1g White widow,We are back on NightMarket offering our verified 1g White widow. Guaranteed premium quality and stealth packaging. Contact via PGP for bulk orders.,0.024089 BTC,EU,Worldwide,4.71/5,
Mraleys,Drugs/Cannabis/Weed,20g HQ Jack Herer (new) [Purity Tested],"Welcome to our official NightMarket shop! 20g HQ Jack Herer (new) ready for instant dispatch. Double vacuum sealed, professional MBB stealth. 99% delivery rate across worldwide.",0.384315 BTC,EU,Worldwide,4.69/5,
Mraleys,Drugs/Cannabis/Weed,Direct Source 20g New York Diesel [Purity Tested],"Welcome to our official NightMarket shop! 20g New York Diesel ready for instant dispatch. Double vacuum sealed, professional MBB stealth. 99% delivery rate across worldwide.",0.450253 BTC,Internet,Worldwide,4.88/5,
AussieRXEU,Drugs/Benzos,100% Pure Pfizer Xanax 2mg tablet (singles),High purity Pfizer Xanax 2mg tablet (singles) at competitive market prices. Fully tested batch. Customer satisfaction is our top priority.,0.015134 BTC,Australia,Australia,4.73/5,
AussieRXEU,Drugs/Benzos,100% Pure Genuine Aussie Pfizer Xanax 2mg tablet (5 tablets),"Premium Genuine Aussie Pfizer Xanax 2mg tablet (5 tablets) sourced directly from verified labs. Fast, reliable service. Please include your PGP encrypted address when ordering.",0.103883 BTC,Australia,Australia,4.31/5,
AussieRXEU,Drugs/Steroids,Top Grade UGL Labs Testosterone Propionate 100mg/ml 10mls,"Welcome to our official NightMarket shop! UGL Labs Testosterone Propionate 100mg/ml 10mls ready for instant dispatch. Double vacuum sealed, professional MBB stealth. 99% delivery rate across Australia.",0.311445 BTC,Australia,Australia,4.65/5,
AussieRXEU,Drugs/Steroids,Direct Source UGL Labs Testosterone Enanthate 250mg/ml 10ml,"Premium UGL Labs Testosterone Enanthate 250mg/ml 10ml sourced directly from verified labs. Fast, reliable service. Please include your PGP encrypted address when ordering.",0.409486 BTC,Australia,Australia,4.34/5,
AussieRXEU,Drugs/Prescription,Endone genuine Aspen brand 5mg tablet (singles),"Welcome to our official NightMarket shop! Endone genuine Aspen brand 5mg tablet (singles) ready for instant dispatch. Double vacuum sealed, professional MBB stealth. 99% delivery rate across Australia.",0.023815 BTC,Australia,Australia,4.90/5,
AussieRXEU,Drugs/Prescription,Exclusive Endone genuine Aspen brand 5mg tablet (singles) *price drop* [24/7 Auto Dispatch],"Welcome to our official NightMarket shop! Endone genuine Aspen brand 5mg tablet (singles) *price drop* ready for instant dispatch. Double vacuum sealed, professional MBB stealth. 99% delivery rate across Australia.",0.019783 BTC,Australia,Australia,4.40/5,
darkexpresso,Drugs/Stimulants/Meth,1 Gram METH - EXCELLENT QUALITY - STEALTH SHIPPING - No FE required,"Premium 1 Gram METH - EXCELLENT QUALITY - STEALTH SHIPPING - No FE required sourced directly from verified labs. Fast, reliable service. Please include your PGP encrypted address when ordering.",0.180381 BTC,USA,USA,4.95/5,
darkexpresso,Drugs/Stimulants/Meth,3.5 Gram METH - EXCELLENT QUALITY - STEALTH SHIPPING - No FE required,3.5 Gram METH - EXCELLENT QUALITY - STEALTH SHIPPING - No FE required available now. All orders dispatched within 24 hours of payment confirmation. Domestic and international stealth available.,0.597746 BTC,USA,USA,4.75/5,
darkexpresso,Drugs/Cannabis/Weed,Direct Source 1 LB Excellent OUTDOOR WEED - STEALTH SHIPPING - No FE required,1 LB Excellent OUTDOOR WEED -  STEALTH SHIPPING - No FE required available now. All orders dispatched within 24 hours of payment confirmation. Domestic and international stealth available.,4.420635 BTC,USA,USA,4.89/5,
darkexpresso,Drugs/Cannabis/Weed,1 LB Sour Diesel Train Wreck Excellent Quality! NO FE!,1 LB  Sour Diesel Train Wreck Excellent Quality! NO FE! available now. All orders dispatched within 24 hours of payment confirmation. Domestic and international stealth available.,4.445255 BTC,USA,USA,4.97/5,
darkexpresso,Drugs/Cannabis/Weed,1 LB Tahoe OG Excellent Quality Outdoor! NO FE!,We are back on NightMarket offering our verified 1 LB  Tahoe OG Excellent Quality Outdoor! NO FE!. Guaranteed 99% quality and stealth packaging. Contact via PGP for bulk orders.,4.317495 BTC,USA,USA,4.71/5,
CosuinMolly,Drugs/Ecstasy/MDMA,5g Five Grams of CousinMolly Dark Cocoa Brown MDMA Molly [Tracked],"Welcome to our official NightMarket shop! 5g Five Grams of CousinMolly Dark Cocoa Brown MDMA Molly ready for instant dispatch. Double vacuum sealed, professional MBB stealth. 99% delivery rate across USA.",0.276815 BTC,USA,USA,4.75/5,
CosuinMolly,Drugs/Ecstasy/MDMA,100% Pure Copy of MDMA 3.5g Five Grams of CousinMolly Crystal MDMA Molly,High purity Copy of MDMA 3.5g Five Grams of CousinMolly Crystal MDMA Molly at competitive market prices. Fully tested batch. Customer satisfaction is our top priority.,0.276680 BTC,USA,USA,4.76/5,
CosuinMolly,Drugs/Ecstasy/MDMA,100% Pure TAN MDMA 84% 28g Ten Grams of CousinMolly Crystal MDMA Molly,We are back on NightMarket offering our verified TAN MDMA 84% 28g Ten Grams of CousinMolly Crystal MDMA Molly. Guaranteed lab tested quality and stealth packaging. Contact via PGP for bulk orders.,2.777096 BTC,USA,USA,4.87/5,
CosuinMolly,Drugs/Ecstasy/MDMA,2g Two Grams of CousinMolly Dark Cocoa Brown MDMA Molly,"Welcome to our official NightMarket shop! 2g Two Grams of CousinMolly Dark Cocoa Brown MDMA Molly ready for instant dispatch. Double vacuum sealed, professional MBB stealth. 99% delivery rate across USA.",0.120288 BTC,USA,USA,4.71/5,
CosuinMolly,Drugs/Ecstasy/MDMA,MDMA 5g Five Grams of CousinMolly Crystal MDMA Molly,We are back on NightMarket offering our verified MDMA 5g Five Grams of CousinMolly Crystal MDMA Molly. Guaranteed top tier quality and stealth packaging. Contact via PGP for bulk orders.,0.449527 BTC,USA,USA,4.99/5,
CosuinMolly,Drugs/Ecstasy/MDMA,10g Ten Grams of CousinMolly Dark Cocoa Brown MDMA Molly [Escrow Ready],We are back on NightMarket offering our verified 10g Ten Grams of CousinMolly Dark Cocoa Brown MDMA Molly. Guaranteed lab tested quality and stealth packaging. Contact via PGP for bulk orders.,0.737833 BTC,USA,USA,4.87/5,
CosuinMolly,Drugs/Ecstasy/MDMA,HQ MDMA 7g Five Grams of CousinMolly Crystal MDMA Molly,MDMA 7g Five Grams of CousinMolly Crystal MDMA Molly available now. All orders dispatched within 24 hours of payment confirmation. Domestic and international stealth available.,0.718580 BTC,USA,USA,5.00/5,
CosuinMolly,Drugs/Ecstasy/MDMA,Custom MDMA Tan 84% Sample Order .250 Sample Orders Requir FE**,"Premium MDMA Tan 84% Sample Order .250  Sample Orders Requir FE** sourced directly from verified labs. Fast, reliable service. Please include your PGP encrypted address when ordering.",0.060690 BTC,USA,Worldwide,4.86/5,
CosuinMolly,Drugs/Ecstasy/MDMA,MDMA 10g Five Grams of CousinMolly Crystal MDMA Molly [Fast Shipping],We are back on NightMarket offering our verified MDMA 10g Five Grams of CousinMolly Crystal MDMA Molly. Guaranteed 99% quality and stealth packaging. Contact via PGP for bulk orders.,1.040258 BTC,USA,USA,4.97/5,
CosuinMolly,Drugs/Ecstasy/MDMA,Exclusive TAN MDMA 84% 14g (Half OZ) of Crystal Molly [Original Batch],We are back on NightMarket offering our verified TAN MDMA 84% 14g (Half OZ) of Crystal Molly. Guaranteed lab tested quality and stealth packaging. Contact via PGP for bulk orders.,1.144339 BTC,USA,USA,5.00/5,
CosuinMolly,Drugs/Ecstasy/MDMA,High Quality MDMA Tan 84% Sample Order .250 Party For 2 [24/7 Auto Dispatch],We are back on NightMarket offering our verified MDMA Tan 84% Sample Order .250 Party For 2. Guaranteed premium quality and stealth packaging. Contact via PGP for bulk orders.,0.106716 BTC,USA,Worldwide,4.94/5,
CosuinMolly,Drugs/Ecstasy/MDMA,TAN MDMA 84% 20g Ten Grams of CousinMolly Crystal MDMA Molly,High purity TAN MDMA 84% 20g Ten Grams of CousinMolly Crystal MDMA Molly at competitive market prices. Fully tested batch. Customer satisfaction is our top priority.,1.616527 BTC,USA,USA,4.91/5,
CosuinMolly,Drugs/Ecstasy/MDMA,Top Grade Tan MDMA 5g Five Grams of CousinMolly Crystal MDMA Molly,"Welcome to our official NightMarket shop! Tan MDMA 5g Five Grams of CousinMolly Crystal MDMA Molly ready for instant dispatch. Double vacuum sealed, professional MBB stealth. 99% delivery rate across USA.",0.589611 BTC,USA,USA,4.77/5,
xdoc_DE,Drugs/Cannabis/Weed,5g Weed - Cheese (organic),We are back on NightMarket offering our verified 5g Weed - Cheese (organic). Guaranteed 99% quality and stealth packaging. Contact via PGP for bulk orders.,0.240140 BTC,Sweden,EU,5.00/5,
xdoc_DE,Drugs/Prescription,High Quality 100mg Tramadol - 50pcs [Tracked],"Welcome to our official NightMarket shop! 100mg Tramadol - 50pcs ready for instant dispatch. Double vacuum sealed, professional MBB stealth. 99% delivery rate across EU.",0.542518 BTC,Sweden,EU,5.00/5,
xdoc_DE,Drugs/Cannabis/Hash,Exclusive 5g Hash - Marocco Fresh/Soft [Escrow Ready],"Welcome to our official NightMarket shop! 5g Hash - Marocco Fresh/Soft ready for instant dispatch. Double vacuum sealed, professional MBB stealth. 99% delivery rate across EU.",0.182266 BTC,Sweden,EU,4.94/5,
xdoc_DE,Drugs/Cannabis/Hash,10g Hash - Marocco Fresh/Soft [24/7 Auto Dispatch],We are back on NightMarket offering our verified 10g Hash - Marocco Fresh/Soft. Guaranteed top tier quality and stealth packaging. Contact via PGP for bulk orders.,0.299862 BTC,Sweden,EU,5.00/5,
xdoc_DE,Drugs/Cannabis/Hash,10g Hash,We are back on NightMarket offering our verified 10g Hash. Guaranteed premium quality and stealth packaging. Contact via PGP for bulk orders.,0.460458 BTC,Sweden,EU,4.97/5,
xdoc_DE,Drugs/Cannabis/Weed,Direct Source 5g Weed - Hybrid,"Premium 5g Weed - Hybrid sourced directly from verified labs. Fast, reliable service. Please include your PGP encrypted address when ordering.",0.296426 BTC,Sweden,EU,5.00/5,
xdoc_DE,Drugs/Prescription,50mg Tramadol - 25st [Original Batch],We are back on NightMarket offering our verified 50mg Tramadol - 25st. Guaranteed premium quality and stealth packaging. Contact via PGP for bulk orders.,0.226047 BTC,Sweden,EU,4.89/5,
xdoc_DE,Drugs/Cannabis/Weed,5g Weed - A-Grade [Worldwide Stealth],"Welcome to our official NightMarket shop! 5g Weed - A-Grade ready for instant dispatch. Double vacuum sealed, professional MBB stealth. 99% delivery rate across EU.",0.348873 BTC,Sweden,EU,4.89/5,
xdoc_DE,Weapons/Ammunition,.22LR RN - 200pcs [Purity Tested],High purity .22LR RN - 200pcs at competitive market prices. Fully tested batch. Customer satisfaction is our top priority.,0.547586 BTC,Sweden,EU,4.97/5,
xdoc_DE,Drugs/Cannabis/Hash,20g Hash - Marocco Fresh/Soft,We are back on NightMarket offering our verified 20g Hash - Marocco Fresh/Soft. Guaranteed top tier quality and stealth packaging. Contact via PGP for bulk orders.,0.693747 BTC,Sweden,EU,4.89/5,
xdoc_DE,Weapons/Ammunition,Verified 12G Skeet - 15pcs [Fast Shipping],We are back on NightMarket offering our verified 12G Skeet - 15pcs. Guaranteed high grade quality and stealth packaging. Contact via PGP for bulk orders.,0.076563 BTC,Sweden,EU,4.99/5,
xdoc_DE,Drugs/Prescription,Exclusive 50mg Tramadol - 50st [Original Batch],We are back on NightMarket offering our verified 50mg Tramadol - 50st. Guaranteed lab tested quality and stealth packaging. Contact via PGP for bulk orders.,0.341574 BTC,Sweden,EU,4.80/5,
AussieExpress-487,Drugs/Ecstasy/MDMA,5g MDMA Beige Crystals- 83.9% High Purity - EXPRESS SHIPPING [Fast Shipping],"Premium 5g MDMA Beige Crystals- 83.9% High Purity - EXPRESS SHIPPING sourced directly from verified labs. Fast, reliable service. Please include your PGP encrypted address when ordering.",2.342939 BTC,Australia,Australia,4.79/5,
AussieExpress-487,Drugs/Ecstasy/MDMA,Direct Source 10x 110mg MDMA CAPS Crystal- 83.9% High Purity 1.1g,"Premium 10x 110mg MDMA CAPS Crystal- 83.9% High Purity 1.1g sourced directly from verified labs. Fast, reliable service. Please include your PGP encrypted address when ordering.",0.382237 BTC,Australia,Australia,4.97/5,
AussieExpress-487,Drugs/Ecstasy/MDMA,3.5g MDMA Beige Crystals- 83.9% High Purity - FREE EXPRESS SHIPPING [Original Batch],3.5g MDMA Beige Crystals- 83.9% High Purity - FREE EXPRESS SHIPPING available now. All orders dispatched within 24 hours of payment confirmation. Domestic and international stealth available.,1.784920 BTC,Australia,Australia,4.91/5,
AussieExpress-487,Drugs/Ecstasy/MDMA,Top Grade .5g MDMA Beige Crystals- 83.9% High Purity - EXPRESS SHIPPING,"Premium .5g MDMA  Beige Crystals- 83.9% High Purity - EXPRESS SHIPPING sourced directly from verified labs. Fast, reliable service. Please include your PGP encrypted address when ordering.",0.343400 BTC,Australia,Australia,4.82/5,
AussieExpress-487,Drugs/Ecstasy/MDMA,14g MDMA Beige Crystals- 83.9% High Purity - EXPRESS SHIPPING,14g MDMA Beige Crystals- 83.9% High Purity - EXPRESS SHIPPING available now. All orders dispatched within 24 hours of payment confirmation. Domestic and international stealth available.,5.212783 BTC,Australia,Australia,4.82/5,
AussieExpress-487,Drugs/Ecstasy/MDMA,1g MDMA Beige Crystals- 83.9% High Purity - EXPRESS SHIPPING,High purity 1g MDMA Beige Crystals- 83.9% High Purity - EXPRESS SHIPPING at competitive market prices. Fully tested batch. Customer satisfaction is our top priority.,0.619625 BTC,Australia,Australia,4.88/5,
AussieExpress-487,Drugs/Ecstasy/MDMA,Ultra Clean 1g MDMA Tan Crystals- 83.9% High Purity - FREE EXPRESS SHIPPING [Fast Shipping],"Welcome to our official NightMarket shop! 1g MDMA Tan Crystals- 83.9% High Purity - FREE EXPRESS SHIPPING ready for instant dispatch. Double vacuum sealed, professional MBB stealth. 99% delivery rate across Australia.",0.362989 BTC,Australia,Australia,4.92/5,
kwikeemart-ES,Drugs/Ecstasy/MDMA,Direct Source 2.5g Beige MDMA [Purity Tested],We are back on NightMarket offering our verified 2.5g Beige MDMA. Guaranteed top tier quality and stealth packaging. Contact via PGP for bulk orders.,0.165016 BTC,Canada,Worldwide,4.96/5,
kwikeemart-ES,Drugs/Cannabis/Weed,Top Grade 112g AA Kush,"Premium 112g AA Kush sourced directly from verified labs. Fast, reliable service. Please include your PGP encrypted address when ordering.",0.927158 BTC,Canada,World,4.27/5,
kwikeemart-ES,Drugs/Cannabis/Weed,224g AAA Kush,"Premium 224g AAA Kush sourced directly from verified labs. Fast, reliable service. Please include your PGP encrypted address when ordering.",1.822279 BTC,Canada,Worldwide,4.99/5,
kwikeemart-ES,Drugs/Cannabis/Weed,14g AAA Kush [Worldwide Stealth],14g AAA Kush available now. All orders dispatched within 24 hours of payment confirmation. Domestic and international stealth available.,0.177407 BTC,Canada,Worldwide,4.89/5,
kwikeemart-ES,Drugs/Cannabis/Weed,Ultra Clean 7g AAA Kush,High purity 7g AAA Kush at competitive market prices. Fully tested batch. Customer satisfaction is our top priority.,0.091635 BTC,Canada,Worldwide,4.74/5,
kwikeemart-ES,Drugs/Cannabis/Weed,100% Pure 112g AAA Kush,112g AAA Kush available now. All orders dispatched within 24 hours of payment confirmation. Domestic and international stealth available.,0.938185 BTC,Canada,Worldwide,4.99/5,
kwikeemart-ES,Drugs/Cannabis/Weed,Verified 1g AAA Kush *ESCROW*,"Welcome to our official NightMarket shop! 1g AAA Kush *ESCROW* ready for instant dispatch. Double vacuum sealed, professional MBB stealth. 99% delivery rate across World.",0.021881 BTC,Canada,World,4.24/5,
kwikeemart-ES,Drugs/Cannabis/Weed,Premium 28g AAA Kush *ESCROW* [Worldwide Stealth],28g AAA Kush *ESCROW* available now. All orders dispatched within 24 hours of payment confirmation. Domestic and international stealth available.,0.383041 BTC,Canada,World,4.53/5,
kwikeemart-ES,Drugs/Cannabis/Weed,25x .5g Prerolled Joints [24/7 Auto Dispatch],High purity 25x .5g Prerolled Joints at competitive market prices. Fully tested batch. Customer satisfaction is our top priority.,0.460934 BTC,Canada,Worldwide,4.74/5,
kwikeemart-ES,Drugs/Cannabis/Weed,3.5g AAA Kush,3.5g AAA Kush available now. All orders dispatched within 24 hours of payment confirmation. Domestic and international stealth available.,0.047269 BTC,Canada,Worldwide,4.84/5,
kwikeemart-ES,Drugs/Cannabis/Weed,56g AA Kush,High purity 56g AA Kush at competitive market prices. Fully tested batch. Customer satisfaction is our top priority.,0.390162 BTC,Canada,World,4.46/5,
kwikeemart-ES,Drugs/Cannabis/Weed,1g AAA Kush [Original Batch],1g AAA Kush available now. All orders dispatched within 24 hours of payment confirmation. Domestic and international stealth available.,0.020369 BTC,Canada,Worldwide,4.77/5,
kwikeemart-ES,Drugs/Ecstasy/MDMA,30g Beige MDMA [Purity Tested],We are back on NightMarket offering our verified 30g Beige MDMA. Guaranteed premium quality and stealth packaging. Contact via PGP for bulk orders.,1.055824 BTC,Canada,Worldwide,4.78/5,
kwikeemart-ES,Drugs/Cannabis/Weed,56g AAA Kush *ESCROW*,"Premium 56g AAA Kush *ESCROW* sourced directly from verified labs. Fast, reliable service. Please include your PGP encrypted address when ordering.",0.823463 BTC,Canada,World,4.41/5,
kwikeemart-ES,Drugs/Cannabis/Weed,56g AAA Kush,56g AAA Kush available now. All orders dispatched within 24 hours of payment confirmation. Domestic and international stealth available.,0.528464 BTC,Canada,Worldwide,4.83/5,
kwikeemart-ES,Drugs/Cannabis/Weed,112g AAA Kush *ESCROW* [24/7 Auto Dispatch],High purity 112g AAA Kush *ESCROW* at competitive market prices. Fully tested batch. Customer satisfaction is our top priority.,1.198496 BTC,Canada,World,4.49/5,
kwikeemart-ES,Drugs/Ecstasy/MDMA,20g Beige MDMA,"Welcome to our official NightMarket shop! 20g Beige MDMA ready for instant dispatch. Double vacuum sealed, professional MBB stealth. 99% delivery rate across worldwide.",0.743409 BTC,Canada,Worldwide,4.98/5,
kwikeemart-ES,Drugs/Cannabis/Weed,Ultra Clean 14g AA Kush,High purity 14g AA Kush at competitive market prices. Fully tested batch. Customer satisfaction is our top priority.,0.154340 BTC,Canada,World,4.20/5,
kwikeemart-ES,Drugs/Cannabis/Weed,28g AA Kush,"Premium 28g AA Kush sourced directly from verified labs. Fast, reliable service. Please include your PGP encrypted address when ordering.",0.289219 BTC,Canada,World,4.31/5,
kwikeemart-ES,Drugs/Cannabis/Weed,100% Pure 252g AAA Kush,252g AAA Kush available now. All orders dispatched within 24 hours of payment confirmation. Domestic and international stealth available.,1.749383 BTC,Canada,Worldwide,4.53/5,
kwikeemart-ES,Drugs/Cannabis/Weed,224g AA Kush,224g AA Kush available now. All orders dispatched within 24 hours of payment confirmation. Domestic and international stealth available.,1.279384 BTC,Canada,World,4.18/5,
kwikeemart-ES,Drugs/Ecstasy/MDMA,1g Beige MDMA [Tracked],1g Beige MDMA available now. All orders dispatched within 24 hours of payment confirmation. Domestic and international stealth available.,0.077195 BTC,Canada,Worldwide,5.00/5,
lAncearmstr0ng,Drugs/Ecstasy/MDMA,PROMO: 1+0 25g tan MDMA -- 25% OPENING BONUS! -- pure crystals mad purity incomparable high,We are back on NightMarket offering our verified PROMO: 1+0 25g tan MDMA -- 25% OPENING BONUS!  -- pure crystals  mad purity  incomparable high. Guaranteed high grade quality and stealth packaging. Contact via PGP for bulk orders.,0.161608 BTC,Germany,Worldwide,4.83/5,
lAncearmstr0ng,Drugs/Ecstasy/MDMA,PROMO: 0.62 g tan MDMA -- 25% OPENING BONUS! -- pure crystals mad purity incomparable high [Original Batch],High purity PROMO: 0.62 g tan MDMA --  25% OPENING BONUS! -- pure crystals  mad purity  incomparable high at competitive market prices. Fully tested batch. Customer satisfaction is our top priority.,0.095623 BTC,Germany,Worldwide,5.00/5,
lAncearmstr0ng,Drugs/RCs,Verified 10x20mg Ethylphenidate Caps - Ritalin Analogue - 99% purity,"Premium 10x20mg Ethylphenidate Caps - Ritalin Analogue - 99% purity sourced directly from verified labs. Fast, reliable service. Please include your PGP encrypted address when ordering.",0.044326 BTC,Germany,Worldwide,4.97/5,
lAncearmstr0ng,Drugs/Stimulants/Cocaine,Top Grade PROMO: 1.25 gram of uncut Coke from Dominican Republic. Blissful clean high snowwhite,High purity PROMO: 1.25 gram of uncut Coke from Dominican Republic. Blissful  clean high  snowwhite at competitive market prices. Fully tested batch. Customer satisfaction is our top priority.,0.243541 BTC,Germany,Worldwide,5.00/5,
lAncearmstr0ng,Drugs/Stimulants/Cocaine,0.62 gram (25% Promo) of uncut Coke from Dominican Republic! Blissful clean high snowwhite [Original Batch],"Welcome to our official NightMarket shop! 0.62 gram (25% Promo) of uncut Coke from Dominican Republic! Blissful  clean high  snowwhite ready for instant dispatch. Double vacuum sealed, professional MBB stealth. 99% delivery rate across Worldwide.",0.200182 BTC,Germany,Worldwide,5.00/5,
lAncearmstr0ng,Drugs/Stimulants/Cocaine,100% Pure PROMO: 0.62 gram of uncut Coke from Dominican Republic! Blissful clean high snowwhite,"Welcome to our official NightMarket shop! PROMO: 0.62 gram of uncut Coke from Dominican Republic! Blissful  clean high  snowwhite ready for instant dispatch. Double vacuum sealed, professional MBB stealth. 99% delivery rate across Worldwide.",0.182751 BTC,Germany,Worldwide,5.00/5,
lAncearmstr0ng,Drugs/RCs,Premium 10x40mg Ethylphenidate Caps - Ritalin Analogue 99% purity [Tracked],"Premium 10x40mg Ethylphenidate Caps - Ritalin Analogue 99% purity sourced directly from verified labs. Fast, reliable service. Please include your PGP encrypted address when ordering.",0.064742 BTC,Germany,Worldwide,4.93/5,
lAncearmstr0ng,Drugs/Stimulants/Cocaine,1.25 gram (25% Promo) of uncut Coke from Dominican Republic. Blissful clean high snowwhite,We are back on NightMarket offering our verified 1.25 gram (25% Promo) of uncut Coke from Dominican Republic. Blissful  clean high  snowwhite. Guaranteed high grade quality and stealth packaging. Contact via PGP for bulk orders.,0.258864 BTC,Germany,Worldwide,4.95/5,
lAncearmstr0ng,Drugs/Cannabis/Weed,5G - Amnesia Haze - Sweet high wicked stealth shipping in max. 12h,5G - Amnesia Haze - Sweet high  wicked stealth  shipping in max. 12h available now. All orders dispatched within 24 hours of payment confirmation. Domestic and international stealth available.,0.133157 BTC,Germany Australia  Russia,EU  Australia  Russia,4.92/5,
lAncearmstr0ng,Drugs/Cannabis/Weed,10G - Amnesia Haze - Sweet high wicked stealth shipping in max. 12h,We are back on NightMarket offering our verified 10G - Amnesia Haze - Sweet high  wicked stealth  shipping in max. 12h. Guaranteed 99% quality and stealth packaging. Contact via PGP for bulk orders.,0.287249 BTC,Germany Australia  Russia,EU  Australia  Russia,5.00/5,
TragicallyHip_ES,Drugs/Psychedelics/LSD,Premium 5 x TragicallyHip's Canadian LSD Blotters - 110ug +,5 x TragicallyHip's Canadian LSD Blotters - 110ug + available now. All orders dispatched within 24 hours of payment confirmation. Domestic and international stealth available.,0.087485 BTC,Canada,Worldwide,5.00/5,
TragicallyHip_ES,Drugs/Psychedelics/LSD,10 x TragicallyHip's Red LSD Microdots 120ug,"Welcome to our official NightMarket shop! 10  x TragicallyHip's Red LSD Microdots    120ug ready for instant dispatch. Double vacuum sealed, professional MBB stealth. 99% delivery rate across Worldwide except Australia.",0.165424 BTC,Canada,Worldwide except Australia,5.00/5,
TragicallyHip_ES,Drugs/Psychedelics/LSD,50 x TragicallyHip's Dutch LSD Shiva Blotters 130 ug + [Original Batch],"Premium 50 x TragicallyHip's Dutch LSD Shiva Blotters 130 ug + sourced directly from verified labs. Fast, reliable service. Please include your PGP encrypted address when ordering.",0.578219 BTC,Canada,Worldwide,4.54/5,
TragicallyHip_ES,Drugs/Cannabis/Weed,TragicallyHip's BC Grown Medical Grade OG Kush 1 oz (28 gram) [Original Batch],TragicallyHip's BC Grown Medical Grade OG Kush 1 oz (28 gram) available now. All orders dispatched within 24 hours of payment confirmation. Domestic and international stealth available.,0.285958 BTC,Canada,Canada,4.46/5,
TragicallyHip_ES,Drugs/Ecstasy/MDMA,1gramTragicallyHip's Safrole Based White MDMA,We are back on NightMarket offering our verified 1gramTragicallyHip's Safrole Based White MDMA. Guaranteed premium quality and stealth packaging. Contact via PGP for bulk orders.,0.060688 BTC,Canada,Worldwide Except Australia,4.60/5,
TragicallyHip_ES,Drugs/Ecstasy/MDMA,10 grams TragicallyHip's Beautifully Pure & Strong Canadian White MDMA,"Premium 10 grams TragicallyHip's Beautifully Pure & Strong Canadian White MDMA sourced directly from verified labs. Fast, reliable service. Please include your PGP encrypted address when ordering.",0.427966 BTC,Canada,Worldwide Except Australia,5.00/5,
TragicallyHip_ES,Drugs/Ecstasy/MDMA,Exclusive 1 Gram TragicallyHip's Potent Canadian Brown MDMA [Purity Tested],"Premium 1 Gram TragicallyHip's Potent Canadian Brown MDMA sourced directly from verified labs. Fast, reliable service. Please include your PGP encrypted address when ordering.",0.043265 BTC,Canada,Worldwide,4.70/5,
TragicallyHip_ES,Drugs/Psychedelics/LSD,10 x TragicallyHips Canadian LSD Blotters - 110 ug,10 x TragicallyHips Canadian LSD Blotters - 110 ug available now. All orders dispatched within 24 hours of payment confirmation. Domestic and international stealth available.,0.123455 BTC,Canada,Worldwide,4.94/5,
TragicallyHip_ES,Drugs/Ecstasy/MDMA,1 Gram TragicallyHip's Potent Canadian Tan MDMA,"Premium 1 Gram TragicallyHip's Potent Canadian Tan MDMA sourced directly from verified labs. Fast, reliable service. Please include your PGP encrypted address when ordering.",0.059703 BTC,Canada,Worldwide,4.70/5,
TragicallyHip_ES,Drugs/Ecstasy/MDMA,2 gramsTragicallyHip's Beautifully Pure & Strong Canadian White MDMA [Worldwide Stealth],"Welcome to our official NightMarket shop! 2 gramsTragicallyHip's Beautifully Pure & Strong Canadian White MDMA ready for instant dispatch. Double vacuum sealed, professional MBB stealth. 99% delivery rate across Worldwide except Australia.",0.120878 BTC,Canada,Worldwide except Australia,5.00/5,
TragicallyHip_ES,Drugs/Ecstasy/MDA,High Quality 7 Grams TragicallyHip's Potent White Quartz MDA,"Premium 7 Grams TragicallyHip's Potent White Quartz MDA sourced directly from verified labs. Fast, reliable service. Please include your PGP encrypted address when ordering.",0.765118 BTC,Canada,Worldwide Except Australia,5.00/5,
TragicallyHip_ES,Drugs/Dissociatives/Ketamine,Exclusive 1 Gram TragicallyHips Pure & Potent Ketamine [24/7 Auto Dispatch],"Welcome to our official NightMarket shop! 1 Gram TragicallyHips Pure & Potent Ketamine ready for instant dispatch. Double vacuum sealed, professional MBB stealth. 99% delivery rate across Worldwide except Australia.",0.058512 BTC,Canada,Worldwide except Australia,4.72/5,
TragicallyHip_ES,Drugs/Ecstasy/MDA,100% Pure 10 Grams TragicallyHips Potent & Pure White Quartz MDA [Purity Tested],"Premium 10 Grams TragicallyHips Potent & Pure White Quartz MDA sourced directly from verified labs. Fast, reliable service. Please include your PGP encrypted address when ordering.",1.021388 BTC,Canada,Worldwide Except Australia,4.95/5,
TragicallyHip_ES,Drugs/Psychedelics/LSD,5 x TragicallyHip's Dutch Shiva LSD Blotters 130ug +,5 x TragicallyHip's Dutch Shiva LSD Blotters 130ug + available now. All orders dispatched within 24 hours of payment confirmation. Domestic and international stealth available.,0.078528 BTC,Canada,Worldwide,5.00/5,
TragicallyHip_ES,Drugs/Psychedelics/Mushrooms,Direct Source 7grams TragicallyHip's Potent Cubensis Mushrooms,"Premium 7grams TragicallyHip's Potent Cubensis Mushrooms sourced directly from verified labs. Fast, reliable service. Please include your PGP encrypted address when ordering.",0.088353 BTC,Canada,Worldwide except Australia,5.00/5,
MriPllen,Drugs/Ecstasy/Pills,100x WHITE DOMINO/YELLOW BITCOIN [200MG+],High purity 100x WHITE DOMINO/YELLOW BITCOIN [200MG+] at competitive market prices. Fully tested batch. Customer satisfaction is our top priority.,1.101344 BTC,USA,Worldwide,4.75/5,
MriPllen,Drugs/Ecstasy/Pills,2500x WHITE DOMINO/YELLOW BITCOIN [200MG+],We are back on NightMarket offering our verified 2500x WHITE DOMINO/YELLOW BITCOIN [200MG+]. Guaranteed 99% quality and stealth packaging. Contact via PGP for bulk orders.,10.438547 BTC,USA,Worldwide,4.79/5,
MriPllen,Drugs/Ecstasy/Pills,1000x WHITE DOMINO/YELLOW BITCOIN [200MG+] [Tracked],"Welcome to our official NightMarket shop! 1000x WHITE DOMINO/YELLOW BITCOIN [200MG+] ready for instant dispatch. Double vacuum sealed, professional MBB stealth. 99% delivery rate across Worldwide.",4.730933 BTC,USA,Worldwide,4.81/5,
MriPllen,Drugs/Cannabis/Weed,Top Grade 200Gr CANNABIS PREMIUM DUTCH [CHOICE],200Gr CANNABIS PREMIUM DUTCH [CHOICE] available now. All orders dispatched within 24 hours of payment confirmation. Domestic and international stealth available.,4.077350 BTC,USA,Worldwide,5.00/5,
MriPllen,Drugs/Ecstasy/Pills,500x WHITE DOMINO/YELLOW BITCOIN [200MG+] [Worldwide Stealth],500x WHITE DOMINO/YELLOW BITCOIN [200MG+] available now. All orders dispatched within 24 hours of payment confirmation. Domestic and international stealth available.,2.966387 BTC,USA,Worldwide,4.80/5,
MriPllen,Drugs/Ecstasy/Pills,50x WHITE DOMINO/YELLOW BITCOIN [200MG+],High purity 50x WHITE DOMINO/YELLOW BITCOIN [200MG+] at competitive market prices. Fully tested batch. Customer satisfaction is our top priority.,0.566908 BTC,USA,Worldwide,4.99/5,
MriPllen,Drugs/Cannabis/Weed,High Quality 100Gr CANNABIS PREMIUM DUTCH [CHOICE] [Fast Shipping],High purity 100Gr CANNABIS PREMIUM DUTCH [CHOICE] at competitive market prices. Fully tested batch. Customer satisfaction is our top priority.,1.673544 BTC,USA,Worldwide,4.72/5,
MriPllen,Drugs/Cannabis/Weed,Direct Source 56Gr CANNABIS PREMIUM DUTCH [CHOICE],"Welcome to our official NightMarket shop! 56Gr CANNABIS PREMIUM DUTCH [CHOICE] ready for instant dispatch. Double vacuum sealed, professional MBB stealth. 99% delivery rate across Worldwide.",0.441530 BTC,USA,Worldwide,4.90/5,
MriPllen,Drugs/Cannabis/Weed,1KG CANNABIS PREMIUM DUTCH [CHOICE],We are back on NightMarket offering our verified 1KG CANNABIS PREMIUM DUTCH [CHOICE]. Guaranteed premium quality and stealth packaging. Contact via PGP for bulk orders.,0.574704 BTC,USA,Worldwide,4.93/5,
MriPllen,Drugs/Ecstasy/Pills,200x WHITE DOMINO/YELLOW BITCOIN [200MG+],We are back on NightMarket offering our verified 200x WHITE DOMINO/YELLOW BITCOIN [200MG+]. Guaranteed lab tested quality and stealth packaging. Contact via PGP for bulk orders.,2.052638 BTC,USA,Worldwide,4.97/5,
MriPllen,Drugs/Cannabis/Weed,Exclusive 500Gr CANNABIS PREMIUM DUTCH [CHOICE],We are back on NightMarket offering our verified 500Gr CANNABIS PREMIUM DUTCH [CHOICE]. Guaranteed high grade quality and stealth packaging. Contact via PGP for bulk orders.,6.460738 BTC,USA,Worldwide,4.77/5,
MriPllen,Drugs/Cannabis/Weed,Top Grade 28Gr CANNABIS PREMIUM DUTCH [CHOICE],We are back on NightMarket offering our verified 28Gr CANNABIS PREMIUM DUTCH [CHOICE]. Guaranteed top tier quality and stealth packaging. Contact via PGP for bulk orders.,0.584530 BTC,USA,Worldwide,4.96/5,
ozconnection-69,Drugs/Opioids/Heroin,*PURE UNCUT* 1 gram white heroin australia,*PURE UNCUT* 1 gram white heroin australia available now. All orders dispatched within 24 hours of payment confirmation. Domestic and international stealth available.,1.654878 BTC,Australia,australia,4.84/5,
ozconnection-69,Drugs/Ecstasy/MDMA,Ultra Clean *NEW STOCK* 0.5 gram MDMA Molly Ecstasy Australia,"Welcome to our official NightMarket shop! *NEW STOCK* 0.5 gram MDMA Molly Ecstasy Australia ready for instant dispatch. Double vacuum sealed, professional MBB stealth. 99% delivery rate across Australia.",0.352441 BTC,Australia,Australia,5.00/5,
ozconnection-69,Drugs/Stimulants/Cocaine,High Quality *PURE UNCUT* 0.5 gram Cocaine Australia [Fast Shipping],"Welcome to our official NightMarket shop! *PURE UNCUT* 0.5 gram Cocaine Australia ready for instant dispatch. Double vacuum sealed, professional MBB stealth. 99% delivery rate across worldwide.",0.927108 BTC,Australia,Worldwide,5.00/5,
ozconnection-69,Drugs/Ecstasy/MDMA,Premium 0.5 gram Pure MDMA Australia,"Welcome to our official NightMarket shop! 0.5 gram Pure MDMA Australia ready for instant dispatch. Double vacuum sealed, professional MBB stealth. 99% delivery rate across australia.",0.452681 BTC,Australia,australia,4.77/5,
ozconnection-69,Drugs/Stimulants/Cocaine,3.5 gram Cocaine Australia [Purity Tested],3.5 gram Cocaine Australia available now. All orders dispatched within 24 hours of payment confirmation. Domestic and international stealth available.,2.189928 BTC,Australia,Australia,4.90/5,
FerrariBl,Drugs/Stimulants/Cocaine,Ultra Clean 14g Fishscale Cocaine,High purity 14g Fishscale Cocaine at competitive market prices. Fully tested batch. Customer satisfaction is our top priority.,3.378749 BTC,UK,Worldwide,4.69/5,
FerrariBl,Drugs/Stimulants/Cocaine,28g Good Quality Cocaine,"Premium 28g Good Quality Cocaine sourced directly from verified labs. Fast, reliable service. Please include your PGP encrypted address when ordering.",3.896375 BTC,UK,Worldwide,5.00/5,
FerrariBl,Drugs/Stimulants/Cocaine,Direct Source 0.5g Good Quality Cocaine NEW,"Welcome to our official NightMarket shop! 0.5g Good Quality Cocaine NEW ready for instant dispatch. Double vacuum sealed, professional MBB stealth. 99% delivery rate across worldwide.",0.142377 BTC,UK,Worldwide,4.79/5,
FerrariBl,Drugs/Stimulants/Cocaine,Exclusive 0.2g Fishscale COCAINE,We are back on NightMarket offering our verified 0.2g Fishscale COCAINE. Guaranteed high grade quality and stealth packaging. Contact via PGP for bulk orders.,2.094461 BTC,UK,WW,4.72/5,
FerrariBl,Drugs/Cannabis/Synthetics,15g Synthetic Cannabis 5F-AKB48 Smoking Blend Spice / K2 SAMPLE,"Premium 15g Synthetic Cannabis  5F-AKB48  Smoking Blend  Spice / K2 SAMPLE sourced directly from verified labs. Fast, reliable service. Please include your PGP encrypted address when ordering.",0.327500 BTC,UK,Worldwide,4.82/5,
FerrariBl,Tobacco/Smoked,Direct Source Synthetic Cannabis Smoking Blend Spice / K2 Hebral Incense Bonzai,Synthetic Cannabis   Smoking Blend  Spice / K2 Hebral Incense  Bonzai available now. All orders dispatched within 24 hours of payment confirmation. Domestic and international stealth available.,12.184039 BTC,UK,Worldwide,4.81/5,
FerrariBl,Drugs/Cannabis/Synthetics,custom 100g crash,custom 100g crash available now. All orders dispatched within 24 hours of payment confirmation. Domestic and international stealth available.,1.537747 BTC,UK,Worldwide,5.00/5,
griffin36,Drugs/Cannabis/Weed,Ultra Clean 7 Gram Of Super Quality Skunk No1 [24/7 Auto Dispatch],7 Gram Of Super Quality Skunk No1 available now. All orders dispatched within 24 hours of payment confirmation. Domestic and international stealth available.,0.190647 BTC,UK,Worldwide,4.94/5,
griffin36,Drugs/Cannabis/Weed,1 Gram - Pot of Gold - Potent Hybrid,1 Gram - Pot of Gold - Potent Hybrid available now. All orders dispatched within 24 hours of payment confirmation. Domestic and international stealth available.,0.049232 BTC,UK,Worldwide,4.84/5,
griffin36,Drugs/Cannabis/Hash,3.5 Gram Of Good Grade Afghan Black,"Welcome to our official NightMarket shop! 3.5 Gram Of Good Grade Afghan Black ready for instant dispatch. Double vacuum sealed, professional MBB stealth. 99% delivery rate across worldwide.",0.054692 BTC,UK,Worldwide,4.81/5,
griffin36,Drugs/Cannabis/Weed,100% Pure 1 Gram Of Super Quality Skunk No1 [Fast Shipping],1 Gram Of Super Quality Skunk No1 available now. All orders dispatched within 24 hours of payment confirmation. Domestic and international stealth available.,0.040822 BTC,UK,Worldwide,5.00/5,
Products4You,Drugs/Ecstasy/MDMA,1g - Milky White MDMA - 93% Purity [Worldwide Stealth],"Premium 1g - Milky White MDMA - 93% Purity sourced directly from verified labs. Fast, reliable service. Please include your PGP encrypted address when ordering.",0.191697 BTC,Denmark,Worldwide,4.84/5,
Products4You,Drugs/Ecstasy/MDMA,100% Pure 25g - Christmas White MDMA - 93% Purity [Tracked],We are back on NightMarket offering our verified 25g - Christmas White MDMA - 93% Purity. Guaranteed 99% quality and stealth packaging. Contact via PGP for bulk orders.,2.264159 BTC,Denmark,Worldwide,4.39/5,
Products4You,Drugs/Ecstasy/MDMA,HQ 50g - Christmas White MDMA - 93% Purity,High purity 50g - Christmas White MDMA - 93% Purity at competitive market prices. Fully tested batch. Customer satisfaction is our top priority.,3.097769 BTC,Denmark,Worldwide,4.72/5,
Products4You,Drugs/Stimulants/Cocaine,5gram - New-Year Flakes Cocaine - 83%+,"Welcome to our official NightMarket shop! 5gram - New-Year Flakes Cocaine - 83%+ ready for instant dispatch. Double vacuum sealed, professional MBB stealth. 99% delivery rate across Worldwide  EU  Scandinavia.",2.365331 BTC,Denmark EU  Scandinavia,Worldwide  EU  Scandinavia,4.47/5,
Products4You,Drugs/Ecstasy/MDMA,1000g - Milky White MDMA - 93% Purity,"Welcome to our official NightMarket shop! 1000g - Milky White MDMA - 93% Purity ready for instant dispatch. Double vacuum sealed, professional MBB stealth. 99% delivery rate across Worldwide.",25.537787 BTC,Denmark,Worldwide,4.68/5,
Products4You,Drugs/Stimulants/Speed,High Quality 1gram - Speed Paste/Amphetamine - 73% Purity,High purity 1gram - Speed Paste/Amphetamine - 73% Purity at competitive market prices. Fully tested batch. Customer satisfaction is our top priority.,0.037588 BTC,Denmark EU  Scandinavia,Worldwide  EU  Scandinavia,5.00/5,
Products4You,Drugs/Stimulants/Cocaine,25gram - New-Year Flakes Cocaine - 83%+,"Premium 25gram - New-Year Flakes Cocaine - 83%+ sourced directly from verified labs. Fast, reliable service. Please include your PGP encrypted address when ordering.",8.309003 BTC,Denmark EU  Scandinavia,Worldwide  EU  Scandinavia,4.60/5,
Products4You,Drugs/Cannabis/Hash,500g - Cream SkunkRyger Hash,"Welcome to our official NightMarket shop! 500g - Cream SkunkRyger Hash ready for instant dispatch. Double vacuum sealed, professional MBB stealth. 99% delivery rate across Worldwide.",13.539654 BTC,Denmark,Worldwide,4.52/5,
ConcentratesKing848,Drugs/Cannabis/Concentrates,Top Grade Open Cartridge 1 gram Sativa EU [Fast Shipping],"Premium Open Cartridge 1 gram Sativa EU sourced directly from verified labs. Fast, reliable service. Please include your PGP encrypted address when ordering.",0.173093 BTC,USA,EU,4.85/5,
ConcentratesKing848,Drugs/Stimulants/Prescription,5x Adderall XR 30 mg,5x Adderall XR 30 mg available now. All orders dispatched within 24 hours of payment confirmation. Domestic and international stealth available.,0.292869 BTC,USA,Worldwide,4.89/5,
ConcentratesKing848,Drugs/Prescription,100% Pure 5x Dextroamphetamine extended release 15 mg,5x Dextroamphetamine extended release 15 mg available now. All orders dispatched within 24 hours of payment confirmation. Domestic and international stealth available.,0.156873 BTC,USA,USA,4.95/5,
House_Lannister_EU,Drugs/Ecstasy/MDMA,5g MDMA 82%+ (US ONLY) [Escrow Ready],We are back on NightMarket offering our verified 5g MDMA 82%+ (US ONLY). Guaranteed premium quality and stealth packaging. Contact via PGP for bulk orders.,1.021673 BTC,USA,USA,4.90/5,
House_Lannister_EU,Drugs/Ecstasy/Pills,25x Yellow Grenades 150mg,We are back on NightMarket offering our verified 25x Yellow Grenades 150mg. Guaranteed lab tested quality and stealth packaging. Contact via PGP for bulk orders.,0.470010 BTC,USA,USA,5.00/5,
House_Lannister_EU,Drugs/Ecstasy/MDMA,10g MDMA 82%+ (US ONLY) [Purity Tested],"Welcome to our official NightMarket shop! 10g MDMA 82%+ (US ONLY) ready for instant dispatch. Double vacuum sealed, professional MBB stealth. 99% delivery rate across USA.",1.384839 BTC,USA,USA,5.00/5,
House_Lannister_EU,Drugs/Ecstasy/MDA,20g 84%+ MDA,20g 84%+ MDA available now. All orders dispatched within 24 hours of payment confirmation. Domestic and international stealth available.,3.587463 BTC,USA,USA,4.90/5,
House_Lannister_EU,Drugs/Ecstasy/Pills,10x Yellow Grenades 150mg [Original Batch],"Premium 10x Yellow Grenades 150mg sourced directly from verified labs. Fast, reliable service. Please include your PGP encrypted address when ordering.",0.225504 BTC,USA,USA,4.84/5,
House_Lannister_EU,Drugs/Ecstasy/MDA,High Quality 1/2g 84%+ MDA,"Welcome to our official NightMarket shop! 1/2g 84%+ MDA ready for instant dispatch. Double vacuum sealed, professional MBB stealth. 99% delivery rate across USA.",0.065970 BTC,USA,USA,4.88/5,
House_Lannister_EU,Drugs/Ecstasy/MDMA,Verified 1/4g MDMA 82%+ (US ONLY),High purity 1/4g MDMA 82%+ (US ONLY) at competitive market prices. Fully tested batch. Customer satisfaction is our top priority.,0.030405 BTC,USA,USA,4.82/5,
House_Lannister_EU,Drugs/Ecstasy/MDMA,3g WASHED MDMA 82%+ (US ONLY) [Purity Tested],"Premium 3g WASHED MDMA 82%+ (US ONLY) sourced directly from verified labs. Fast, reliable service. Please include your PGP encrypted address when ordering.",0.438556 BTC,USA,USA,5.00/5,
House_Lannister_EU,Drugs/Ecstasy/MDMA,15g MDMA 82%+ (US ONLY) [Original Batch],High purity 15g  MDMA 82%+ (US ONLY) at competitive market prices. Fully tested batch. Customer satisfaction is our top priority.,2.532699 BTC,USA,USA,5.00/5,
House_Lannister_EU,Drugs/Ecstasy/MDA,3g 84%+ MDA,We are back on NightMarket offering our verified 3g 84%+ MDA. Guaranteed premium quality and stealth packaging. Contact via PGP for bulk orders.,0.628019 BTC,USA,USA,4.96/5,
House_Lannister_EU,Drugs/Ecstasy/Pills,Premium 100x Yellow Grenades 150mg [Purity Tested],"Premium 100x Yellow Grenades 150mg sourced directly from verified labs. Fast, reliable service. Please include your PGP encrypted address when ordering.",1.369718 BTC,USA,USA,4.84/5,
House_Lannister_EU,Drugs/Ecstasy/MDMA,3g MDMA 82%+ (US ONLY) [Tracked],"Premium 3g MDMA 82%+ (US ONLY) sourced directly from verified labs. Fast, reliable service. Please include your PGP encrypted address when ordering.",0.624434 BTC,USA,USA,5.00/5,
House_Lannister_EU,Drugs/Ecstasy/MDMA,HQ 30g MDMA 82%+ (US ONLY),High purity 30g MDMA 82%+ (US ONLY) at competitive market prices. Fully tested batch. Customer satisfaction is our top priority.,2.709483 BTC,USA,USA,5.00/5,
House_Lannister_EU,Drugs/Ecstasy/MDA,100% Pure 10g 84%+ MDA [Fast Shipping],High purity 10g 84%+ MDA at competitive market prices. Fully tested batch. Customer satisfaction is our top priority.,1.527969 BTC,USA,USA,5.00/5,
House_Lannister_EU,Drugs/Ecstasy/MDMA,Premium 2g WASHED MDMA 82%+ (US ONLY),High purity 2g WASHED MDMA 82%+ (US ONLY) at competitive market prices. Fully tested batch. Customer satisfaction is our top priority.,0.317200 BTC,USA,USA,5.00/5,
House_Lannister_EU,Drugs/Ecstasy/MDMA,1/2g MDMA 82%+ (US ONLY),1/2g MDMA 82%+ (US ONLY) available now. All orders dispatched within 24 hours of payment confirmation. Domestic and international stealth available.,0.060754 BTC,USA,USA,5.00/5,
House_Lannister_EU,Drugs/Ecstasy/MDA,MDMA & MDA Combo!!! 1g of each (2g total) [Purity Tested],We are back on NightMarket offering our verified MDMA & MDA Combo!!! 1g of each (2g total). Guaranteed top tier quality and stealth packaging. Contact via PGP for bulk orders.,0.409854 BTC,USA,Worldwide,5.00/5,
House_Lannister_EU,Drugs/Ecstasy/MDA,HQ 15g 84%+ MDA [Fast Shipping],High purity 15g 84%+ MDA at competitive market prices. Fully tested batch. Customer satisfaction is our top priority.,3.057315 BTC,USA,USA,4.93/5,
House_Lannister_EU,Drugs/Ecstasy/MDA,2g 84%+ MDA [Worldwide Stealth],We are back on NightMarket offering our verified 2g 84%+ MDA. Guaranteed top tier quality and stealth packaging. Contact via PGP for bulk orders.,0.405476 BTC,USA,USA,4.98/5,
Archer_Unlimited,Information/eBooks,"Direct Source Clandestine Drug Laboratories The Construction and Operation of - Jack B Nimble.pdf,This text is a good primer on what laboratory equipment is essential and desirable. There are proposals given on how to construct most of the necessary equipment. Quite a lot of detail is given to pr ...,0.015479740952380945 BTC,Torland,,[0 deals], freestylerfreak13a,Information/eBooks,Dream Market invitation / referral link,Dream Market * No downtimes * VERY FAST * No stupid error messages such as 'we're experiencing a DDoS attack' 'the staff are updating a server' 'the server is overloaded' etc. * Escrow * Z ...,0.00153931875 BTC,Torland,,~5/5, Archer_Unlimited,Information/eBooks,Cannabis Grow Bible.pdf,Cannabis Grow Bible.pdf In this book you will learn a number of things. Probably too many to remember all in one go if this is your first time growing. That is why I have broken the book in ...,0.019344515 BTC,Torland,,[0 deals], Narcolepsy,Information/eBooks,PATRIOT ACT PROOF MONEY LAUNDERING WORKS FOR BTC CASH OR EVEN STOLEN CC!!,In this day and age we all know that walking into a bank with loads of cash raises all kinds of red flags even worse if you walk into BofA or Wells Fargo and say you want to open a BTC trading busin ...,0.06374366214285715 BTC,Internet,,~5/5, fake,Information/eBooks,BECOME AN ALPHA MALE - 6 EBOOKS + 10 BONUS,- John Alexander - How To Become An Alpha Male - 7Weeksto100PushUps - 10 Second Sexual Attraction - GetLaidTonight - Pimpology-_The_48_Laws_Of_the_Game - The Complete Guide to Picking Up Girls O ...,0.012298630000000001 BTC,,,4.8/5, Nidge,Information/eBooks,Hacking Wireless Networks For Dummies,Discover how to: *Perform ethical hacks without compromising a system *Combat denial of service and WEP attacks *Understand how invaders think *Recognize the effects of different hacks ...,0.0001597 BTC,Internet,,~5/5, getro,Information/eBooks,The Encyclopedia of Addictive Drugs,The Encyclopedia of Addictive Drugs will save readers many hours of time that would otherwise be spent tracking down basic facts in science journals and libraries. This book is useful to a wide var ...,0.030229849375 BTC,World,,[0 deals], smart666tiger,Information/eBooks,HOW TO EXTRACT MESCALINE,Acid-Base Extraction of Mescaline from San Pedro by Prdy2GO and starlight HTML by metanoid,0.042822818749999984 BTC,Torland,,~5/5, getro,Information/eBooks,Social Engineering: The Art of Human Hacking,The first book to reveal and dissect the technical aspect of many social engineering maneuvers From elicitation pretexting influence and manipulation all aspects of social engineering are picked ap ...,0.02775244222222222 BTC,,,[0 deals], fake,Information/eBooks,PAYPAL Toolkit Pro 2013,Toolkit Pro 2013 ALL The Secret Information That eBay & PayPal Doesn't Want You To Know!,0.015011272857142858 BTC,,,4.8/5, fake,Information/eBooks,SOCIAL ENGINEERING,SOCIAL ENGINEERING THE ART OF HUMAN HACKING,0.008736922105263159 BTC,,,4.8/5, smart666tiger,Electronics,1 VISA PLATINUM ******TOP CARD******,FRESH VISA PLATINUM CARD (High balance ) NB : ALL MY CARDS ARE FRESH NOT SOLD TWICE NEVER USED AND CHECKED BEFORE SENDING For this Order i require FE (FINALIZE EARLY = Release escrow = ...,0.09023219 BTC,Torland,,~5/5, smart666tiger,Electronics,******REAL VISA PLATINUM CARDS = DUMPS 100 % VALID ****,==================================================================== ************Plastic visa platinum******************8 1) 100% valid from California 2) real plastic encoded with th ...,0.6507550228169015 BTC,World,,~5/5, smart666tiger,Electronics,BIG CARDING TUTORIAL CASHOUT FROM STOLEN CARDS,Want to be a carder i wil teach you how to be a great carder . ITS THE CARDING BIBLE : 1) 100% successful Bank transfers.txt 2) 7 Reasons a Credit Card is blocked.txt 3) About MMORPG carding. ...,0.3280588408974358 BTC,Torland,,~5/5, smart666tiger,Electronics,1 AMERICAN EXPRESS BUSINESS ***TOP CARD***,FRESH AMERICAN EXPRESS BUSINESS CARD (High balance ) NB : ALL MY CARDS ARE FRESH NOT SOLD TWICE NEVER USED AND CHECKED BEFORE SENDING For this Order i require FE (FINALIZE EARLY = Rele ...,0.13360881986666664 BTC,Torland,,~5/5, smart666tiger,Electronics,********EBAY SELLER ACCOUNT + PAYPAL VERIFIED 20 FEEDBACK ***********,USA Ebay verified linked to paypal verified 20 FEEDBACK READY TO SELL . Year of creation 2010 = ALL LIMITS removed = you can sell high risky items (counterfeit iphones fake ipad ....etc ) or sel ...,0.14045000142857145 BTC,Torland,,~5/5, smart666tiger,Electronics,***************NEW CASHOUT PAYPAL 2014******************,How to cashout paypal anonymously 100 % working methods 2014,0.06294617909090913 BTC,Torland,,~5/5, smart666tiger,Electronics,A BIG HACKING GUIDE,]*******Want to be a hacker ?******* Buy this guide !! PDF,0.037397531226415114 BTC,Torland,,~5/5, smart666tiger,Electronics,******BRAND NEW WAY TO HAVE AN ANONYMOUS DROP POINT *****,1) You can use an abandonned house 2) you can use your neighbours adress (when they go on holidays) 3) you can use an abandoned warehouse 4) you can use a house for sale 5) you can buy ...,0.07610657192307693 BTC,Torland,,~5/5, smart666tiger,Electronics,1 NEW WAY TO BUY BITCOINS WITH PREPAID VOUCHERS *** 2014**,HOW TO BUY BITCOINS WITH PREPAID VOUCHERS . [b]YOU WILL BE TOTALLY ANONYMOUS [/b],0.02514445911392404 BTC,Torland,,~5/5, smart666tiger,Electronics,BANK LOGIN WITH 2978 EUROS INSIDE,EU BANK LOGIN WITH 2978 EUROS INSIDE .You will receive login details + password here in PM .,0.3695590221428571 BTC,,,~5/5, smart666tiger,Electronics,1 AMERICAN EXPRESS CENTURION BLACK HIGHEST BALANCE IN THE WORLD,FRESH AMERICAN EXPRESS CENTURION BLACK CARD (Highest balance in the world minimum 25 000 usd $ up to ..............Surprise ;) NB : ALL MY CARDS ARE FRESH NOT SOLD TWICE NEVER USED AND C ...,0.1568789427027027 BTC,Torland,,~5/5, smart666tiger,Electronics,*******MAKE MONEY WITH PAYPAL SCAM 100 % WORKING = YES I SAID 100 %********,[b]I will teach you a 100 % Working Method to win any PAYPAL DISPUTE (NO PAYPAL CHARGEBACK) and keep the money for you . 100 % WORKING METHOD GARANTEE !!!! NO REFUND FOR THIS METHOD BECAUSE IT ...,0.032740334230769226 BTC,Torland,,~5/5, the_g0dfather,Electronics,Hi Gain Wifi Antennas,This listing is for a Hi-gain WIFI antenna. I build these my self. They get about 14-15db. VERY strong stuff here these antennas can reach AP's 5 miles away with line of sight. These work even bette ...,0.08944589000000001 BTC,,,~5/5, smart666tiger,Electronics,BANK LOGIN WITH 2100 EUROS BALANCE,EU BANK LOGIN WITH 2100 EUROS BALANCE TO CASHOUT Bank name Login Password First name Last Name Adress Tel Visa number Amount,0.464847013076923 BTC,Torland,,~5/5, THCXpert,Electronics,O2 Anonymous German Prepaid Sim Card,O2 German Anonymous Prepaid Sim Card Fully registered and active. Ideal for anonym account registrations. Micro and Normal Simsize so the card should fit in nearly every phone. If you nee ...,0.024946572608695646 BTC,EU,Worldwide,~5/5, ALL_IN_ONE,Electronics,Brand New Factory Unlocked IPHONE 5 64gb Black IOS 7 FLAPPY BIRD,This is a black 64gb iphone 5 with IOS 7. Straight from the apple store and was never used except for when i was installing flappy bird. Factory unlocked to work on any gsm carrier. please refer to a ...,3.2997086833333333 BTC,USA,WorldWide,[0 deals], THCXpert,Electronics,Lyca Mobil Anonymous Spanish Prepaid Sim Card,Lyca Mobil Anonymous Spanish Prepaid Sim Card Fully registered and active. Ideal for anonym account registrations. Micro and Normal Simsize so the card should fit in nearly every phone. I ...,0.021448099999999998 BTC,EU,,~5/5, 3gents,Electronics,AntMiner U1 1.6GH / 2.2GH USB Bitcoin ASIC Miner,Item is brand new. It runs at 1.6 GH/s but can be overclocked to a maximum of 2.2 GH/s. Item will be shipped with track and trace no signature needed.,0.09381925789473683 BTC,Netherlands,Worldwide,[0 deals], smart666tiger,Electronics,PAYPAL ACCOUNT WITH 400 USD $ BALANCE,PAYPAL ACCOUNT WITH 400 USD $ TO CASHOUT . You are suppose to know how to cashout . If login don't work = i replace for free . If paypal limits your account or asks security measures = i will not rep ...,0.14516044730769234 BTC,Torland,,~5/5, L0rzo,Electronics,Xbox one (UK AND USA ONLY),Im offering a brand new xbox one console also comes with free one month xbox live memebership. --------- It does not come with any of the following: Controller Headset Power supply Hdmi cab ...,0.0892957 BTC,,,~5/5, keno13,Electronics,Registered Pre-Paid Burn Phone,Basic phone for calls and texts comes registered on the Optus network. Clean IMEI so no need to worry about the phone being stolen"". Other phones with more features available on request. Internatio ...","Premium Clandestine Drug Laboratories  The Construction and Operation of - Jack B Nimble.pdf,This text is a good primer on what laboratory equipment is essential and desirable. There are proposals given on how to construct most of the necessary equipment. Quite a lot of detail is given to pr ...,0.015479740952380945 BTC,Torland,,[0 deals],
freestylerfreak13a,Information/eBooks,Dream Market invitation / referral link,Dream Market  * No downtimes * VERY FAST * No stupid error messages  such as 'we're experiencing a DDoS attack'  'the staff are updating a server'  'the server is overloaded'  etc. * Escrow * Z ...,0.00153931875 BTC,Torland,,~5/5,
Archer_Unlimited,Information/eBooks,Cannabis Grow Bible.pdf,Cannabis Grow Bible.pdf  In this book you will learn a number of things. Probably too many to remember all in one go if this is your first time growing.   That is why I have broken the book in ...,0.019344515 BTC,Torland,,[0 deals],
Narcolepsy,Information/eBooks,PATRIOT ACT PROOF MONEY LAUNDERING WORKS FOR BTC CASH OR EVEN STOLEN CC!!,In this day and age we all know that walking into a bank with loads of cash raises all kinds of red flags  even worse if you walk into BofA or Wells Fargo and say you want to open a BTC trading busin ...,0.06374366214285715 BTC,Internet,,~5/5,
fake,Information/eBooks,BECOME AN ALPHA MALE - 6 EBOOKS + 10 BONUS,- John Alexander - How To Become An Alpha Male - 7Weeksto100PushUps - 10 Second Sexual Attraction - GetLaidTonight - Pimpology-_The_48_Laws_Of_the_Game - The Complete Guide to Picking Up Girls O ...,0.012298630000000001 BTC,,,4.8/5,
Nidge,Information/eBooks,Hacking Wireless Networks For Dummies,Discover how to:  *Perform ethical hacks without compromising a system  *Combat denial of service and WEP attacks  *Understand how invaders think  *Recognize the effects of different hacks   ...,0.0001597 BTC,Internet,,~5/5,
getro,Information/eBooks,The Encyclopedia of Addictive Drugs,The Encyclopedia of Addictive Drugs will save readers many hours of time that would otherwise be spent tracking down basic facts in science journals and libraries. This book is useful to a wide var ...,0.030229849375 BTC,World,,[0 deals],
smart666tiger,Information/eBooks,HOW TO EXTRACT MESCALINE,Acid-Base Extraction of Mescaline from San Pedro by Prdy2GO and starlight  HTML by metanoid,0.042822818749999984 BTC,Torland,,~5/5,
getro,Information/eBooks,Social Engineering: The Art of Human Hacking,The first book to reveal and dissect the technical aspect of many social engineering maneuvers From elicitation  pretexting  influence and manipulation all aspects of social engineering are picked ap ...,0.02775244222222222 BTC,,,[0 deals],
fake,Information/eBooks,PAYPAL Toolkit Pro 2013,Toolkit Pro 2013 ALL The Secret Information That eBay & PayPal Doesn't Want You To Know!,0.015011272857142858 BTC,,,4.8/5,
fake,Information/eBooks,SOCIAL ENGINEERING,SOCIAL ENGINEERING THE ART OF HUMAN HACKING,0.008736922105263159 BTC,,,4.8/5,
smart666tiger,Electronics,1 VISA PLATINUM ******TOP CARD******,FRESH   VISA PLATINUM CARD (High balance )  NB : ALL MY CARDS ARE FRESH   NOT SOLD TWICE   NEVER USED   AND CHECKED BEFORE SENDING   For this Order i require FE (FINALIZE EARLY = Release escrow = ...,0.09023219 BTC,Torland,,~5/5,
smart666tiger,Electronics,******REAL VISA PLATINUM CARDS = DUMPS 100 % VALID ****,====================================================================    ************Plastic visa platinum******************8    1) 100% valid from California  2) real plastic encoded with th ...,0.6507550228169015 BTC,World,,~5/5,
smart666tiger,Electronics,BIG CARDING TUTORIAL CASHOUT FROM STOLEN CARDS,Want to be a carder   i wil teach you how to be a great carder . ITS THE CARDING BIBLE :   1) 100% successful Bank transfers.txt 2) 7 Reasons a Credit Card is blocked.txt 3) About MMORPG carding. ...,0.3280588408974358 BTC,Torland,,~5/5,
smart666tiger,Electronics,1 AMERICAN EXPRESS BUSINESS ***TOP CARD***,FRESH   AMERICAN EXPRESS BUSINESS CARD (High balance )  NB : ALL MY CARDS ARE FRESH   NOT SOLD TWICE   NEVER USED   AND CHECKED BEFORE SENDING   For this Order i require FE (FINALIZE EARLY = Rele ...,0.13360881986666664 BTC,Torland,,~5/5,
smart666tiger,Electronics,********EBAY SELLER ACCOUNT + PAYPAL VERIFIED 20  FEEDBACK ***********,USA Ebay verified linked to paypal verified   20 FEEDBACK READY TO SELL . Year of creation 2010 = ALL LIMITS removed = you can sell high risky items (counterfeit iphones   fake ipad ....etc ) or sel ...,0.14045000142857145 BTC,Torland,,~5/5,
smart666tiger,Electronics,***************NEW CASHOUT PAYPAL 2014******************,How to cashout paypal anonymously   100 % working methods  2014,0.06294617909090913 BTC,Torland,,~5/5,
smart666tiger,Electronics,A BIG HACKING GUIDE,]*******Want to be a hacker ?******* Buy this guide !!  PDF,0.037397531226415114 BTC,Torland,,~5/5,
smart666tiger,Electronics,******BRAND NEW WAY TO HAVE AN ANONYMOUS DROP POINT *****,1) You can use an abandonned house   2) you can use your neighbours adress (when they go on holidays)  3) you can use an abandoned warehouse   4) you can use a house for sale   5) you can buy ...,0.07610657192307693 BTC,Torland,,~5/5,
smart666tiger,Electronics,1 NEW WAY TO BUY BITCOINS WITH PREPAID VOUCHERS *** 2014**,HOW TO BUY BITCOINS WITH PREPAID VOUCHERS .  [b]YOU WILL BE TOTALLY ANONYMOUS [/b],0.02514445911392404 BTC,Torland,,~5/5,
smart666tiger,Electronics,BANK LOGIN WITH 2978 EUROS INSIDE,EU BANK LOGIN WITH 2978 EUROS INSIDE .You will receive login details + password here in PM .,0.3695590221428571 BTC,,,~5/5,
smart666tiger,Electronics,1 AMERICAN EXPRESS CENTURION BLACK HIGHEST BALANCE IN THE WORLD,FRESH   AMERICAN EXPRESS CENTURION BLACK CARD (Highest balance in the world   minimum 25 000 usd $ up to ..............Surprise ;)  NB : ALL MY CARDS ARE FRESH   NOT SOLD TWICE   NEVER USED   AND C ...,0.1568789427027027 BTC,Torland,,~5/5,
smart666tiger,Electronics,*******MAKE MONEY WITH PAYPAL SCAM 100 % WORKING = YES I SAID 100 %********,[b]I will teach you a 100 % Working Method   to win any PAYPAL DISPUTE   (NO PAYPAL CHARGEBACK)  and keep the money for you .  100 % WORKING METHOD GARANTEE !!!! NO REFUND FOR THIS METHOD BECAUSE IT ...,0.032740334230769226 BTC,Torland,,~5/5,
the_g0dfather,Electronics,Hi Gain Wifi Antennas,This listing is for a Hi-gain WIFI antenna. I build these my self. They get about 14-15db. VERY strong stuff here  these antennas can reach AP's 5 miles away with line of sight. These work even bette ...,0.08944589000000001 BTC,,,~5/5,
smart666tiger,Electronics,BANK LOGIN WITH 2100 EUROS BALANCE,EU BANK LOGIN WITH 2100 EUROS BALANCE TO CASHOUT   Bank name Login Password First name Last Name Adress Tel Visa number Amount,0.464847013076923 BTC,Torland,,~5/5,
THCXpert,Electronics,O2 Anonymous German Prepaid Sim Card,O2 German Anonymous Prepaid Sim Card  Fully registered and active.  Ideal for anonym account registrations.  Micro and Normal Simsize so the card should fit in nearly every phone.  If you nee ...,0.024946572608695646 BTC,EU,Worldwide,~5/5,
ALL_IN_ONE,Electronics,Brand New  Factory Unlocked IPHONE  5 64gb  Black IOS 7 FLAPPY BIRD,This is a black 64gb iphone 5 with IOS 7. Straight from the apple store and was never used except for when i was installing flappy bird. Factory unlocked to work on any gsm carrier. please refer to a ...,3.2997086833333333 BTC,USA,WorldWide,[0 deals],
THCXpert,Electronics,Lyca Mobil Anonymous Spanish Prepaid Sim Card,Lyca Mobil Anonymous Spanish Prepaid Sim Card  Fully registered and active.  Ideal for anonym account registrations.  Micro and Normal Simsize so the card should fit in nearly every phone.  I ...,0.021448099999999998 BTC,EU,,~5/5,
3gents,Electronics,AntMiner U1 1.6GH / 2.2GH USB Bitcoin ASIC Miner,Item is brand new. It runs at 1.6 GH/s  but can be overclocked to a maximum of 2.2 GH/s.  Item will be shipped with track and trace  no signature needed.,0.09381925789473683 BTC,Netherlands,Worldwide,[0 deals],
smart666tiger,Electronics,PAYPAL ACCOUNT WITH 400 USD $ BALANCE,PAYPAL ACCOUNT WITH 400 USD $ TO CASHOUT . You are suppose to know how to cashout . If login don't work = i replace for free . If paypal limits your account or asks security measures = i will not rep ...,0.14516044730769234 BTC,Torland,,~5/5,
L0rzo,Electronics,Xbox one (UK AND USA ONLY),Im offering a brand new xbox one console also comes with free one month xbox live memebership.  --------- It does not come with any of the following:  Controller Headset Power supply Hdmi cab ...,0.0892957 BTC,,,~5/5,
keno13,Electronics,Registered Pre-Paid Burn Phone,Basic phone for calls and texts  comes registered on the Optus network. Clean IMEI so no need to worry about the phone being stolen"". Other phones with more features available on request. Internatio ... sourced directly from verified labs. Fast, reliable service. Please include your PGP encrypted address when ordering.",0.056851 BTC,USA,~5/5,4.90/5,
Archer_Unlimited,Information/Guides,Custom Marijuana Grow Basics.,Marijuana Grow Basics. available now. All orders dispatched within 24 hours of payment confirmation. Domestic and international stealth available.,0.017263 BTC,Torland,Worldwide,4.92/5,
Archer_Unlimited,Information/Guides,#1 Marijuana Horticulture The Indoor-Outdoor Medical Growers Bible.pd [Worldwide Stealth],#1 Marijuana Horticulture The Indoor-Outdoor Medical Growers Bible.pd available now. All orders dispatched within 24 hours of payment confirmation. Domestic and international stealth available.,0.018376 BTC,Torland,Worldwide,4.84/5,
Archer_Unlimited,Information/Guides,#2 Marijuana Horticulture The Indoor-Outdoor Medical Grower.pdf,We are back on NightMarket offering our verified #2 Marijuana Horticulture The Indoor-Outdoor Medical Grower.pdf. Guaranteed lab tested quality and stealth packaging. Contact via PGP for bulk orders.,0.019327 BTC,Torland,Worldwide,4.73/5,
Archer_Unlimited,Information/Guides,Marijuana Horticulture The Indoor-Outdoor Medical Growers Bible.pd,"Premium Marijuana Horticulture The Indoor-Outdoor Medical Growers Bible.pd sourced directly from verified labs. Fast, reliable service. Please include your PGP encrypted address when ordering.",0.018519 BTC,Torland,Worldwide,5.00/5,
Archer_Unlimited,Data/Software,HQ PGP Symantec Encryption Desktop Corporate,"Welcome to our official NightMarket shop! PGP Symantec Encryption Desktop Corporate ready for instant dispatch. Double vacuum sealed, professional MBB stealth. 99% delivery rate across worldwide.",0.032694 BTC,Torland,Worldwide,4.93/5,
Archer_Unlimited,Information/Guides,100% Pure LSD 3 books.,"Welcome to our official NightMarket shop! LSD 3 books. ready for instant dispatch. Double vacuum sealed, professional MBB stealth. 99% delivery rate across worldwide.",0.012079 BTC,Torland,Worldwide,4.97/5,
Archer_Unlimited,Information/Guides,Growing Elite Marijuana. [Purity Tested],Growing Elite Marijuana. available now. All orders dispatched within 24 hours of payment confirmation. Domestic and international stealth available.,0.025989 BTC,Torland,Worldwide,5.00/5,
Archer_Unlimited,Information/Guides,Grow psilocybin mushrooms 15 books. [Fast Shipping],We are back on NightMarket offering our verified Grow psilocybin mushrooms 15 books.. Guaranteed high grade quality and stealth packaging. Contact via PGP for bulk orders.,0.038264 BTC,Torland,Worldwide,4.85/5,
Archer_Unlimited,Information/Guides,Jorge Cervantes-Ultimate Grow-Video [Escrow Ready],We are back on NightMarket offering our verified Jorge Cervantes-Ultimate Grow-Video. Guaranteed lab tested quality and stealth packaging. Contact via PGP for bulk orders.,0.035707 BTC,USA,Worldwide,4.80/5,
Archer_Unlimited,Information/Guides,High Quality Secrets of Methamphetamine Manufacture [Original Batch],Secrets of Methamphetamine Manufacture available now. All orders dispatched within 24 hours of payment confirmation. Domestic and international stealth available.,0.017450 BTC,Torland,Worldwide,5.00/5,
Hack,Info/eBooks/Other,Direct Source Clandestine Drug Chemist Pack,Clandestine Drug Chemist Pack available now. All orders dispatched within 24 hours of payment confirmation. Domestic and international stealth available.,0.007376 BTC,Torland,Worldwide,4.93/5,
Hack,Information/eBooks,The Ultimate Guide to Make Money with Android,"Welcome to our official NightMarket shop! The Ultimate Guide to Make Money with Android ready for instant dispatch. Double vacuum sealed, professional MBB stealth. 99% delivery rate across worldwide.",0.030586 BTC,Torland,Worldwide,5.00/5,
Hack,Services/Money,1 x US Classic VISA fullz CC : SSN + DOB + MMN,"Premium 1 x US Classic VISA fullz CC : SSN + DOB + MMN sourced directly from verified labs. Fast, reliable service. Please include your PGP encrypted address when ordering.",0.125601 BTC,Torland,Worldwide,4.98/5,
Hack,Information/eBooks,100% Pure HOW TO GROW PSYCHEDELIC MUSHROOMS,HOW TO GROW PSYCHEDELIC MUSHROOMS available now. All orders dispatched within 24 hours of payment confirmation. Domestic and international stealth available.,0.011292 BTC,Torland,Worldwide,4.83/5,
Hack,Services/Money,Anon. EU OKPAY verified account [24/7 Auto Dispatch],We are back on NightMarket offering our verified Anon. EU OKPAY verified account. Guaranteed premium quality and stealth packaging. Contact via PGP for bulk orders.,0.563619 BTC,EU,Worldwide,5.00/5,
Hack,Services/Money,1 x NO VBV US VISA GOLD CC,High purity 1 x NO VBV US VISA GOLD CC at competitive market prices. Fully tested batch. Customer satisfaction is our top priority.,0.060006 BTC,USA,Worldwide,4.79/5,
Hack,Info/eBooks/Other,100% Pure WALL STREET AND THE RISE OF HITLER,"Premium WALL STREET AND THE RISE OF HITLER sourced directly from verified labs. Fast, reliable service. Please include your PGP encrypted address when ordering.",0.029046 BTC,Torland,Worldwide,4.73/5,
Hack,Information/eBooks,Hacking Digital Cameras,"Premium Hacking Digital Cameras sourced directly from verified labs. Fast, reliable service. Please include your PGP encrypted address when ordering.",0.023072 BTC,Torland,Worldwide,4.88/5,
Hack,Information/eBooks,Growing marijuana 10 ebooks [Original Batch],We are back on NightMarket offering our verified Growing marijuana 10 ebooks. Guaranteed premium quality and stealth packaging. Contact via PGP for bulk orders.,0.019390 BTC,Torland,Worldwide,5.00/5,
Hack,Services/Money,US Paypal account verified 500usd balance,High purity US Paypal account verified 500usd balance at competitive market prices. Fully tested batch. Customer satisfaction is our top priority.,0.225196 BTC,Torland,Worldwide,5.00/5,
Hack,Information/eBooks,14 Illegal Banned Books,"Premium 14 Illegal Banned Books sourced directly from verified labs. Fast, reliable service. Please include your PGP encrypted address when ordering.",0.013867 BTC,Torland,Worldwide,4.99/5,
Hack,Information/Guides,custom for H [Fast Shipping],High purity custom for H at competitive market prices. Fully tested batch. Customer satisfaction is our top priority.,0.026542 BTC,Torland,Worldwide,4.80/5,
Hack,Services/Money,VERIFIED US PAYPAL 250 USD BALANCE + CC/BANK ATTACH,We are back on NightMarket offering our verified VERIFIED US PAYPAL 250 USD BALANCE + CC/BANK ATTACH. Guaranteed premium quality and stealth packaging. Contact via PGP for bulk orders.,0.075907 BTC,USA,Worldwide,5.00/5,
Hack,Info/eBooks/Other,Ultra Clean FLIRTING IN THE 21 2 ST CENTURY,We are back on NightMarket offering our verified FLIRTING IN THE 21 2 ST CENTURY. Guaranteed high grade quality and stealth packaging. Contact via PGP for bulk orders.,0.012736 BTC,Torland,Worldwide,4.87/5,
Hack,Services/Money,1 x NO VBV US VISA CC,"Premium 1 x NO VBV US VISA CC sourced directly from verified labs. Fast, reliable service. Please include your PGP encrypted address when ordering.",0.045621 BTC,USA,Worldwide,4.90/5,
Corey_Worthington,Drugs/Ecstasy/MDMA,Ultra Clean 56g Pure Moonrock MDMA (Aus Domestic),"Premium 56g Pure Moonrock MDMA (Aus Domestic) sourced directly from verified labs. Fast, reliable service. Please include your PGP encrypted address when ordering.",16.877436 BTC,Australia,Australia,4.98/5,
Corey_Worthington,Drugs/Ecstasy/MDMA,Verified 14g Pure Moonrock MDMA (Aus Domestic) [Worldwide Stealth],"Welcome to our official NightMarket shop! 14g Pure Moonrock MDMA (Aus Domestic) ready for instant dispatch. Double vacuum sealed, professional MBB stealth. 99% delivery rate across worldwide.",5.971691 BTC,Australia,Worldwide,4.87/5,
Corey_Worthington,Drugs/Ecstasy/MDMA,Custom 28g Pure Moonrock MDMA (Aus Domestic) [Escrow Ready],"Welcome to our official NightMarket shop! 28g Pure Moonrock MDMA (Aus Domestic) ready for instant dispatch. Double vacuum sealed, professional MBB stealth. 99% delivery rate across Australia.",8.501466 BTC,Australia,Australia,4.88/5,
Ba_ron,Drugs/Opioids,5 G Strong Heroin THE OFFER OF THE YEAR PAY4GET5 BEST #3 F/E SPECIAL FROM BARON [Purity Tested],"Welcome to our official NightMarket shop! 5 G Strong Heroin THE OFFER OF THE YEAR PAY4GET5 BEST #3 F/E SPECIAL FROM BARON ready for instant dispatch. Double vacuum sealed, professional MBB stealth. 99% delivery rate across Worldwide (OUTSIDE EU REQIRE F/E.",0.535772 BTC,EU,Worldwide (OUTSIDE EU REQIRE F/E,4.91/5,
Ba_ron,Drugs/Opioids,Ultra Clean 0.2Gram Baron's Brown #3 Afghan Agora F/E Special 1 Bag Per User [Tracked],"Premium 0.2Gram Baron's Brown #3 Afghan Agora F/E Special 1 Bag Per User sourced directly from verified labs. Fast, reliable service. Please include your PGP encrypted address when ordering.",0.017016 BTC,EU,Worldwide (OUTSIDE EU REQIRE F/E,4.98/5,
Ba_ron,Drugs/Opioids,100% Pure 0.5g Baron's Strong #3 Afghan Heroin [Worldwide Stealth],High purity 0.5g Baron's Strong #3 Afghan Heroin at competitive market prices. Fully tested batch. Customer satisfaction is our top priority.,0.073879 BTC,EU,Worldwide,5.00/5,
Ba_ron,Drugs/Opioids,NEW BATCH 5 G Strong Heroin THE OFFER OF THE YEAR PAY4GET5 BEST #3 F/E SPECIAL FROM BARON,"Premium NEW BATCH 5 G Strong Heroin THE OFFER OF THE YEAR PAY4GET5 BEST #3 F/E SPECIAL FROM BARON sourced directly from verified labs. Fast, reliable service. Please include your PGP encrypted address when ordering.",0.891264 BTC,EU,Worldwide (OUTSIDE EU REQIRE F/E,4.48/5,
Ba_ron,Drugs/Opioids/Other,Direct Source 5 Gram Baron's New Batch Ultra Strong Afghan #3 Heroin,"Premium 5 Gram Baron's New Batch Ultra Strong Afghan #3 Heroin sourced directly from verified labs. Fast, reliable service. Please include your PGP encrypted address when ordering.",0.699774 BTC,EU,Worldwide,4.79/5,
Ba_ron,Drugs/Opioids,Exclusive 1000g 1kg Baron's Afghan Bulk Offer,"Premium 1000g 1kg Baron's Afghan Bulk Offer sourced directly from verified labs. Fast, reliable service. Please include your PGP encrypted address when ordering.",72.782028 BTC,EU,Worldwide (OUTSIDE EU REQIRE F/E,5.00/5,
Ba_ron,Drugs/Opioids/Other,HQ 50g Baron's #3 Afghan Heroin Brick Uncut,High purity 50g  Baron's #3  Afghan Heroin  Brick Uncut at competitive market prices. Fully tested batch. Customer satisfaction is our top priority.,6.184545 BTC,EU,Worldwide (OUTSIDE EU REQIRE F/E,4.78/5,
Ba_ron,Drugs/Opioids,5 Gram Baron's #3 Afghan Heroin Escrow Offer For Europe,High purity 5 Gram Baron's #3 Afghan  Heroin Escrow Offer For Europe at competitive market prices. Fully tested batch. Customer satisfaction is our top priority.,0.919480 BTC,EU,Worldwide (OUTSIDE EU REQIRE F/E,4.88/5,
Ba_ron,Drugs/Opioids/Other,High Quality 0.5g #3 Afghan Heroin High Quality Uncut Pure From The Brick Best Price Seller On All Markets,"Premium 0.5g #3 Afghan Heroin High Quality Uncut Pure From The Brick Best Price Seller On All Markets sourced directly from verified labs. Fast, reliable service. Please include your PGP encrypted address when ordering.",0.122789 BTC,EU,Worldwide,4.52/5,
Ba_ron,Drugs/Other,International Post Tacking,"Welcome to our official NightMarket shop! International  Post Tacking ready for instant dispatch. Double vacuum sealed, professional MBB stealth. 99% delivery rate across worldwide.",0.043110 BTC,USA,Worldwide,4.63/5,
Ba_ron,Drugs/Opioids/Heroin,Verified 1g HQ Afghan #3 Brown Heroin Very Strong Best Purity On Market Free Ship,1g HQ Afghan #3 Brown Heroin Very Strong Best Purity On Market Free Ship available now. All orders dispatched within 24 hours of payment confirmation. Domestic and international stealth available.,0.163976 BTC,EU,Worldwide,4.71/5,
Ba_ron,Drugs/Opioids/Heroin,1g HQ PURE UNCUT DIRECT FROM THE BRICK AFGHAN #3 FREE//SHIP FULL ESCROW,1g HQ PURE UNCUT DIRECT FROM THE BRICK AFGHAN #3 FREE//SHIP FULL ESCROW available now. All orders dispatched within 24 hours of payment confirmation. Domestic and international stealth available.,0.119558 BTC,EU,Worldwide,4.54/5,
Ba_ron,Drugs/Opioids/Heroin,Verified 0.25g #3 Afghan Heroin High Quality Uncut Pure From The Brick Best Price Seller On All Markets [24/7 Auto Dispatch],"Welcome to our official NightMarket shop! 0.25g #3 Afghan Heroin High Quality Uncut Pure From The Brick Best Price Seller On All Markets ready for instant dispatch. Double vacuum sealed, professional MBB stealth. 99% delivery rate across worldwide.",0.069105 BTC,EU,Worldwide,4.73/5,
Ba_ron,Drugs/Opioids/Heroin,HQ 0 5g HQ Afghan #3 Brown Heroin Very Strong Best Purity On Market Free Ship,We are back on NightMarket offering our verified 0 5g HQ Afghan #3 Brown Heroin Very Strong Best Purity On Market Free Ship. Guaranteed high grade quality and stealth packaging. Contact via PGP for bulk orders.,0.107631 BTC,EU,Worldwide,4.67/5,
Ba_ron,Drugs/Opioids,1g Baron's Strong #3 Afghan Heroin,We are back on NightMarket offering our verified 1g Baron's Strong #3 Afghan Heroin. Guaranteed 99% quality and stealth packaging. Contact via PGP for bulk orders.,0.129925 BTC,EU,Worldwide,5.00/5,
Praetorian,Drugs/Ecstasy/Pills,500x Yellow UPS ~220mg MDMA **DOMESTIC USA**,500x Yellow UPS ~220mg MDMA **DOMESTIC USA** available now. All orders dispatched within 24 hours of payment confirmation. Domestic and international stealth available.,17.884414 BTC,USA,Worldwide,5.00/5,
Praetorian,Drugs/Ecstasy/Pills,100x BLUE Tesla Pills ~220mg MDMA **DOMESTIC USA**,100x BLUE Tesla Pills ~220mg MDMA **DOMESTIC USA** available now. All orders dispatched within 24 hours of payment confirmation. Domestic and international stealth available.,4.686833 BTC,USA,Worldwide,4.87/5,
Praetorian,Drugs/Ecstasy/Pills,Exclusive 50x Orange Lego Pills ~220mg MDMA **DOMESTIC USA** [24/7 Auto Dispatch],"Welcome to our official NightMarket shop! 50x Orange Lego Pills ~220mg MDMA **DOMESTIC USA** ready for instant dispatch. Double vacuum sealed, professional MBB stealth. 99% delivery rate across worldwide.",1.986630 BTC,USA,Worldwide,4.99/5,
Praetorian,Drugs/Ecstasy/Pills,*FLASH SALE* 10x Gold Bars ~200mg MDMA **DOMESTIC USA**,"Premium *FLASH SALE* 10x Gold Bars ~200mg MDMA **DOMESTIC USA** sourced directly from verified labs. Fast, reliable service. Please include your PGP encrypted address when ordering.",0.358025 BTC,USA,Worldwide,5.00/5,
Praetorian,Drugs/Ecstasy/Pills,***FLASH SALE***100x Orange Lego Pills ~220mg MDMA **DOMESTIC USA**,***FLASH SALE***100x Orange Lego Pills ~220mg MDMA **DOMESTIC USA** available now. All orders dispatched within 24 hours of payment confirmation. Domestic and international stealth available.,3.632038 BTC,USA,Worldwide,4.78/5,
Praetorian,Drugs/Ecstasy/Pills,***FLASH SALE***500x Orange Legos ~220mg MDMA **DOMESTIC USA**,"Premium ***FLASH SALE***500x Orange Legos ~220mg MDMA **DOMESTIC USA** sourced directly from verified labs. Fast, reliable service. Please include your PGP encrypted address when ordering.",13.189926 BTC,USA,Worldwide,5.00/5,
Praetorian,Drugs/Ecstasy/Pills,100x Orange Tesla Pills ~220mg MDMA **DOMESTIC USA** [Tracked],"Welcome to our official NightMarket shop! 100x Orange Tesla Pills ~220mg MDMA **DOMESTIC USA** ready for instant dispatch. Double vacuum sealed, professional MBB stealth. 99% delivery rate across worldwide.",3.538952 BTC,USA,Worldwide,4.80/5,
Praetorian,Drugs/Ecstasy/Pills,50x Yellow UPS ~220mg MDMA **DOMESTIC USA** [Original Batch],50x Yellow UPS ~220mg MDMA **DOMESTIC USA** available now. All orders dispatched within 24 hours of payment confirmation. Domestic and international stealth available.,2.162285 BTC,USA,Worldwide,4.96/5,
Praetorian,Drugs/Ecstasy/Pills,10x Orange Lego Pills ~220mg MDMA **DOMESTIC USA**,We are back on NightMarket offering our verified 10x Orange Lego Pills ~220mg MDMA **DOMESTIC USA**. Guaranteed high grade quality and stealth packaging. Contact via PGP for bulk orders.,0.721216 BTC,USA,Worldwide,5.00/5,
Praetorian,Drugs/Ecstasy/Pills,Custom 10x Yellow UPS ~220mg MDMA **DOMESTIC USA** [24/7 Auto Dispatch],"Premium 10x Yellow UPS ~220mg MDMA **DOMESTIC USA** sourced directly from verified labs. Fast, reliable service. Please include your PGP encrypted address when ordering.",0.494801 BTC,USA,Worldwide,5.00/5,
Praetorian,Drugs/Ecstasy/Other,1g SAMPLE Ethylone Crystals **DOMESTIC USA** [24/7 Auto Dispatch],1g SAMPLE Ethylone Crystals  **DOMESTIC USA** available now. All orders dispatched within 24 hours of payment confirmation. Domestic and international stealth available.,0.056273 BTC,USA,Worldwide,5.00/5,
Praetorian,Drugs/Ecstasy/MDMA,Ultra Clean 5g Amsterdam MDMA Crystals **DOMESTIC USA** [Escrow Ready],"Premium 5g Amsterdam MDMA Crystals  **DOMESTIC USA** sourced directly from verified labs. Fast, reliable service. Please include your PGP encrypted address when ordering.",0.391414 BTC,USA,Worldwide,5.00/5,
Praetorian,Drugs/Ecstasy/Pills,100x Green Turtles ~120mg MDMA **DOMESTIC USA** [Purity Tested],High purity 100x Green Turtles ~120mg MDMA **DOMESTIC USA** at competitive market prices. Fully tested batch. Customer satisfaction is our top priority.,2.045614 BTC,USA,Worldwide,5.00/5,
White_hSark,Drugs/Cannabis/Weed,Verified 28g / 1oz - Dense and Delicious Nugs - AAA,We are back on NightMarket offering our verified 28g / 1oz - Dense and Delicious Nugs - AAA. Guaranteed lab tested quality and stealth packaging. Contact via PGP for bulk orders.,0.531420 BTC,Canada,Worldwide,4.78/5,
White_hSark,Drugs/Cannabis/Weed,QP Custom Listing [Escrow Ready],We are back on NightMarket offering our verified QP Custom Listing. Guaranteed high grade quality and stealth packaging. Contact via PGP for bulk orders.,1.566486 BTC,Canada,Worldwide,4.75/5,
White_hSark,Drugs/Cannabis/Weed,Ultra Clean 3.5g Sample AAA Cannabis,"Welcome to our official NightMarket shop! 3.5g Sample AAA Cannabis ready for instant dispatch. Double vacuum sealed, professional MBB stealth. 99% delivery rate across worldwide.",0.049485 BTC,Canada,Worldwide,4.89/5,
White_hSark,Drugs/Cannabis/Weed,Ultra Clean 2 oz / 56 g AAA Cannabis,High purity 2 oz / 56 g AAA Cannabis at competitive market prices. Fully tested batch. Customer satisfaction is our top priority.,0.925666 BTC,Canada,Worldwide,5.00/5,
White_hSark,Drugs/Cannabis/Weed,Exclusive 1 lb International - Pilot Project,We are back on NightMarket offering our verified 1 lb International - Pilot Project. Guaranteed premium quality and stealth packaging. Contact via PGP for bulk orders.,7.422546 BTC,Canada,Worldwide,4.73/5,
MaBra,Drugs/Benzos,10 X Xanax 1 Mg Upjohn 90 ( Alprazolam ) by Phizer,"Welcome to our official NightMarket shop! 10 X Xanax 1 Mg Upjohn 90 ( Alprazolam ) by Phizer ready for instant dispatch. Double vacuum sealed, professional MBB stealth. 99% delivery rate across Sweden.",0.068117 BTC,Sweden,Sweden,4.94/5,
MaBra,Drugs/Benzos,30 X Xanax 1 Mg Upjohn 90 ( Alprazolam ) by Phizer. [24/7 Auto Dispatch],30 X Xanax 1 Mg Upjohn 90 ( Alprazolam ) by Phizer. available now. All orders dispatched within 24 hours of payment confirmation. Domestic and international stealth available.,0.159283 BTC,Sweden,Sweden,4.70/5,
MaBra,Drugs/Benzos,100% Pure 10 X Valium 10 Mg ( Diazepam ) av KRKA [Fast Shipping],"Premium 10 X Valium 10 Mg ( Diazepam ) av KRKA sourced directly from verified labs. Fast, reliable service. Please include your PGP encrypted address when ordering.",0.065222 BTC,Sweden,Sweden,4.75/5,
MaBra,Drugs/Benzos,30 X Valium 10 Mg ( Diazepam ) av KRKA [Fast Shipping],High purity 30 X Valium 10 Mg ( Diazepam ) av KRKA at competitive market prices. Fully tested batch. Customer satisfaction is our top priority.,0.153080 BTC,Sweden,Sweden,4.72/5,
mhahollifield_EU,Data/Accounts,MY Vendor Account,"Premium MY Vendor Account sourced directly from verified labs. Fast, reliable service. Please include your PGP encrypted address when ordering.",0.526737 BTC,USA,Worldwide,5.00/5,
RAD,Drugs/Benzos,3x 2mg Xanax Alprazolam white bars from U.S. pharmacy G 3722,High purity 3x 2mg Xanax Alprazolam white bars from U.S. pharmacy G 3722 at competitive market prices. Fully tested batch. Customer satisfaction is our top priority.,0.019465 BTC,USA,USA,4.80/5,
RAD,Drugs/Benzos,Verified 2mg Xanax Alprazolam white bars from U.S. pharmacy,"Premium 2mg Xanax Alprazolam white bars from U.S. pharmacy sourced directly from verified labs. Fast, reliable service. Please include your PGP encrypted address when ordering.",0.008870 BTC,USA,USA,4.71/5,
RAD,Drugs/Ecstasy/MDMA,Top Grade MDMA 100mg x 2 capsules- imported tan sand [Escrow Ready],We are back on NightMarket offering our verified MDMA 100mg x 2 capsules- imported tan sand. Guaranteed high grade quality and stealth packaging. Contact via PGP for bulk orders.,0.032322 BTC,USA,USA,4.74/5,
RAD,Drugs/RCs,Exclusive a-PVP 10g - substitute this for adderall meth speed (or mdpv) & pass drug tests & save $ [24/7 Auto Dispatch],We are back on NightMarket offering our verified a-PVP 10g - substitute this for adderall meth speed (or mdpv) & pass drug tests & save $. Guaranteed high grade quality and stealth packaging. Contact via PGP for bulk orders.,0.567104 BTC,USA,USA,5.00/5,
RAD,Drugs/RCs,a-PVP 150mg sample - substitute this for adderall meth speed (or mdpv) & pass drug tests & save $ [Escrow Ready],"Welcome to our official NightMarket shop! a-PVP 150mg sample - substitute this for adderall meth speed (or mdpv) & pass drug tests & save $ ready for instant dispatch. Double vacuum sealed, professional MBB stealth. 99% delivery rate across Worldwide.",0.022356 BTC,USA,Worldwide,4.80/5,
RAD,Drugs/Opioids,High Quality 4x NORCO Hydrocodone 10/325 from US Pharmacy white '533',4x NORCO Hydrocodone 10/325 from US Pharmacy white '533' available now. All orders dispatched within 24 hours of payment confirmation. Domestic and international stealth available.,0.068434 BTC,USA,USA,4.86/5,
RAD,Drugs/Opioids,10mg Methadone white tabs M 57 71 by Mallinckrodt US Pharmacy [24/7 Auto Dispatch],"Premium 10mg Methadone white tabs M 57 71 by Mallinckrodt US Pharmacy sourced directly from verified labs. Fast, reliable service. Please include your PGP encrypted address when ordering.",0.029064 BTC,USA,USA,4.95/5,
RAD,Drugs/RCs,100% Pure a-PVP 100mg sample - substitute this for adderall meth speed (or mdpv) & pass drug tests & save $ [Fast Shipping],High purity a-PVP 100mg sample - substitute this for adderall meth speed (or mdpv) & pass drug tests & save $ at competitive market prices. Fully tested batch. Customer satisfaction is our top priority.,0.033190 BTC,USA,Worldwide,5.00/5,
RAD,Drugs/RCs,a-PVP 1g - substitute this for adderall meth speed coke crack (or mdpv) & pass drug tests & save $,We are back on NightMarket offering our verified a-PVP 1g - substitute this for adderall meth speed coke crack (or mdpv) & pass drug tests & save $. Guaranteed 99% quality and stealth packaging. Contact via PGP for bulk orders.,0.095510 BTC,USA,USA,5.00/5,
RAD,Drugs/Prescription,15mg Oxycodone Qualitest 48 11 Green V's [Escrow Ready],15mg Oxycodone Qualitest 48 11 Green V's available now. All orders dispatched within 24 hours of payment confirmation. Domestic and international stealth available.,0.056157 BTC,USA,USA,4.85/5,
RAD,Drugs/Opioids,HQ Dilaudid 8mg Hydromorphone Triangles [24/7 Auto Dispatch],"Premium Dilaudid 8mg Hydromorphone Triangles sourced directly from verified labs. Fast, reliable service. Please include your PGP encrypted address when ordering.",0.091856 BTC,USA,USA,4.78/5,
RAD,Drugs/Benzos,HQ 2mg Xanax Alprazolam white bars from U.S. pharmacy G 3722,High purity 2mg Xanax Alprazolam white bars from U.S. pharmacy G 3722 at competitive market prices. Fully tested batch. Customer satisfaction is our top priority.,0.006926 BTC,USA,USA,5.00/5,
RAD,Drugs/Ecstasy/MDMA,MDMA 1g - imported tan sand,High purity MDMA 1g - imported tan sand at competitive market prices. Fully tested batch. Customer satisfaction is our top priority.,0.099247 BTC,USA,USA,4.78/5,
RAD,Drugs/RCs,a-PVP 1g - substitute this for adderall meth speed (or mdpv) & pass drug tests & save $ [24/7 Auto Dispatch],"Premium a-PVP 1g - substitute this for adderall meth speed (or mdpv) & pass drug tests & save $ sourced directly from verified labs. Fast, reliable service. Please include your PGP encrypted address when ordering.",0.063644 BTC,USA,Worldwide,5.00/5,
RAD,Drugs/Benzos,10x 1mg Klonopin Clonazepam green 833 from U.S. pharmacy Teva,"Welcome to our official NightMarket shop! 10x 1mg Klonopin Clonazepam green 833 from U.S. pharmacy Teva ready for instant dispatch. Double vacuum sealed, professional MBB stealth. 99% delivery rate across USA.",0.024091 BTC,USA,USA,4.77/5,
Mindful-Shaman,Drugs/Psychedelics/NB,10 grams of 25B-NBOME -- FREE SHIPPING,High purity 10 grams of 25B-NBOME -- FREE SHIPPING at competitive market prices. Fully tested batch. Customer satisfaction is our top priority.,1.116467 BTC,China,Worldwide,4.64/5,
Mindful-Shaman,Drugs/Psychedelics/Mushrooms,3/4 oz dried Psilocybe cubensis Penis Envy shrooms,3/4 oz dried Psilocybe cubensis Penis Envy shrooms available now. All orders dispatched within 24 hours of payment confirmation. Domestic and international stealth available.,0.828327 BTC,USA,USA,4.66/5,
Mindful-Shaman,Drugs/Cannabis/Synthetics,Custom 100 grams JWH-210 -- SHIPPING INCLUDED [Escrow Ready],"Premium 100 grams JWH-210 -- SHIPPING INCLUDED sourced directly from verified labs. Fast, reliable service. Please include your PGP encrypted address when ordering.",1.781597 BTC,China,Worldwide,5.00/5,
Mindful-Shaman,Drugs/Psychedelics/Mushrooms,1/2 oz dried Psilocybe cubensis shrooms 10% EXTRA FREE!,High purity 1/2 oz dried Psilocybe cubensis shrooms 10% EXTRA FREE! at competitive market prices. Fully tested batch. Customer satisfaction is our top priority.,0.324927 BTC,USA,USA,4.83/5,
Mindful-Shaman,Drugs/Psychedelics/LSD,Exclusive 10 AL-LAD Blotters (150mcg),10 AL-LAD Blotters (150mcg) available now. All orders dispatched within 24 hours of payment confirmation. Domestic and international stealth available.,0.556141 BTC,USA,Worldwide,4.89/5,
Mindful-Shaman,Drugs/Prescription,50 g Flubromazepam [Fast Shipping],"Premium 50 g Flubromazepam sourced directly from verified labs. Fast, reliable service. Please include your PGP encrypted address when ordering.",2.104138 BTC,USA,Worldwide,4.84/5,
Mindful-Shaman,Drugs/Psychedelics/Other,100 grams 4-HO-MIPT FREE SHIPPING [Original Batch],We are back on NightMarket offering our verified 100 grams 4-HO-MIPT FREE SHIPPING. Guaranteed high grade quality and stealth packaging. Contact via PGP for bulk orders.,4.450542 BTC,China,Worldwide,4.75/5,
Annie_AnnCA,Drugs/Ecstasy/MDA,7 grams of MDA [Original Batch],"Welcome to our official NightMarket shop! 7 grams of MDA ready for instant dispatch. Double vacuum sealed, professional MBB stealth. 99% delivery rate across USA.",0.628697 BTC,USA,USA,4.96/5,
Annie_AnnCA,Drugs/Ecstasy/MDA,Top Grade 1 ounce (28 grams) of MDA,"Welcome to our official NightMarket shop! 1 ounce (28 grams) of MDA ready for instant dispatch. Double vacuum sealed, professional MBB stealth. 99% delivery rate across USA.",1.703858 BTC,USA,USA,5.00/5,
Annie_AnnCA,Drugs/Ecstasy/MDA,1 gram of MDA,High purity 1 gram of MDA at competitive market prices. Fully tested batch. Customer satisfaction is our top priority.,0.138548 BTC,USA,USA,5.00/5,
Annie_AnnCA,Drugs/Ecstasy/MDA,HQ 1/2 ounce of MDA,1/2 ounce of MDA available now. All orders dispatched within 24 hours of payment confirmation. Domestic and international stealth available.,1.170767 BTC,USA,USA,4.95/5,
Annie_AnnCA,Drugs/Ecstasy/MDA,Exclusive 2.5 grams of MDA [Fast Shipping],High purity 2.5 grams of MDA at competitive market prices. Fully tested batch. Customer satisfaction is our top priority.,0.196743 BTC,USA,USA,5.00/5,
Annie_AnnCA,Drugs/Cannabis/Weed,Top Grade 1 ounce of Purple Trainwreck,We are back on NightMarket offering our verified 1 ounce of Purple Trainwreck. Guaranteed high grade quality and stealth packaging. Contact via PGP for bulk orders.,0.517997 BTC,USA,Worldwide,5.00/5,
Annie_AnnCA,Drugs/Ecstasy/MDA,High Quality 2.5 Grams of MDA [Purity Tested],2.5 Grams of MDA available now. All orders dispatched within 24 hours of payment confirmation. Domestic and international stealth available.,0.361686 BTC,USA,everywhere,5.00/5,
Annie_AnnCA,Drugs/Ecstasy/MDA,5 grams of MDA,"Premium 5 grams of MDA sourced directly from verified labs. Fast, reliable service. Please include your PGP encrypted address when ordering.",0.377136 BTC,USA,USA,5.00/5,
jUstsmuggledn,Drugs/Cannabis/Concentrates,"Verified NEW SALE!! $25 OFF!!...1OZ...""SHARK SHOCK""...BLONDE CRUMBLE WAX!!","Premium NEW SALE!! $25 OFF!!...1OZ...""SHARK SHOCK""...BLONDE CRUMBLE WAX!! sourced directly from verified labs. Fast, reliable service. Please include your PGP encrypted address when ordering.",3.578793 BTC,USA,Worldwide,4.85/5,
jUstsmuggledn,Drugs/Cannabis/Concentrates,"HP...""SHARK SHOCK""...BLONDE CRUMBLE WAX!!...Custom Order for Travis","We are back on NightMarket offering our verified HP...""SHARK SHOCK""...BLONDE CRUMBLE WAX!!...Custom Order for Travis. Guaranteed 99% quality and stealth packaging. Contact via PGP for bulk orders.",16.056856 BTC,USA,Worldwide,4.66/5,
jUstsmuggledn,Drugs/Stimulants/Cocaine,"Verified Holiday SALE!!!!!14G...""PURE FISHSCALE""...COCAINE!! [24/7 Auto Dispatch]","High purity Holiday SALE!!!!!14G...""PURE FISHSCALE""...COCAINE!! at competitive market prices. Fully tested batch. Customer satisfaction is our top priority.",3.575953 BTC,USA,USA,4.84/5,
jUstsmuggledn,Drugs/Stimulants/Cocaine,"Direct Source !!!!Entrepreneur SPECIAL!!!!125G...""PURE FISHSCALE""...COCAINE!!","High purity !!!!Entrepreneur SPECIAL!!!!125G...""PURE FISHSCALE""...COCAINE!! at competitive market prices. Fully tested batch. Customer satisfaction is our top priority.",30.709203 BTC,USA,USA,4.91/5,
jUstsmuggledn,Drugs/Stimulants/Cocaine,Premium 14G...HIGH QUALITY...COCAINE!!,14G...HIGH QUALITY...COCAINE!! available now. All orders dispatched within 24 hours of payment confirmation. Domestic and international stealth available.,1.747526 BTC,USA,Worldwide,4.96/5,
jUstsmuggledn,Drugs/Stimulants/Meth,Top Grade 1OZ...HEISENBERG'S OWN...BLUE ICE!! 95%++ [Worldwide Stealth],"Welcome to our official NightMarket shop! 1OZ...HEISENBERG'S OWN...BLUE ICE!! 95%++ ready for instant dispatch. Double vacuum sealed, professional MBB stealth. 99% delivery rate across USA.",4.033781 BTC,USA,USA,5.00/5,
jUstsmuggledn,Drugs/Cannabis/Concentrates,"SALE!!!...14G...""SHARK SHOCK""...BLONDE CRUMBLE WAX!!...for richsquad420","High purity SALE!!!...14G...""SHARK SHOCK""...BLONDE CRUMBLE WAX!!...for richsquad420 at competitive market prices. Fully tested batch. Customer satisfaction is our top priority.",513.858346 BTC,USA,Worldwide,4.86/5,
jUstsmuggledn,Drugs/Cannabis/Concentrates,"2OZ...SHARK SHOCK""...BLONDE CRUMBLE WAX [Worldwide Stealth]","Welcome to our official NightMarket shop! 2OZ...SHARK SHOCK""...BLONDE CRUMBLE WAX ready for instant dispatch. Double vacuum sealed, professional MBB stealth. 99% delivery rate across worldwide.",1815.971129 BTC,USA,Worldwide,5.00/5,
jUstsmuggledn,Drugs/Stimulants/Cocaine,"SALE!!!1OZ...""FRESH BATCH""...HIGH QUALITY...COCAINE!! [Fast Shipping]","We are back on NightMarket offering our verified SALE!!!1OZ...""FRESH BATCH""...HIGH QUALITY...COCAINE!!. Guaranteed lab tested quality and stealth packaging. Contact via PGP for bulk orders.",3.987231 BTC,USA,USA,5.00/5,
jUstsmuggledn,Drugs/Stimulants/Meth,14G...HEISENBERG'S OWN...BLUE ICE!! 95%++,"Welcome to our official NightMarket shop! 14G...HEISENBERG'S OWN...BLUE ICE!! 95%++ ready for instant dispatch. Double vacuum sealed, professional MBB stealth. 99% delivery rate across USA.",1.972040 BTC,USA,USA,4.84/5,
jUstsmuggledn,Drugs/Stimulants/Cocaine,Top Grade 7G...HIGH QUALITY...COCAINE!!,High purity 7G...HIGH QUALITY...COCAINE!! at competitive market prices. Fully tested batch. Customer satisfaction is our top priority.,0.778285 BTC,USA,USA,5.00/5,
ChinaDirect,Drugs/Dissociatives/MXE,Methoxetamine MXE 250 grams,"Premium Methoxetamine MXE 250 grams sourced directly from verified labs. Fast, reliable service. Please include your PGP encrypted address when ordering.",3.917670 BTC,China,Worldwide,4.99/5,
ChinaDirect,Drugs/Ecstasy/Other,pentedrone 500 grams,"Welcome to our official NightMarket shop! pentedrone 500 grams ready for instant dispatch. Double vacuum sealed, professional MBB stealth. 99% delivery rate across worldwide.",3.440977 BTC,China,Worldwide,4.84/5,
ChinaDirect,Drugs/Dissociatives/MXE,Custom Methoxetamine MXE 100 grams,Methoxetamine MXE 100 grams available now. All orders dispatched within 24 hours of payment confirmation. Domestic and international stealth available.,1.918468 BTC,China,Worldwide,4.74/5,
ChinaDirect,Drugs/Ecstasy/Other,butylone 500 grams [Escrow Ready],"Premium butylone 500 grams sourced directly from verified labs. Fast, reliable service. Please include your PGP encrypted address when ordering.",3.716011 BTC,China,Worldwide,5.00/5,
ChinaDirect,Drugs/Dissociatives/MXE,Methoxetamine MXE 10 grams,"Premium Methoxetamine MXE 10 grams sourced directly from verified labs. Fast, reliable service. Please include your PGP encrypted address when ordering.",0.467950 BTC,China,Worldwide,5.00/5,
ChinaDirect,Drugs/Ecstasy/Other,butylone 250 grams,We are back on NightMarket offering our verified butylone 250 grams. Guaranteed lab tested quality and stealth packaging. Contact via PGP for bulk orders.,2.125332 BTC,China,Worldwide,4.81/5,
ChinaDirect,Drugs/Ecstasy/Other,pentedrone 100 grams,High purity pentedrone 100 grams at competitive market prices. Fully tested batch. Customer satisfaction is our top priority.,1.329201 BTC,China,Worldwide,5.00/5,
ChinaDirect,Drugs/Ecstasy/Other,Custom dimethylone 50 grams,"Premium dimethylone 50 grams sourced directly from verified labs. Fast, reliable service. Please include your PGP encrypted address when ordering.",0.549136 BTC,China,Worldwide,5.00/5,
ChinaDirect,Drugs/Dissociatives/MXE,Exclusive Methoxetamine MXE 50 grams [Original Batch],We are back on NightMarket offering our verified Methoxetamine MXE 50 grams. Guaranteed premium quality and stealth packaging. Contact via PGP for bulk orders.,1.223650 BTC,China,Worldwide,5.00/5,
ChinaDirect,Drugs/Ecstasy/Other,High Quality butylone 1000 grams [Escrow Ready],"Premium butylone 1000 grams sourced directly from verified labs. Fast, reliable service. Please include your PGP encrypted address when ordering.",6.895256 BTC,China,Worldwide,5.00/5,
ChinaDirect,Drugs/Ecstasy/Other,4-FA 500 grams [Tracked],"Welcome to our official NightMarket shop! 4-FA 500 grams ready for instant dispatch. Double vacuum sealed, professional MBB stealth. 99% delivery rate across worldwide.",3.494725 BTC,China,Worldwide,5.00/5,
ChinaDirect,Drugs/Ecstasy/Other,pentedrone 1500 grams [24/7 Auto Dispatch],pentedrone 1500 grams available now. All orders dispatched within 24 hours of payment confirmation. Domestic and international stealth available.,8.088509 BTC,China,Worldwide,4.91/5,
ChinaDirect,Drugs/Ecstasy/Other,4-FA 1500 grams [24/7 Auto Dispatch],4-FA 1500 grams available now. All orders dispatched within 24 hours of payment confirmation. Domestic and international stealth available.,7.751607 BTC,China,Worldwide,4.97/5,
ChinaDirect,Drugs/Ecstasy/Other,ethylone 250 grams [Fast Shipping],High purity ethylone 250 grams at competitive market prices. Fully tested batch. Customer satisfaction is our top priority.,1.231539 BTC,China,Worldwide,4.82/5,
ChinaDirect,Drugs/Ecstasy/Other,dimethylone 1000 grams [Tracked],High purity dimethylone 1000 grams at competitive market prices. Fully tested batch. Customer satisfaction is our top priority.,4.904065 BTC,China,Worldwide,4.80/5,
ChinaDirect,Drugs/Ecstasy/Other,butylone 10 grams,We are back on NightMarket offering our verified butylone 10 grams. Guaranteed top tier quality and stealth packaging. Contact via PGP for bulk orders.,0.406161 BTC,China,Worldwide,5.00/5,
ChinaDirect,Drugs/Ecstasy/Other,HQ dimethylone 500 grams [Original Batch],"Welcome to our official NightMarket shop! dimethylone 500 grams ready for instant dispatch. Double vacuum sealed, professional MBB stealth. 99% delivery rate across worldwide.",2.919701 BTC,China,Worldwide,4.89/5,
ChinaDirect,Drugs/Ecstasy/Other,ethylone 1500 grams,We are back on NightMarket offering our verified ethylone 1500 grams. Guaranteed top tier quality and stealth packaging. Contact via PGP for bulk orders.,6.850606 BTC,China,Worldwide,5.00/5,
ChinaDirect,Drugs/Ecstasy/Other,butylone 50 grams,High purity butylone 50 grams at competitive market prices. Fully tested batch. Customer satisfaction is our top priority.,0.838531 BTC,China,Worldwide,4.87/5,
ChinaDirect,Drugs/Ecstasy/Other,butylone 1500 grams,"Premium butylone 1500 grams sourced directly from verified labs. Fast, reliable service. Please include your PGP encrypted address when ordering.",7.321322 BTC,China,Worldwide,4.72/5,
ChinaDirect,Drugs/Ecstasy/Other,pentedrone 1000 grams [Tracked],"Welcome to our official NightMarket shop! pentedrone 1000 grams ready for instant dispatch. Double vacuum sealed, professional MBB stealth. 99% delivery rate across worldwide.",6.079453 BTC,China,Worldwide,4.86/5,
ChinaDirect,Drugs/Dissociatives/MXE,Exclusive Methoxetamine MXE 1000 grams [Worldwide Stealth],We are back on NightMarket offering our verified Methoxetamine MXE 1000 grams. Guaranteed lab tested quality and stealth packaging. Contact via PGP for bulk orders.,12.334530 BTC,China,Worldwide,5.00/5,
PROAMF_ETAMINE,Drugs/Stimulants/Speed,50GR PROAMFETAMINE 65/70% SPEED PASTE [Worldwide Stealth],"Premium 50GR PROAMFETAMINE 65/70% SPEED PASTE sourced directly from verified labs. Fast, reliable service. Please include your PGP encrypted address when ordering.",0.336425 BTC,Germany,worldwide,5.00/5,
PROAMF_ETAMINE,Drugs/Ecstasy/MDA,10GR PURE UNCUT BADASS MDA CRYSTALS [Original Batch],"Premium 10GR PURE UNCUT BADASS MDA CRYSTALS sourced directly from verified labs. Fast, reliable service. Please include your PGP encrypted address when ordering.",0.841697 BTC,Germany,WORLDWIDE,4.86/5,
PROAMF_ETAMINE,Drugs/Cannabis/Weed,Top Grade 10GR SILVER PEARL WEED [Fast Shipping],"Welcome to our official NightMarket shop! 10GR SILVER PEARL WEED ready for instant dispatch. Double vacuum sealed, professional MBB stealth. 99% delivery rate across WORLWIDE.",0.229026 BTC,GERMANY,WORLWIDE,4.41/5,
PROAMF_ETAMINE,Drugs/Cannabis/Hash,50GR POLM HASH,"Welcome to our official NightMarket shop! 50GR POLM HASH ready for instant dispatch. Double vacuum sealed, professional MBB stealth. 99% delivery rate across WORLDWIDE.",0.916560 BTC,Germany,WORLDWIDE,4.91/5,
PROAMF_ETAMINE,Drugs/Ecstasy/MDMA,5GE PURE UNCUT BADASS 80% MDMA ROCK,5GE PURE UNCUT BADASS 80% MDMA ROCK available now. All orders dispatched within 24 hours of payment confirmation. Domestic and international stealth available.,0.235612 BTC,Germany,worldwide,5.00/5,
PROAMF_ETAMINE,Drugs/Ecstasy/Pills,25 GREEN REDBULL 180MG XTC PILLS [Purity Tested],25 GREEN REDBULL 180MG XTC PILLS available now. All orders dispatched within 24 hours of payment confirmation. Domestic and international stealth available.,0.201720 BTC,Germany,Worldwide,4.74/5,
PROAMF_ETAMINE,Drugs/Cannabis/Hash,Verified hash,High purity hash at competitive market prices. Fully tested batch. Customer satisfaction is our top priority.,0.203008 BTC,Germany,Worldwide,4.61/5,
PROAMF_ETAMINE,Drugs/Ecstasy/MDMA,10GR PURE UNCUT BADASS 80% MDMA ROCKS,"Premium 10GR PURE UNCUT BADASS 80% MDMA ROCKS sourced directly from verified labs. Fast, reliable service. Please include your PGP encrypted address when ordering.",0.368695 BTC,Germany,worldwide,4.82/5,
PROAMF_ETAMINE,Drugs/Stimulants/Speed,100GR PROAMFETAMINE 65/70% SPEED PASTE [Original Batch],"Premium 100GR PROAMFETAMINE 65/70% SPEED PASTE sourced directly from verified labs. Fast, reliable service. Please include your PGP encrypted address when ordering.",0.550683 BTC,Germany,worldwide,4.96/5,
PROAMF_ETAMINE,Drugs/Stimulants/Cocaine,5GR CRYSTAL/FLAKE COCAINE [Original Batch],High purity 5GR CRYSTAL/FLAKE COCAINE at competitive market prices. Fully tested batch. Customer satisfaction is our top priority.,1.031586 BTC,Germany,worldwide,5.00/5,
PROAMF_ETAMINE,Drugs/Stimulants/Cocaine,Verified 0.5GR CRYSTAL/FLAKE COCAINE [Worldwide Stealth],"Welcome to our official NightMarket shop! 0.5GR CRYSTAL/FLAKE COCAINE ready for instant dispatch. Double vacuum sealed, professional MBB stealth. 99% delivery rate across worldwide.",0.078530 BTC,Germany,Worldwide,5.00/5,
PROAMF_ETAMINE,Drugs/Stimulants/Speed,Ultra Clean 250GR PROAMFETAMINE 65/70% SPEED PASTE,We are back on NightMarket offering our verified 250GR PROAMFETAMINE 65/70% SPEED PASTE. Guaranteed high grade quality and stealth packaging. Contact via PGP for bulk orders.,1.372940 BTC,Germany,worldwide,4.90/5,
PROAMF_ETAMINE,Drugs/Ecstasy/Pills,Top Grade 25 ORANGE REDBULL 200MG XTC PILLS,High purity 25 ORANGE REDBULL 200MG XTC PILLS at competitive market prices. Fully tested batch. Customer satisfaction is our top priority.,0.161132 BTC,Germany,worldwide,4.99/5,
PROAMF_ETAMINE,Drugs/Ecstasy/Pills,50 GREEN REDBULL 180MG XTC PILLS [Tracked],"Premium 50 GREEN REDBULL 180MG XTC PILLS sourced directly from verified labs. Fast, reliable service. Please include your PGP encrypted address when ordering.",0.315343 BTC,Germany,Worldwide,4.97/5,
PROAMF_ETAMINE,Drugs/Stimulants/Speed,Premium CUSTOM ORDER [Escrow Ready],"Welcome to our official NightMarket shop! CUSTOM ORDER ready for instant dispatch. Double vacuum sealed, professional MBB stealth. 99% delivery rate across Germany.",0.912852 BTC,Germany,Germany,4.43/5,
PROAMF_ETAMINE,Drugs/Stimulants/Cocaine,1GR CRYSTAL/FLAKE COCAINE,High purity 1GR CRYSTAL/FLAKE COCAINE at competitive market prices. Fully tested batch. Customer satisfaction is our top priority.,0.159779 BTC,Germany,worldwide,4.93/5,
PROAMF_ETAMINE,Drugs/Stimulants/Speed,500GR PROAMFETAMINE 65/70% SPEED PASTE [Worldwide Stealth],"Welcome to our official NightMarket shop! 500GR PROAMFETAMINE 65/70% SPEED PASTE ready for instant dispatch. Double vacuum sealed, professional MBB stealth. 99% delivery rate across worldwide.",2.647029 BTC,Germany,worldwide,4.96/5,
QuikConnect,Drugs/Cannabis/Weed,4oz Girl Scout Cookies AAA+ indoor,High purity 4oz Girl Scout Cookies AAA+ indoor at competitive market prices. Fully tested batch. Customer satisfaction is our top priority.,2.092281 BTC,USA,Worldwide,4.79/5,
QuikConnect,Drugs/Cannabis/Concentrates,100% Pure 3.5g Blue Diesel Berry Crumble! 87%!,We are back on NightMarket offering our verified 3.5g Blue Diesel Berry Crumble! 87%!. Guaranteed high grade quality and stealth packaging. Contact via PGP for bulk orders.,1143.158701 BTC,USA,Worldwide,4.95/5,
QuikConnect,Counterfeits/Money,Ultra Clean 5 X American NON-Silver Eagles! GREAT NOVELTY! [Escrow Ready],"Welcome to our official NightMarket shop! 5 X American NON-Silver Eagles! GREAT NOVELTY! ready for instant dispatch. Double vacuum sealed, professional MBB stealth. 99% delivery rate across worldwide.",0.138822 BTC,USA,Worldwide,5.00/5,
QuikConnect,Drugs/Cannabis/Weed,14g Black Berry Kush. FE OPTION TOP SHELF DANKITY! [Escrow Ready],14g Black Berry Kush. FE OPTION TOP SHELF DANKITY! available now. All orders dispatched within 24 hours of payment confirmation. Domestic and international stealth available.,0.413454 BTC,USA,USA,5.00/5,
QuikConnect,Drugs/Cannabis/Weed,Custom 1oz Commercial mexican/ESCROW,"Welcome to our official NightMarket shop! 1oz Commercial mexican/ESCROW ready for instant dispatch. Double vacuum sealed, professional MBB stealth. 99% delivery rate across USA.",0.574431 BTC,USA,USA,4.99/5,
QuikConnect,Drugs/Cannabis/Hash,3.5g Malana Charas Cream. Imported from India/ FE OPTION,3.5g Malana Charas Cream. Imported from India/ FE OPTION available now. All orders dispatched within 24 hours of payment confirmation. Domestic and international stealth available.,0.208981 BTC,USA,Worldwide,4.97/5,
QuikConnect,Drugs/Cannabis/Weed,Exclusive 7g Lemon Berry INDOOR DANKITY!FE OPTION,High purity 7g Lemon Berry INDOOR DANKITY!FE OPTION at competitive market prices. Fully tested batch. Customer satisfaction is our top priority.,0.215668 BTC,USA,Worldwide,5.00/5,
QuikConnect,Drugs/Cannabis/Weed,14g of OUTDOOR Kali Mist!,14g of OUTDOOR Kali Mist! available now. All orders dispatched within 24 hours of payment confirmation. Domestic and international stealth available.,0.157115 BTC,USA,Worldwide,4.93/5,
QuikConnect,Drugs/Cannabis/Weed,14g Black Berry Kush. ESCROW OPTION TOP SHELF DANKITY! [Escrow Ready],"Welcome to our official NightMarket shop! 14g Black Berry Kush.  ESCROW OPTION TOP SHELF DANKITY! ready for instant dispatch. Double vacuum sealed, professional MBB stealth. 99% delivery rate across USA.",0.501921 BTC,USA,USA,4.75/5,
QuikConnect,Drugs/Cannabis/Hash,Top Grade FRATERK CUSTOM LISTING!!!,High purity FRATERK CUSTOM LISTING!!! at competitive market prices. Fully tested batch. Customer satisfaction is our top priority.,1.142476 BTC,USA,Worldwide,4.78/5,
QuikConnect,Drugs/Opioids/Oxycodone,Custom 1X 30mg ROXIES K9-Instant Release,"Welcome to our official NightMarket shop! 1X 30mg ROXIES K9-Instant Release ready for instant dispatch. Double vacuum sealed, professional MBB stealth. 99% delivery rate across worldwide.",0.102969 BTC,USA,Worldwide,4.83/5,
QuikConnect,Drugs/Cannabis/Weed,High Quality 4 oz Outdoor Kali Mist/FULL ESCROW [Worldwide Stealth],"Welcome to our official NightMarket shop! 4 oz Outdoor Kali Mist/FULL ESCROW ready for instant dispatch. Double vacuum sealed, professional MBB stealth. 99% delivery rate across worldwide.",1.340940 BTC,USA,Worldwide,4.82/5,
QuikConnect,Drugs/Cannabis/Weed,7g Malana Charas Cream. Imported from India,High purity 7g Malana Charas Cream. Imported from India at competitive market prices. Fully tested batch. Customer satisfaction is our top priority.,0.269300 BTC,USA,Worldwide,4.82/5,
QuikConnect,Drugs/Cannabis/Hash,7 grams of Great Quality Hash [Purity Tested],We are back on NightMarket offering our verified 7 grams of Great Quality Hash. Guaranteed 99% quality and stealth packaging. Contact via PGP for bulk orders.,0.201895 BTC,USA,Worldwide,5.00/5,
QuikConnect,Drugs/Cannabis/Weed,Ultra Clean CUSTOM FOR BELGI,High purity CUSTOM FOR BELGI at competitive market prices. Fully tested batch. Customer satisfaction is our top priority.,0.717064 BTC,USA,USA,5.00/5,
QuikConnect,Drugs/Cannabis/Weed,4oz Black Berry Kush. TOP SHELF DANKITY! [Fast Shipping],4oz Black Berry Kush. TOP SHELF DANKITY! available now. All orders dispatched within 24 hours of payment confirmation. Domestic and international stealth available.,2.429849 BTC,USA,Worldwide,5.00/5,
QuikConnect,Drugs/Cannabis/Weed,28g AGENT ORANGE/FE OPTION,High purity 28g AGENT ORANGE/FE OPTION at competitive market prices. Fully tested batch. Customer satisfaction is our top priority.,0.640563 BTC,USA,Worldwide,4.94/5,
QuikConnect,Drugs/Cannabis/Hash,Ultra Clean 7g Malana Charas Cream. Imported from India/ESCROW OPTION,"Welcome to our official NightMarket shop! 7g Malana Charas Cream. Imported from India/ESCROW OPTION ready for instant dispatch. Double vacuum sealed, professional MBB stealth. 99% delivery rate across worldwide.",0.396092 BTC,USA,Worldwide,4.84/5,
QuikConnect,Drugs/Cannabis/Weed,1/2 oz of Reggie Midgrade [Tracked],"Premium 1/2 oz of Reggie Midgrade sourced directly from verified labs. Fast, reliable service. Please include your PGP encrypted address when ordering.",0.125472 BTC,USA,Worldwide,5.00/5,
DutchDeal,Drugs/Stimulants/Cocaine,25 gram pure Cocaine. [Fast Shipping],We are back on NightMarket offering our verified 25 gram pure Cocaine.. Guaranteed premium quality and stealth packaging. Contact via PGP for bulk orders.,7.282148 BTC,EU,Worldwide,4.94/5,
DutchDeal,Drugs/Ecstasy/MDMA,Custom 100 Gram pure MDMA 87%!!,We are back on NightMarket offering our verified 100 Gram pure MDMA 87%!!. Guaranteed top tier quality and stealth packaging. Contact via PGP for bulk orders.,10.399995 BTC,Netherlands,Worldwide,4.85/5,
DutchDeal,Drugs/Ecstasy/MDMA,HQ 1 Kilo pure MDMA 87%!! [24/7 Auto Dispatch],High purity 1 Kilo pure MDMA 87%!! at competitive market prices. Fully tested batch. Customer satisfaction is our top priority.,35.999456 BTC,Netherlands,Worldwide,5.00/5,
DutchDeal,Drugs/Stimulants/Cocaine,10 gram pure Cocaine. [Tracked],10 gram pure Cocaine. available now. All orders dispatched within 24 hours of payment confirmation. Domestic and international stealth available.,3.887695 BTC,EU,Worldwide,4.88/5,
DutchDeal,Drugs/Psychedelics/LSD,HQ 1000 Shiva-Budha LSD blotters 130 ug. [24/7 Auto Dispatch],"Premium 1000 Shiva-Budha LSD blotters 130 ug. sourced directly from verified labs. Fast, reliable service. Please include your PGP encrypted address when ordering.",17.618335 BTC,Netherlands,Worldwide,5.00/5,
ParroFtish,Drugs/RCs,1g 4-FA (4-Fluoroamphetamine),1g 4-FA (4-Fluoroamphetamine) available now. All orders dispatched within 24 hours of payment confirmation. Domestic and international stealth available.,0.091003 BTC,USA,USA,5.00/5,
ParroFtish,Drugs/Weight loss,100g DNP (2 4-Dinitrophenol) Powder,100g DNP (2 4-Dinitrophenol) Powder available now. All orders dispatched within 24 hours of payment confirmation. Domestic and international stealth available.,0.880905 BTC,USA,Worldwide,4.86/5,
ParroFtish,Drugs/Ecstasy/Other,5g 4-FA (4-Fluoroamphetamine),5g 4-FA (4-Fluoroamphetamine) available now. All orders dispatched within 24 hours of payment confirmation. Domestic and international stealth available.,0.337355 BTC,USA,USA,5.00/5,
ParroFtish,Drugs/Steroids,Custom 10ml 225mg/ml Testosterone Enanthate,"Premium 10ml 225mg/ml Testosterone Enanthate sourced directly from verified labs. Fast, reliable service. Please include your PGP encrypted address when ordering.",0.053223 BTC,USA,USA,5.00/5,
ParroFtish,Drugs/Prescription,Ultra Clean 10x 200mg Modafinil (Provigil),10x 200mg Modafinil (Provigil) available now. All orders dispatched within 24 hours of payment confirmation. Domestic and international stealth available.,0.156699 BTC,USA,USA,5.00/5,
ParroFtish,Drugs/Prescription,10x 10mg Dexedrine Spansules [Original Batch],"Premium 10x 10mg Dexedrine Spansules sourced directly from verified labs. Fast, reliable service. Please include your PGP encrypted address when ordering.",0.254566 BTC,USA,USA,4.96/5,
ParroFtish,Drugs/Prescription,Premium 10x Gabapentin 400mg (Neuropin),"Welcome to our official NightMarket shop! 10x Gabapentin 400mg (Neuropin) ready for instant dispatch. Double vacuum sealed, professional MBB stealth. 99% delivery rate across worldwide.",0.151221 BTC,USA,Worldwide,4.79/5,
ParroFtish,Drugs/Other,5g 2-FMA (2-Fluoromethamphetamine),"Welcome to our official NightMarket shop! 5g 2-FMA (2-Fluoromethamphetamine) ready for instant dispatch. Double vacuum sealed, professional MBB stealth. 99% delivery rate across USA.",0.372673 BTC,USA,USA,4.91/5,
ParroFtish,Drugs/Stimulants/Prescription,5x 60mg Vyvanse Shire,5x 60mg Vyvanse Shire available now. All orders dispatched within 24 hours of payment confirmation. Domestic and international stealth available.,0.312872 BTC,USA,Worldwide,4.94/5,
ParroFtish,Drugs/Weight loss,25g DNP (2 4-Dinitrophenol) Powder [Original Batch],We are back on NightMarket offering our verified 25g DNP (2 4-Dinitrophenol) Powder. Guaranteed lab tested quality and stealth packaging. Contact via PGP for bulk orders.,0.228569 BTC,USA,Worldwide,5.00/5,
ParroFtish,Drugs/Steroids,2g of MK-2866 (Ostarine),"Welcome to our official NightMarket shop! 2g of MK-2866 (Ostarine) ready for instant dispatch. Double vacuum sealed, professional MBB stealth. 99% delivery rate across worldwide.",0.149809 BTC,USA,Worldwide,4.66/5,
ParroFtish,Drugs/Stimulants/Prescription,Ultra Clean 5x 15mg Dexedrine Spansules (dextroamphetamine),High purity 5x 15mg Dexedrine Spansules (dextroamphetamine) at competitive market prices. Fully tested batch. Customer satisfaction is our top priority.,0.284262 BTC,USA,Worldwide,4.91/5,
ParroFtish,Drugs/Prescription,Scopolamine HBr 500mg,"Welcome to our official NightMarket shop! Scopolamine HBr 500mg ready for instant dispatch. Double vacuum sealed, professional MBB stealth. 99% delivery rate across worldwide.",0.528467 BTC,USA,Worldwide,4.80/5,
ParroFtish,Drugs/RCs,10g 2-FMA + 1g of 4-FA,10g 2-FMA + 1g of 4-FA available now. All orders dispatched within 24 hours of payment confirmation. Domestic and international stealth available.,0.479465 BTC,USA,USA,4.89/5,
LunaC,Drugs/Prescription,Top Grade 400mg ➤➤ Metaxalone/Skelaxin -- Mfr: Sun Pharma -- Exp : 6/2014 ( x 35 ),"Welcome to our official NightMarket shop! 400mg ➤➤ Metaxalone/Skelaxin -- Mfr: Sun Pharma -- Exp : 6/2014  ( x 35 ) ready for instant dispatch. Double vacuum sealed, professional MBB stealth. 99% delivery rate across worldwide.",0.040704 BTC,USA,Worldwide,5.00/5,
LunaC,Drugs/Benzos,Exclusive 1mg ➤➤ Alprazolam / Xanax -- Mfr: Sandoz GG 258 ( x 10 ) [Purity Tested],"Premium 1mg ➤➤ Alprazolam / Xanax -- Mfr: Sandoz GG 258 ( x 10 ) sourced directly from verified labs. Fast, reliable service. Please include your PGP encrypted address when ordering.",0.044880 BTC,USA,Worldwide,5.00/5,
LunaC,Drugs/Prescription,150mcg➤➤Catapres®/Clonidine ✦✦Brand✦✦ ( x 10 ) [Escrow Ready],150mcg➤➤Catapres®/Clonidine ✦✦Brand✦✦ ( x 10 ) available now. All orders dispatched within 24 hours of payment confirmation. Domestic and international stealth available.,0.060592 BTC,USA,Worldwide,4.96/5,
LunaC,Drugs/Prescription,HQ Custom for BS [Fast Shipping],Custom for BS available now. All orders dispatched within 24 hours of payment confirmation. Domestic and international stealth available.,0.188048 BTC,USA,Worldwide,4.93/5,
LunaC,Drugs/Prescription,20mg➤➤Fluoxetine/Prozac {USA Stock} -- Mfr : Aurobindo ( x 15 ) [Tracked],We are back on NightMarket offering our verified 20mg➤➤Fluoxetine/Prozac {USA Stock} -- Mfr : Aurobindo ( x 15 ). Guaranteed 99% quality and stealth packaging. Contact via PGP for bulk orders.,0.038972 BTC,USA,Worldwide,4.84/5,
LunaC,Drugs/Benzos,HQ 1mg ➤➤ Clonazepam / Klonopin -- USA Stock ( x 10 ) [Fast Shipping],1mg ➤➤ Clonazepam / Klonopin -- USA Stock ( x 10 ) available now. All orders dispatched within 24 hours of payment confirmation. Domestic and international stealth available.,0.046127 BTC,USA,Worldwide,5.00/5,
LunaC,Drugs/Benzos,Custom for PSY,Custom for PSY available now. All orders dispatched within 24 hours of payment confirmation. Domestic and international stealth available.,0.569494 BTC,USA,Worldwide,5.00/5,
LunaC,Drugs/Prescription,Top Grade 20mg➤➤Fluoxetine/Prozac -- Mfr : Aurobindo ( x 30 ) [24/7 Auto Dispatch],"Welcome to our official NightMarket shop! 20mg➤➤Fluoxetine/Prozac -- Mfr : Aurobindo ( x 30 ) ready for instant dispatch. Double vacuum sealed, professional MBB stealth. 99% delivery rate across worldwide.",0.093346 BTC,USA,Worldwide,4.91/5,
LunaC,Drugs/Prescription,10mg➤➤Baclofen/Lioresal ✦✦ GABA-B Agonist ✦✦ Mfr: Mylan ( x 25 ) [Worldwide Stealth],We are back on NightMarket offering our verified 10mg➤➤Baclofen/Lioresal ✦✦ GABA-B Agonist ✦✦ Mfr: Mylan ( x 25 ). Guaranteed lab tested quality and stealth packaging. Contact via PGP for bulk orders.,0.080188 BTC,USA,Worldwide,5.00/5,
LunaC,Drugs/Prescription,PB custom,"Welcome to our official NightMarket shop! PB custom ready for instant dispatch. Double vacuum sealed, professional MBB stealth. 99% delivery rate across worldwide.",0.362355 BTC,USA,Worldwide,4.83/5,
HighTimesUS,Drugs/Cannabis/Weed,Custom AMNESIA HAZE 2G TOP NOTCH WEED [Fast Shipping],AMNESIA HAZE 2G TOP NOTCH WEED available now. All orders dispatched within 24 hours of payment confirmation. Domestic and international stealth available.,0.062968 BTC,Germany,Worldwide,4.46/5,
HighTimesUS,Drugs/Cannabis/Weed,Custom AMNESIA HAZE 2G LIMITED OFFER SAVE 20%,"Premium AMNESIA HAZE 2G LIMITED OFFER SAVE 20% sourced directly from verified labs. Fast, reliable service. Please include your PGP encrypted address when ordering.",0.062594 BTC,Germany,Worldwide,4.28/5,
HighTimesUS,Drugs/Cannabis/Weed,AMNESIA HAZE HQ WEED 1G [Escrow Ready],"Welcome to our official NightMarket shop! AMNESIA HAZE HQ WEED 1G ready for instant dispatch. Double vacuum sealed, professional MBB stealth. 99% delivery rate across worldwide.",0.029893 BTC,Germany,Worldwide,4.39/5,
HighTimesUS,Drugs/Psychedelics/LSD,LSD 250mcg blotter Join to Wonderland with Alice,"Welcome to our official NightMarket shop! LSD 250mcg blotter Join to Wonderland with Alice ready for instant dispatch. Double vacuum sealed, professional MBB stealth. 99% delivery rate across worldwide.",0.027491 BTC,Germany,Worldwide,4.25/5,
ImportDirect,Drug paraphernalia/Pipes,"ID presents the ""Modern-Day 'Gandolf Pipe'"" 12"" long PYREX HAND-blown glass FREE S&H to USA $52.99","Welcome to our official NightMarket shop! ID presents the ""Modern-Day 'Gandolf Pipe'"" 12"" long PYREX HAND-blown glass FREE S&H to USA $52.99 ready for instant dispatch. Double vacuum sealed, professional MBB stealth. 99% delivery rate across worldwide.",0.153948 BTC,USA,Worldwide,5.00/5,
ImportDirect,Drug paraphernalia/Pipes,ImportDirect presents Glass MOOSE HandPipe- FREE US DOMESTIC SHIP- $52.99 [Escrow Ready],"Premium ImportDirect presents Glass MOOSE HandPipe- FREE US DOMESTIC SHIP- $52.99 sourced directly from verified labs. Fast, reliable service. Please include your PGP encrypted address when ordering.",0.176626 BTC,USA,Worldwide,5.00/5,
ImportDirect,Drugs/Cannabis/Hash,Top Grade ImportDirect's Handmade Bubble Hash (TANG KUSH)- *LIMITED 'HEAD STASH OFFERING* [Worldwide Stealth],High purity ImportDirect's Handmade Bubble Hash (TANG KUSH)-  *LIMITED 'HEAD STASH OFFERING* at competitive market prices. Fully tested batch. Customer satisfaction is our top priority.,0.053051 BTC,USA,USA,5.00/5,
ImportDirect,Drugs/Prescription,Premium Tizanidine (Zanaflex) 4mg tabs- BUY 15 GET 20,High purity Tizanidine (Zanaflex) 4mg tabs- BUY 15 GET 20 at competitive market prices. Fully tested batch. Customer satisfaction is our top priority.,0.009720 BTC,USA,USA,5.00/5,
ImportDirect,Drugs/Prescription,"Androgel 1.62%- THE ""T-Gel."" Full Box 30 2.5g packets *NEW USA VENDOR SPECIAL* [24/7 Auto Dispatch]","Welcome to our official NightMarket shop! Androgel 1.62%- THE ""T-Gel."" Full Box 30 2.5g packets *NEW USA VENDOR SPECIAL* ready for instant dispatch. Double vacuum sealed, professional MBB stealth. 99% delivery rate across USA.",0.201849 BTC,USA,USA,5.00/5,
ImportDirect,Drugs/Prescription,CUSTOM FOR ZICOT Gabapentin 800mg 5 pills $9.49 **FULL ESCROW DOMESTIC VENDOR****,High purity CUSTOM FOR ZICOT Gabapentin 800mg 5 pills  $9.49 **FULL ESCROW DOMESTIC VENDOR**** at competitive market prices. Fully tested batch. Customer satisfaction is our top priority.,0.017935 BTC,USA,USA,4.82/5,
ImportDirect,Drugs/Prescription,Gabapentin 800mg 5 pills $10.49 **ESCROW/DOMESTIC VENDOR****,Gabapentin 800mg 5 pills  $10.49 **ESCROW/DOMESTIC VENDOR**** available now. All orders dispatched within 24 hours of payment confirmation. Domestic and international stealth available.,0.014242 BTC,USA,USA,5.00/5,
ImportDirect,Drugs/Cannabis/Hash,ID's Top-Shelf Sampler: 1g each (3g+ total) Paki A++ Malana Cream Charas Ketama OR Malawi GOLD! [Tracked],We are back on NightMarket offering our verified ID's Top-Shelf Sampler: 1g each (3g+ total) Paki A++  Malana Cream Charas   Ketama OR Malawi GOLD!. Guaranteed high grade quality and stealth packaging. Contact via PGP for bulk orders.,0.112617 BTC,USA,USA,4.87/5,
ImportDirect,Drugs/Cannabis/Hash,ID presents Malana Cream' Charas (HANDMADE Indian HASH)! ESCROW- 7.0g (1/4th oz) = $104.99,High purity ID presents Malana Cream' Charas (HANDMADE Indian HASH)!  ESCROW- 7.0g (1/4th oz) = $104.99 at competitive market prices. Fully tested batch. Customer satisfaction is our top priority.,0.195808 BTC,USA,USA,5.00/5,
ImportDirect,Drugs/Cannabis/Hash,Direct Source ID presents Malana Cream' Charas (HANDMADE Indian HASH)! ESCROW- 7.0g (1/4th oz) = $114.99 [24/7 Auto Dispatch],We are back on NightMarket offering our verified ID presents Malana Cream' Charas (HANDMADE Indian HASH)!  ESCROW- 7.0g (1/4th oz) = $114.99. Guaranteed lab tested quality and stealth packaging. Contact via PGP for bulk orders.,0.310787 BTC,USA,USA,5.00/5,
ImportDirect,Drugs/Cannabis/Weed,1/8th oz (3.5g) Tang Kush; hydroponic medical quality Cannabis! **USA VENDOR***,1/8th oz (3.5g) Tang Kush; hydroponic medical quality Cannabis!  **USA VENDOR*** available now. All orders dispatched within 24 hours of payment confirmation. Domestic and international stealth available.,0.069313 BTC,USA,USA,5.00/5,
ImportDirect,Drugs/Prescription,Lidoderm (Lidocaine) Patches- SAFE PAIN RELIEF *NEW USA VENDOR*,"Welcome to our official NightMarket shop! Lidoderm (Lidocaine) Patches- SAFE PAIN RELIEF *NEW USA VENDOR* ready for instant dispatch. Double vacuum sealed, professional MBB stealth. 99% delivery rate across USA.",0.009246 BTC,USA,USA,4.92/5,
ImportDirect,Drugs/Prescription,Direct Source CUSTOM FOR MAYNARD3K Gabapentin 800mg 5 pills $9.49 **FULL ESCROW DOMESTIC VENDOR**** [Fast Shipping],We are back on NightMarket offering our verified CUSTOM FOR MAYNARD3K Gabapentin 800mg 5 pills  $9.49 **FULL ESCROW DOMESTIC VENDOR****. Guaranteed top tier quality and stealth packaging. Contact via PGP for bulk orders.,0.020051 BTC,USA,USA,5.00/5,
ImportDirect,Drugs/Cannabis/Hash,Direct Source ID presents Malawi Gold Hash- AWESOME PRODUCT-- ESCROW- $84.99 per 3.5g (1/8oz)!!,We are back on NightMarket offering our verified ID presents Malawi Gold Hash- AWESOME PRODUCT-- ESCROW- $84.99 per 3.5g (1/8oz)!!. Guaranteed top tier quality and stealth packaging. Contact via PGP for bulk orders.,0.127176 BTC,USA,USA,5.00/5,
ImportDirect,Drug paraphernalia/Pipes,"Exclusive ID presents 14"" ROOR WaterPipe w/ IceCatcher ONLY $149.99; FREE S/H!! [Original Batch]","Welcome to our official NightMarket shop! ID presents 14"" ROOR WaterPipe w/ IceCatcher ONLY $149.99; FREE S/H!! ready for instant dispatch. Double vacuum sealed, professional MBB stealth. 99% delivery rate across WORLDWIDE.",0.598786 BTC,USA,WORLDWIDE,4.93/5,
Interways,Drugs/Ecstasy/MDMA,10 gr. Clear Crystal MDMA Rocks 84%,We are back on NightMarket offering our verified 10 gr. Clear Crystal MDMA Rocks 84%. Guaranteed lab tested quality and stealth packaging. Contact via PGP for bulk orders.,0.420205 BTC,Germany,Worldwide,5.00/5,
Interways,Drugs/Ecstasy/Pills,"10 Pills ~ 140+ mg. MDMA ""Louis Vuitton"" [Tracked]","Premium 10 Pills ~ 140+ mg. MDMA ""Louis Vuitton"" sourced directly from verified labs. Fast, reliable service. Please include your PGP encrypted address when ordering.",0.188148 BTC,Germany,Worldwide Except Australia,4.87/5,
Interways,Drugs/Ecstasy/Pills,"10 Pills ~ 180 mg. MDMA ""Grenades""","Welcome to our official NightMarket shop! 10 Pills ~ 180 mg. MDMA ""Grenades"" ready for instant dispatch. Double vacuum sealed, professional MBB stealth. 99% delivery rate across Worldwide.",0.089014 BTC,Germany,Worldwide,4.90/5,
Interways,Drugs/Stimulants/Speed,"Custom - 250 gr. ~72% Pure Speed + 100 ~ 200 mg. ""Skulls"" + 1 gr. Cocaine","Welcome to our official NightMarket shop! Custom - 250 gr. ~72% Pure Speed + 100 ~ 200 mg. ""Skulls"" + 1 gr. Cocaine ready for instant dispatch. Double vacuum sealed, professional MBB stealth. 99% delivery rate across Worldwide Except Australia.",3.622397 BTC,Germany,Worldwide Except Australia,5.00/5,
Interways,Drugs/Ecstasy/Pills,"1000 Pills ~ 140+ mg. MDMA ""Louis Vuitton""","1000 Pills ~ 140+ mg. MDMA ""Louis Vuitton"" available now. All orders dispatched within 24 hours of payment confirmation. Domestic and international stealth available.",8.260719 BTC,Germany,Worldwide Except Australia,4.89/5,
Interways,Drugs/Ecstasy/Pills,"25 Pills ~ 200 mg. MDMA ""Skulls""","Premium 25 Pills ~ 200 mg. MDMA ""Skulls"" sourced directly from verified labs. Fast, reliable service. Please include your PGP encrypted address when ordering.",0.422930 BTC,Germany,Worldwide Except Australia,5.00/5,
Interways,Drugs/Ecstasy/Pills,"Verified 5000 Pills ~ 140+ mg. MDMA ""Ghosts""","High purity 5000 Pills ~ 140+ mg. MDMA ""Ghosts"" at competitive market prices. Fully tested batch. Customer satisfaction is our top priority.",14.428323 BTC,Germany,Worldwide Except Australia,5.00/5,
Interways,Drugs/Stimulants/Speed,Custom 50 gr. ~ 72% Pure Speed Paste [Escrow Ready],"Premium 50 gr. ~ 72% Pure Speed Paste sourced directly from verified labs. Fast, reliable service. Please include your PGP encrypted address when ordering.",0.541909 BTC,Germany,Worldwide,5.00/5,
Interways,Drugs/Ecstasy/MDMA,250 gr. Clear Crystal MDMA Rocks 84% [Escrow Ready],"Premium 250  gr. Clear Crystal MDMA Rocks 84% sourced directly from verified labs. Fast, reliable service. Please include your PGP encrypted address when ordering.",10.550718 BTC,Germany,Worldwide Except Australia,4.94/5,
Interways,Drugs/Ecstasy/Pills,"250 Pills ~ 200 mg. MDMA ""Skulls"" [Fast Shipping]","High purity 250 Pills ~ 200 mg. MDMA ""Skulls"" at competitive market prices. Fully tested batch. Customer satisfaction is our top priority.",3.556192 BTC,Germany,Worldwide Except Australia,4.88/5,
Interways,Drugs/Ecstasy/MDMA,500 gr. Clear Crystal MDMA Rocks 84%,"Welcome to our official NightMarket shop! 500  gr. Clear Crystal MDMA Rocks 84% ready for instant dispatch. Double vacuum sealed, professional MBB stealth. 99% delivery rate across Worldwide Except Australia.",21.365803 BTC,Germany,Worldwide Except Australia,4.93/5,
Interways,Drugs/Ecstasy/MDMA,High Quality 100 gr. Cola Tan MDMA Crystals 80%+,We are back on NightMarket offering our verified 100 gr. Cola Tan MDMA Crystals 80%+. Guaranteed 99% quality and stealth packaging. Contact via PGP for bulk orders.,3.098790 BTC,Germany,Worldwide Except Australia,4.96/5,
Interways,Drugs/Ecstasy/Pills,"5000 Pills ~ 200 mg. MDMA ""Skulls""","Premium 5000 Pills ~ 200 mg. MDMA ""Skulls"" sourced directly from verified labs. Fast, reliable service. Please include your PGP encrypted address when ordering.",40.426273 BTC,Germany,Worldwide Except Australia,5.00/5,
Interways,Drugs/Stimulants/Meth,HQ 28 gr. (1 Oz.) **ICE** Crystal Meth [24/7 Auto Dispatch],"Premium 28 gr. (1 Oz.) **ICE** Crystal Meth sourced directly from verified labs. Fast, reliable service. Please include your PGP encrypted address when ordering.",6.165870 BTC,Germany,Worldwide Except Australia,5.00/5,
Interways,Drugs/Ecstasy/MDMA,28 gr. (1 Oz.) Cola Tan Crystals MDMA 80%+ [Purity Tested],High purity 28 gr. (1 Oz.) Cola Tan Crystals MDMA 80%+ at competitive market prices. Fully tested batch. Customer satisfaction is our top priority.,0.671774 BTC,Germany,Worldwide,5.00/5,
Interways,Drugs/Stimulants/Speed,Custom 1500 gr. 72% Pure Speed Paste,We are back on NightMarket offering our verified Custom 1500 gr. 72% Pure Speed Paste. Guaranteed 99% quality and stealth packaging. Contact via PGP for bulk orders.,4.104135 BTC,Germany,Worldwide,5.00/5,
Interways,Drugs/Stimulants/Meth,5 gr. **ICE** Crystal Meth [Purity Tested],5 gr. **ICE** Crystal Meth available now. All orders dispatched within 24 hours of payment confirmation. Domestic and international stealth available.,1.142651 BTC,Germany,Worldwide Except Australia,4.73/5,
Interways,Drugs/Ecstasy/Pills,"1000 Pills ~ 200 mg. MDMA ""Skulls""","Premium 1000 Pills ~ 200 mg. MDMA ""Skulls"" sourced directly from verified labs. Fast, reliable service. Please include your PGP encrypted address when ordering.",8.247999 BTC,Germany,Worldwide Except Australia,5.00/5,
Interways,Drugs/Ecstasy/MDMA,Direct Source 50 gr. Cola Tan Crystal MDMA 80%+,"Welcome to our official NightMarket shop! 50 gr. Cola Tan Crystal MDMA 80%+ ready for instant dispatch. Double vacuum sealed, professional MBB stealth. 99% delivery rate across Worldwide.",1.229268 BTC,Germany,Worldwide,4.87/5,
Interways,Drugs/Ecstasy/Pills,"250 Pills ~ 200 mg. MDMA ""Apple""","250 Pills ~ 200 mg. MDMA ""Apple"" available now. All orders dispatched within 24 hours of payment confirmation. Domestic and international stealth available.",1.960515 BTC,Germany,Worldwide Except Australia,4.71/5,
Interways,Drugs/Ecstasy/Pills,"500 Pills ~ 140+ mg. MDMA ""Louis Vuitton""","Welcome to our official NightMarket shop! 500 Pills ~ 140+ mg. MDMA ""Louis Vuitton"" ready for instant dispatch. Double vacuum sealed, professional MBB stealth. 99% delivery rate across Worldwide Except Australia.",3.971972 BTC,Germany,Worldwide Except Australia,4.92/5,
Interways,Drugs/Stimulants/Speed,High Quality 100 gr. ~ 72% Pure Speed Paste,High purity 100 gr. ~ 72% Pure Speed Paste at competitive market prices. Fully tested batch. Customer satisfaction is our top priority.,0.719176 BTC,Germany,Worldwide,5.00/5,
Interways,Drugs/Ecstasy/MDMA,"100 Pills ~ 180 mg. MDMA ""Grenades"" [Original Batch]","Welcome to our official NightMarket shop! 100 Pills ~ 180 mg. MDMA ""Grenades"" ready for instant dispatch. Double vacuum sealed, professional MBB stealth. 99% delivery rate across Worldwide.",0.635931 BTC,Germany,Worldwide,4.82/5,
Interways,Drugs/Stimulants/Meth,0.5 gr. **ICE** Crystal Meth [Original Batch],High purity 0.5 gr. **ICE** Crystal Meth at competitive market prices. Fully tested batch. Customer satisfaction is our top priority.,0.104202 BTC,Germany,Worldwide Except Australia,4.72/5,
amsterdam7uplier,Drugs/Ecstasy/Pills,100% Pure 5 HEINEKEN PILLS 200+MG >MDMA,5 HEINEKEN PILLS 200+MG >MDMA available now. All orders dispatched within 24 hours of payment confirmation. Domestic and international stealth available.,0.111856 BTC,Netherlands,Worldwide,4.73/5,
amsterdam7uplier,Drugs/Ecstasy/MDMA,Special listing for An******se,We are back on NightMarket offering our verified Special listing for An******se. Guaranteed 99% quality and stealth packaging. Contact via PGP for bulk orders.,2.377308 BTC,Netherlands,FR,5.00/5,
amsterdam7uplier,Drugs/Ecstasy/Pills,1000 HEINEKEN PILLS 200+MG >MDMA,We are back on NightMarket offering our verified 1000 HEINEKEN PILLS 200+MG >MDMA. Guaranteed 99% quality and stealth packaging. Contact via PGP for bulk orders.,6.625779 BTC,Netherlands,Worldwide,4.93/5,
CipherCracks429,Data/Accounts,NBA League Pass Account [LIFETIME + FREEBIES],High purity NBA League Pass Account [LIFETIME + FREEBIES] at competitive market prices. Fully tested batch. Customer satisfaction is our top priority.,0.017228 BTC,USA,Worldwide,4.83/5,
CipherCracks429,Data/Accounts,100% Pure RealityKings Account [LIFETIME + FREEBIES],High purity RealityKings Account [LIFETIME + FREEBIES] at competitive market prices. Fully tested batch. Customer satisfaction is our top priority.,0.015612 BTC,USA,Worldwide,5.00/5,
CipherCracks429,Data/Accounts,Hulu Plus Account [LIFETIME + FREEBIES] [Worldwide Stealth],"Welcome to our official NightMarket shop! Hulu Plus Account [LIFETIME + FREEBIES] ready for instant dispatch. Double vacuum sealed, professional MBB stealth. 99% delivery rate across worldwide.",0.008219 BTC,USA,Worldwide,4.81/5,
CipherCracks429,Data/Accounts,NFL Game Pass Account [LIFETIME + FREEBIES],We are back on NightMarket offering our verified NFL Game Pass Account [LIFETIME + FREEBIES]. Guaranteed premium quality and stealth packaging. Contact via PGP for bulk orders.,0.018285 BTC,USA,Worldwide,5.00/5,
CipherCracks429,Data/Accounts,Digital Playground Account [LIFETIME + FREEBIES] [Purity Tested],Digital Playground Account [LIFETIME + FREEBIES] available now. All orders dispatched within 24 hours of payment confirmation. Domestic and international stealth available.,0.016296 BTC,USA,Worldwide,5.00/5,
CipherCracks429,Data/Accounts,Spotify Premium Account [LIFETIME + FREEBIES] [Original Batch],Spotify Premium Account [LIFETIME + FREEBIES] available now. All orders dispatched within 24 hours of payment confirmation. Domestic and international stealth available.,0.007879 BTC,USA,Worldwide,5.00/5,
CipherCracks429,Data/Accounts,DISH Anywhere Account [320+ CHANNELS][LIFETIME + FREEBIES],DISH Anywhere Account [320+ CHANNELS][LIFETIME + FREEBIES] available now. All orders dispatched within 24 hours of payment confirmation. Domestic and international stealth available.,0.041566 BTC,USA,Worldwide,5.00/5,
CipherCracks429,Data/Accounts,HQ Verizon Mobile TV Account [LIFETIME + FREEBIES] [Tracked],High purity Verizon Mobile TV Account [LIFETIME + FREEBIES] at competitive market prices. Fully tested batch. Customer satisfaction is our top priority.,0.019906 BTC,USA,Worldwide,5.00/5,
CipherCracks429,Data/Software,Premium Kaspersky PURE 3.0 [Escrow Ready],We are back on NightMarket offering our verified Kaspersky PURE 3.0. Guaranteed 99% quality and stealth packaging. Contact via PGP for bulk orders.,0.014653 BTC,USA,Worldwide,4.79/5,
CipherCracks429,Data/Accounts,CarFax Account [LIFETIME + FREEBIES] [Tracked],"Premium CarFax Account [LIFETIME + FREEBIES] sourced directly from verified labs. Fast, reliable service. Please include your PGP encrypted address when ordering.",0.019078 BTC,USA,Worldwide,4.79/5,
CipherCracks429,Data/Accounts,Ultra Clean USTVNow Account [LIFETIME + FREEBIES],USTVNow Account [LIFETIME + FREEBIES] available now. All orders dispatched within 24 hours of payment confirmation. Domestic and international stealth available.,0.017337 BTC,USA,Worldwide,4.78/5,
CipherCracks429,Data/Accounts,Custom GAMESTOP POWER UP REWARDS - 75% DISCOUNT! [Fast Shipping],We are back on NightMarket offering our verified GAMESTOP POWER UP REWARDS - 75% DISCOUNT!. Guaranteed top tier quality and stealth packaging. Contact via PGP for bulk orders.,0.003647 BTC,USA,Worldwide,5.00/5,
CipherCracks429,Data/Accounts,Ultra Clean VPN Account [LIFETIME + FREEBIES] [Purity Tested],"Premium VPN Account [LIFETIME + FREEBIES] sourced directly from verified labs. Fast, reliable service. Please include your PGP encrypted address when ordering.",0.017022 BTC,USA,Worldwide,4.79/5,
CipherCracks429,Data/Accounts,Custom MyGF Account [LIFETIME + FREEBIES],"Premium MyGF Account [LIFETIME + FREEBIES] sourced directly from verified labs. Fast, reliable service. Please include your PGP encrypted address when ordering.",0.013360 BTC,USA,Worldwide,4.95/5,
CipherCracks429,Data/Accounts,SiriusXM Account [LIFETIME + FREEBIES] [24/7 Auto Dispatch],We are back on NightMarket offering our verified SiriusXM Account [LIFETIME + FREEBIES]. Guaranteed lab tested quality and stealth packaging. Contact via PGP for bulk orders.,0.025456 BTC,USA,Worldwide,5.00/5,
vicious86,Services/Money,Buy BTC with a Netspend Reload [Escrow Ready],"Premium Buy BTC with a Netspend Reload sourced directly from verified labs. Fast, reliable service. Please include your PGP encrypted address when ordering.",0.000247 BTC,USA,USA,4.84/5,
vicious86,Services/Money,special order for hugsdruz [Worldwide Stealth],"Welcome to our official NightMarket shop! special order for hugsdruz ready for instant dispatch. Double vacuum sealed, professional MBB stealth. 99% delivery rate across worldwide.",1.323192 BTC,USA,Worldwide,4.89/5,
vicious86,Drugs/Stimulants/Meth,1 Heavy Duty Meth Pipe Made in The USA!!!! [24/7 Auto Dispatch],We are back on NightMarket offering our verified 1 Heavy Duty Meth Pipe Made in The USA!!!!. Guaranteed 99% quality and stealth packaging. Contact via PGP for bulk orders.,0.037147 BTC,USA,USA,4.83/5,
vicious86,Drugs/Stimulants/Meth,Custom 10 Easy touch Syringes Needles Works Free Shipping!,We are back on NightMarket offering our verified 10 Easy touch Syringes  Needles Works Free Shipping!. Guaranteed lab tested quality and stealth packaging. Contact via PGP for bulk orders.,0.042870 BTC,USA,Worldwide,5.00/5,
vicious86,Drug paraphernalia/Injecting equipment/Filters,100% Pure special order for man!ft [Tracked],"Welcome to our official NightMarket shop! special order for man!ft ready for instant dispatch. Double vacuum sealed, professional MBB stealth. 99% delivery rate across worldwide.",0.046392 BTC,USA,Worldwide,5.00/5,
vicious86,Services/Money,Buy BTC with REloadit Reload # Totally anonymous btc Purchase!! $300 minimum,High purity Buy BTC with REloadit Reload # Totally anonymous btc Purchase!! $300 minimum at competitive market prices. Fully tested batch. Customer satisfaction is our top priority.,0.000848 BTC,USA,Worldwide,5.00/5,
vicious86,Drug paraphernalia/Pipes,1 Heavy Duty Meth Pipe Made in the USA !!! [Worldwide Stealth],"Premium 1 Heavy Duty Meth Pipe Made in the USA !!! sourced directly from verified labs. Fast, reliable service. Please include your PGP encrypted address when ordering.",0.037748 BTC,USA,USA,4.99/5,
vicious86,Services/Money,Top Grade Special listing for skype90 [24/7 Auto Dispatch],High purity Special listing for skype90 at competitive market prices. Fully tested batch. Customer satisfaction is our top priority.,0.000370 BTC,USA,Worldwide,5.00/5,
vicious86,Drugs/Psychedelics/DMT,1 glass pipe for smoking DMT,We are back on NightMarket offering our verified 1 glass pipe for smoking DMT. Guaranteed premium quality and stealth packaging. Contact via PGP for bulk orders.,0.035744 BTC,USA,Worldwide,4.77/5,
vicious86,Services/Money,Buy BTC with Vanilla Reload Totally anonomous!!!,Buy BTC with  Vanilla Reload Totally anonomous!!! available now. All orders dispatched within 24 hours of payment confirmation. Domestic and international stealth available.,0.000941 BTC,USA,Worldwide,4.96/5,
vicious86,Services/Money,Verified Sell your Bitcoin for a REloadit REload NO FEE!!!! [Tracked],"Premium Sell your Bitcoin for a REloadit REload NO FEE!!!! sourced directly from verified labs. Fast, reliable service. Please include your PGP encrypted address when ordering.",0.003809 BTC,USA,usa,4.86/5,
vicious86,Services/Money,Sell your Bitcoin for a REloadit or Visa Vanilla REload NO FEE!!!! [24/7 Auto Dispatch],"Premium Sell your Bitcoin for a REloadit or Visa Vanilla REload NO FEE!!!! sourced directly from verified labs. Fast, reliable service. Please include your PGP encrypted address when ordering.",0.003052 BTC,USA,usa,5.00/5,
vicious86,Services/Money,100% Pure Buy BTC with Visa Vanilla Reload Totally anonomous!!!,"Welcome to our official NightMarket shop! Buy BTC with Visa Vanilla Reload Totally anonomous!!! ready for instant dispatch. Double vacuum sealed, professional MBB stealth. 99% delivery rate across worldwide.",0.000205 BTC,USA,Worldwide,4.85/5,
vicious86,Drugs/Opioids,10 Easy touch 29 or 30 Gauge Syringes Works Gear !! Free Shipping [Fast Shipping],High purity 10 Easy touch 29 or 30 Gauge Syringes Works Gear !! Free Shipping at competitive market prices. Fully tested batch. Customer satisfaction is our top priority.,0.053566 BTC,USA,Worldwide,4.90/5,
vicious86,Drugs/Stimulants/Cocaine,1 Heavy Duty FreeBase/Crack Pipe Made in the USA !!!,"Welcome to our official NightMarket shop! 1 Heavy Duty FreeBase/Crack Pipe Made in the USA !!! ready for instant dispatch. Double vacuum sealed, professional MBB stealth. 99% delivery rate across USA.",0.047497 BTC,USA,USA,4.91/5,
vicious86,Drugs/Stimulants/Meth,Ultra Clean 1 Heavy Duty Meth Pipe,We are back on NightMarket offering our verified 1 Heavy Duty Meth Pipe. Guaranteed top tier quality and stealth packaging. Contact via PGP for bulk orders.,0.020449 BTC,USA,Worldwide,5.00/5,
ozexpress_47,Drugs/Opioids,0.5g Heroin - Pure China White - ozexpress,"Premium 0.5g Heroin - Pure China White - ozexpress sourced directly from verified labs. Fast, reliable service. Please include your PGP encrypted address when ordering.",0.480359 BTC,Australia,Worldwide,4.96/5,
ozexpress_47,Drugs/Stimulants/Cocaine,1g Good Cocaine - ozexpress [Fast Shipping],1g Good Cocaine - ozexpress available now. All orders dispatched within 24 hours of payment confirmation. Domestic and international stealth available.,0.799744 BTC,Australia,Worldwide,4.82/5,
ozexpress_47,Drugs/Ecstasy/MDMA,Ultra Clean 0.5g MDMA Molly or Ecstacy High Quality Super Strength - ozexpress,We are back on NightMarket offering our verified 0.5g MDMA Molly or Ecstacy High Quality Super Strength - ozexpress. Guaranteed 99% quality and stealth packaging. Contact via PGP for bulk orders.,0.312860 BTC,Australia,Australia,4.92/5,
ozexpress_47,Drugs/Stimulants/Meth,HQ 0.2g Meth / Ice - Pure Burns Clean - ozexpress,"Premium 0.2g Meth / Ice - Pure Burns Clean - ozexpress sourced directly from verified labs. Fast, reliable service. Please include your PGP encrypted address when ordering.",0.279680 BTC,Australia,Australia,4.83/5,
ozexpress_47,Drugs/Stimulants/Meth,0.2g Meth / Ice Pure Burns CLEAN - ozexpress,"Premium 0.2g Meth / Ice Pure Burns CLEAN - ozexpress sourced directly from verified labs. Fast, reliable service. Please include your PGP encrypted address when ordering.",0.191121 BTC,Australia,Australia,5.00/5,
ozexpress_47,Drugs/Opioids/Heroin,3.5g Golden Triangle Pure China White Heroin - ozexpress,We are back on NightMarket offering our verified 3.5g Golden Triangle Pure China White Heroin - ozexpress. Guaranteed premium quality and stealth packaging. Contact via PGP for bulk orders.,4.850159 BTC,Australia,Australia,5.00/5,
ozexpress_47,Drugs/Stimulants/Meth,0.5g Meth / Ice - Pure ozexpress,High purity 0.5g Meth / Ice - Pure ozexpress at competitive market prices. Fully tested batch. Customer satisfaction is our top priority.,0.383428 BTC,Australia,Worldwide,5.00/5,
fredthebaker-FR,Drugs/Ecstasy/MDMA,5g Beautiful MDMA 80%+,"Welcome to our official NightMarket shop! 5g Beautiful MDMA 80%+ ready for instant dispatch. Double vacuum sealed, professional MBB stealth. 99% delivery rate across worldwide.",0.327025 BTC,Germany,Worldwide,4.81/5,
fredthebaker-FR,Drugs/Stimulants/Speed,High Quality 100g Speed paste **PROMOTION** [Tracked],100g Speed paste **PROMOTION** available now. All orders dispatched within 24 hours of payment confirmation. Domestic and international stealth available.,1.929722 BTC,Germany,Worldwide,5.00/5,
fredthebaker-FR,Drugs/Stimulants/Speed,Top Grade 10G of Speed Paste 80%+,"Welcome to our official NightMarket shop! 10G of Speed Paste 80%+ ready for instant dispatch. Double vacuum sealed, professional MBB stealth. 99% delivery rate across worldwide.",0.200928 BTC,Germany,Worldwide,5.00/5,
official_Godspeed,Drugs/Cannabis/Hash,Ultra Clean 9g A++ Cream Hash by Godspeed,9g A++ Cream Hash by Godspeed available now. All orders dispatched within 24 hours of payment confirmation. Domestic and international stealth available.,0.529809 BTC,Germany,Worldwide,4.57/5,
official_Godspeed,Drugs/Cannabis/Hash,25g Rhino Hash,25g Rhino Hash available now. All orders dispatched within 24 hours of payment confirmation. Domestic and international stealth available.,0.485562 BTC,Germany,Worldwide,4.90/5,
official_Godspeed,Drugs/Cannabis/Hash,100% Pure 10g Rhino Hash,10g Rhino Hash available now. All orders dispatched within 24 hours of payment confirmation. Domestic and international stealth available.,0.172810 BTC,Germany,Worldwide,4.77/5,
official_Godspeed,Drugs/Cannabis/Hash,6g Z-Hash,"Welcome to our official NightMarket shop! 6g Z-Hash ready for instant dispatch. Double vacuum sealed, professional MBB stealth. 99% delivery rate across worldwide.",0.172953 BTC,Germany,Worldwide,4.99/5,
official_Godspeed,Drugs/Ecstasy/Pills,Exclusive 5x blue Louis Vitton XTC pills - NO FE !!!,"Welcome to our official NightMarket shop! 5x blue Louis Vitton XTC pills - NO FE !!! ready for instant dispatch. Double vacuum sealed, professional MBB stealth. 99% delivery rate across EU.",0.077955 BTC,Germany,EU,4.91/5,
official_Godspeed,Drugs/Stimulants/Speed,50g HQ Dutch Amphetamine - Paste,High purity 50g HQ Dutch Amphetamine - Paste at competitive market prices. Fully tested batch. Customer satisfaction is our top priority.,0.802576 BTC,Germany,Worldwide,4.98/5,
official_Godspeed,Drugs/Cannabis/Hash,Top Grade 5g Sandstorm Hash from the Netherlands,5g Sandstorm Hash from the Netherlands available now. All orders dispatched within 24 hours of payment confirmation. Domestic and international stealth available.,0.127512 BTC,Germany,EU,4.98/5,
official_Godspeed,Drugs/Stimulants/Cocaine,1.0 g Godspeed High-Line Columbian Cocaine,"Premium 1.0 g Godspeed High-Line Columbian Cocaine sourced directly from verified labs. Fast, reliable service. Please include your PGP encrypted address when ordering.",0.419591 BTC,Germany,worldwide,4.57/5,
official_Godspeed,Drugs/Ecstasy/Pills,25x Red Toyota (XTC Pills) [Escrow Ready],"Premium 25x Red Toyota (XTC Pills) sourced directly from verified labs. Fast, reliable service. Please include your PGP encrypted address when ordering.",0.345444 BTC,Germany,EU,4.69/5,
official_Godspeed,Drugs/Cannabis/Hash,10g Sandstorm Hash from the Netherlands,High purity 10g Sandstorm Hash from the Netherlands at competitive market prices. Fully tested batch. Customer satisfaction is our top priority.,0.207600 BTC,Germany,Worldwide,4.80/5,
official_Godspeed,Drugs/Cannabis/Hash,"Custom 5g ""The Hash"" Dutch Polen by Godspeed [Worldwide Stealth]","Premium 5g ""The Hash"" Dutch Polen by Godspeed sourced directly from verified labs. Fast, reliable service. Please include your PGP encrypted address when ordering.",0.125109 BTC,Germany,EU,4.65/5,
official_Godspeed,Drugs/Ecstasy/Pills,High Quality 10 blue Louis Vitton (XTC pills) [24/7 Auto Dispatch],"Welcome to our official NightMarket shop! 10 blue Louis Vitton (XTC pills) ready for instant dispatch. Double vacuum sealed, professional MBB stealth. 99% delivery rate across EU.",0.112855 BTC,Germany,EU,5.00/5,
official_Godspeed,Drugs/Stimulants/Speed,5g HQ Amphetamin - Paste,We are back on NightMarket offering our verified 5g HQ Amphetamin - Paste. Guaranteed high grade quality and stealth packaging. Contact via PGP for bulk orders.,0.081639 BTC,Germany,EU,5.00/5,
official_Godspeed,Drugs/Stimulants/Cocaine,HQ 5.0 g Godspeed High-Line Columbian Cocaine,5.0 g Godspeed High-Line Columbian Cocaine available now. All orders dispatched within 24 hours of payment confirmation. Domestic and international stealth available.,1.249127 BTC,Germany,worldwide,4.64/5,
TripSitter,Drugs/Ecstasy/MDMA,**5g of pure MDMA-Crystals**,"Premium **5g of pure MDMA-Crystals** sourced directly from verified labs. Fast, reliable service. Please include your PGP encrypted address when ordering.",12.155919 BTC,Germany,Worldwide,5.00/5,
TripSitter,Drugs/Ecstasy/MDMA,**1g of pure MDMA-Crystals 84%+** [Purity Tested],**1g of pure MDMA-Crystals 84%+** available now. All orders dispatched within 24 hours of payment confirmation. Domestic and international stealth available.,0.104854 BTC,Germany,Worldwide,4.81/5,
TripSitter,Drugs/Ecstasy/MDMA,**200mg of pure MDMA-Crystals 84%+**SAMPLE**,We are back on NightMarket offering our verified **200mg of pure MDMA-Crystals 84%+**SAMPLE**. Guaranteed premium quality and stealth packaging. Contact via PGP for bulk orders.,0.003824 BTC,Germany,European Union,4.99/5,
TripSitter,Drugs/Ecstasy/MDMA,Top Grade **0 5g of pure MDMA-Crystals 84%+,"Premium **0 5g of pure MDMA-Crystals 84%+ sourced directly from verified labs. Fast, reliable service. Please include your PGP encrypted address when ordering.",0.041310 BTC,Germany,Worldwide,4.96/5,
ChronicChef_91,Drugs/Cannabis/Edibles,Exclusive Creamy Cake Pops (12 Pack) [Fast Shipping],High purity Creamy Cake Pops (12 Pack) at competitive market prices. Fully tested batch. Customer satisfaction is our top priority.,0.203769 BTC,Canada,Worldwide,4.90/5,
ChronicChef_91,Drugs/Cannabis/Edibles,Direct Source Mouth Melting Brownie - Single (Free Shipping Limited Offer),Mouth Melting Brownie - Single (Free Shipping  Limited Offer) available now. All orders dispatched within 24 hours of payment confirmation. Domestic and international stealth available.,0.028445 BTC,Canada,North America,4.97/5,
ChronicChef_91,Drugs/Cannabis/Edibles,Nutty Citrus Fudge (12 Pack),"Welcome to our official NightMarket shop! Nutty Citrus Fudge (12 Pack) ready for instant dispatch. Double vacuum sealed, professional MBB stealth. 99% delivery rate across Worldwide.",0.161146 BTC,Canada,Worldwide,4.93/5,
ChronicChef_91,Drugs/Cannabis/Edibles,Sweet & Fruity Lollipops (20 pack),High purity Sweet & Fruity Lollipops (20 pack) at competitive market prices. Fully tested batch. Customer satisfaction is our top priority.,0.164981 BTC,Canada,Worldwide,5.00/5,
ChronicChef_91,Drugs/Cannabis/Edibles,Top Grade Double Sampler Pack - Gourmet Edibles [Escrow Ready],"Welcome to our official NightMarket shop! Double Sampler Pack - Gourmet Edibles ready for instant dispatch. Double vacuum sealed, professional MBB stealth. 99% delivery rate across Worldwide.",0.203533 BTC,Canada,Worldwide,5.00/5,
ChronicChef_91,Drugs/Cannabis/Edibles,Mouth Melting White Chip Brownies (10 pack),High purity Mouth Melting White Chip Brownies (10 pack) at competitive market prices. Fully tested batch. Customer satisfaction is our top priority.,0.284498 BTC,Canada,Worldwide,5.00/5,
ChronicChef_91,Drugs/Cannabis/Edibles,Mouth Melting Brownie - Double (Free Shipping Limited Offer),"Premium Mouth Melting Brownie - Double (Free Shipping  Limited Offer) sourced directly from verified labs. Fast, reliable service. Please include your PGP encrypted address when ordering.",0.039203 BTC,Canada,Worldwide,4.94/5,
ChronicChef_91,Drugs/Cannabis/Edibles,Strong & Sweet Cherry Lollipops (4 pack) FREE SHIPPING,We are back on NightMarket offering our verified Strong & Sweet Cherry Lollipops (4 pack) FREE SHIPPING. Guaranteed top tier quality and stealth packaging. Contact via PGP for bulk orders.,0.041508 BTC,Canada,Worldwide,4.76/5,
ChronicChef_91,Drugs/Cannabis/Edibles,Dessert Sampler Pack [Fast Shipping],We are back on NightMarket offering our verified Dessert Sampler Pack. Guaranteed high grade quality and stealth packaging. Contact via PGP for bulk orders.,0.144672 BTC,Canada,Worldwide,5.00/5,
UDKeals,Drugs/Cannabis/Weed,2oz(56g) UK Cheese [Fast Shipping],2oz(56g) UK Cheese available now. All orders dispatched within 24 hours of payment confirmation. Domestic and international stealth available.,1.082543 BTC,UK,Worldwide,4.69/5,
UDKeals,Drugs/Cannabis/Weed,1oz(28g) UK Cheese,High purity 1oz(28g) UK Cheese at competitive market prices. Fully tested batch. Customer satisfaction is our top priority.,0.503328 BTC,UK,Worldwide,4.78/5,
UDKeals,Drugs/Cannabis/Weed,QP(112g) - UK Cheese,"Welcome to our official NightMarket shop! QP(112g) - UK Cheese ready for instant dispatch. Double vacuum sealed, professional MBB stealth. 99% delivery rate across worldwide.",2.005224 BTC,UK,Worldwide,4.56/5,
UDKeals,Drugs/Cannabis/Weed,Custom 1oz Jack Herrer [Worldwide Stealth],1oz Jack Herrer available now. All orders dispatched within 24 hours of payment confirmation. Domestic and international stealth available.,0.671365 BTC,UK,Worldwide,4.55/5,
UDKeals,Drugs/Cannabis/Weed,100% Pure 50g Jack Herrer [Fast Shipping],High purity 50g Jack Herrer at competitive market prices. Fully tested batch. Customer satisfaction is our top priority.,1.505490 BTC,USA,Worldwide,4.53/5,
UDKeals,Drugs/Stimulants/Cocaine,2g High Qauity Cocaine,"Premium 2g High Qauity Cocaine sourced directly from verified labs. Fast, reliable service. Please include your PGP encrypted address when ordering.",0.214662 BTC,UK,Worldwide,4.75/5,
UDKeals,Drugs/Cannabis/Weed,Verified 28g Jack Herrer [Fast Shipping],We are back on NightMarket offering our verified 28g Jack Herrer. Guaranteed top tier quality and stealth packaging. Contact via PGP for bulk orders.,0.727908 BTC,UK,Worldwide,4.53/5,
Spinifex,Drugs/Prescription,10x Tramadol ( 100mg Tramal SR ) [Original Batch],10x Tramadol (  100mg Tramal SR ) available now. All orders dispatched within 24 hours of payment confirmation. Domestic and international stealth available.,0.265895 BTC,Australia,Worldwide,4.98/5,
Spinifex,Drugs/Prescription,10 X Armodafinil 150mg ( New verison of Modafinil ) Blister pack,10 X Armodafinil 150mg ( New verison of Modafinil ) Blister pack available now. All orders dispatched within 24 hours of payment confirmation. Domestic and international stealth available.,0.111357 BTC,Australia,Australia,5.00/5,
Spinifex,Drugs/Prescription,5X Generic Priligy ( 60mg Dapoxetine ) Treats Premature Ejaculation [Escrow Ready],High purity 5X Generic Priligy ( 60mg Dapoxetine ) Treats Premature Ejaculation at competitive market prices. Fully tested batch. Customer satisfaction is our top priority.,0.156112 BTC,Australia,Australia,5.00/5,
Spinifex,Electronics,Premium Pocket Precision Digital Scale ( 200g 0.01g ) [Purity Tested],Pocket Precision Digital Scale ( 200g 0.01g ) available now. All orders dispatched within 24 hours of payment confirmation. Domestic and international stealth available.,0.152126 BTC,Australia,Australia,4.90/5,
Spinifex,Drugs/Prescription,1X Generic Viagra Satchel ( 100mg Sildenafil Citrate Jelly ),"Premium 1X  Generic Viagra Satchel ( 100mg Sildenafil Citrate Jelly ) sourced directly from verified labs. Fast, reliable service. Please include your PGP encrypted address when ordering.",0.037118 BTC,Australia,Australia,4.86/5,
Spinifex,Drugs/Benzos,1X 40mg Oxycontin ( Blister Pack ),"Welcome to our official NightMarket shop! 1X 40mg Oxycontin ( Blister Pack ) ready for instant dispatch. Double vacuum sealed, professional MBB stealth. 99% delivery rate across Australia.",0.142088 BTC,Australia,Australia,5.00/5,
Spinifex,Drugs/Opioids/Oxycodone,5 x Endone ( 5mg Oxycodone ),"Premium 5 x Endone ( 5mg Oxycodone ) sourced directly from verified labs. Fast, reliable service. Please include your PGP encrypted address when ordering.",0.218045 BTC,Australia,Australia,4.79/5,
Spinifex,Drugs/Opioids/Oxycodone,1X 30mg Oxycontin ( Blister Pack ) [24/7 Auto Dispatch],We are back on NightMarket offering our verified 1X 30mg Oxycontin ( Blister Pack ). Guaranteed top tier quality and stealth packaging. Contact via PGP for bulk orders.,0.112983 BTC,Australia,Australia,4.85/5,
Spinifex,Data/Software,Ultra Clean Darknet Tails Bootable USB 8GB ( Lastest Version With Instructions ) Privacy for anyone anywhere [Fast Shipping],We are back on NightMarket offering our verified Darknet Tails Bootable USB 8GB ( Lastest Version With Instructions ) Privacy for anyone anywhere. Guaranteed 99% quality and stealth packaging. Contact via PGP for bulk orders.,0.132634 BTC,Australia,Australia,4.88/5,
Spinifex,Drugs/Prescription,Verified 10 X Modafinil Pills 200mg ( Modalert ),High purity 10 X Modafinil Pills 200mg ( Modalert ) at competitive market prices. Fully tested batch. Customer satisfaction is our top priority.,0.094992 BTC,Australia,Australia,5.00/5,
Spinifex,Drugs/Prescription,10X Generic Priligy ( 60mg Dapoxetine ) Treats Premature Ejaculation [24/7 Auto Dispatch],We are back on NightMarket offering our verified 10X Generic Priligy ( 60mg Dapoxetine ) Treats Premature Ejaculation. Guaranteed top tier quality and stealth packaging. Contact via PGP for bulk orders.,0.341060 BTC,Australia,Australia,5.00/5,
Spinifex,Drugs/Prescription,Custom 4 X Generic Viagra ( 100mg Sildenafil Citrate Tablets ) Blister Pack,4 X Generic Viagra ( 100mg Sildenafil Citrate Tablets ) Blister Pack available now. All orders dispatched within 24 hours of payment confirmation. Domestic and international stealth available.,0.097508 BTC,Australia,Australia,4.98/5,
Spinifex,Drugs/Prescription,Custom 4X Generic Cialis 20mg ( Tadalafil Tablets ) Blister Pack,"Welcome to our official NightMarket shop! 4X Generic Cialis 20mg ( Tadalafil Tablets ) Blister Pack ready for instant dispatch. Double vacuum sealed, professional MBB stealth. 99% delivery rate across Australia.",0.092434 BTC,Australia,Australia,5.00/5,
Spinifex,Drugs/Prescription,10 X Modafinil Pills 200mg ( Modvigil ),10 X Modafinil Pills 200mg ( Modvigil ) available now. All orders dispatched within 24 hours of payment confirmation. Domestic and international stealth available.,0.107111 BTC,Australia,Australia,4.87/5,
Spinifex,Drugs/Prescription,4X Generic Levitra 20mg ( Vardenafil Tablets ) Faster Than Viagra [Escrow Ready],High purity 4X Generic Levitra 20mg ( Vardenafil Tablets ) Faster Than Viagra at competitive market prices. Fully tested batch. Customer satisfaction is our top priority.,0.157324 BTC,Australia,Australia,4.91/5,
Spinifex,Drugs/Prescription,Premium 7X Generic Viagra Satchels ( 100mg Sildenafil Citrate Jelly ) 1 Week Supply [24/7 Auto Dispatch],"Welcome to our official NightMarket shop! 7X  Generic Viagra Satchels ( 100mg Sildenafil Citrate Jelly ) 1 Week Supply ready for instant dispatch. Double vacuum sealed, professional MBB stealth. 99% delivery rate across Australia.",0.308273 BTC,Australia,Australia,4.89/5,
Spinifex,Drugs/Prescription,High Quality 5x Tramadol ( 100mg Tramal SR ),"Welcome to our official NightMarket shop! 5x Tramadol (  100mg Tramal SR ) ready for instant dispatch. Double vacuum sealed, professional MBB stealth. 99% delivery rate across worldwide.",0.178782 BTC,Australia,Worldwide,4.79/5,
Spinifex,Drugs/Prescription,SEX TRIAL PACK #1 2x Viagra 2x Cialis 2x Priligy [Escrow Ready],High purity SEX TRIAL PACK #1 2x Viagra   2x Cialis   2x Priligy at competitive market prices. Fully tested batch. Customer satisfaction is our top priority.,0.252881 BTC,Australia,Australia,5.00/5,
Spinifex,Drugs/Prescription,Silagra Brand 4 X Generic Viagra ( 100mg Sildenafil Citrate Tablets ) Blister Pack,"Welcome to our official NightMarket shop! Silagra Brand 4 X Generic Viagra ( 100mg Sildenafil Citrate Tablets ) Blister Pack ready for instant dispatch. Double vacuum sealed, professional MBB stealth. 99% delivery rate across Australia.",0.133533 BTC,Australia,Australia,5.00/5,
Spinifex,Drugs/Prescription,10X Generic Levitra 20mg ( Vardenafil Tablets ) Faster Than Viagra,10X Generic Levitra 20mg ( Vardenafil Tablets ) Faster Than Viagra available now. All orders dispatched within 24 hours of payment confirmation. Domestic and international stealth available.,0.346497 BTC,Australia,Australia,4.82/5,
Spinifex,Drugs/Prescription,Direct Source SEX TRIAL PACK #2 2x Viagra 2x Cialis 2x Levitra,High purity SEX TRIAL PACK #2 2x Viagra   2x Cialis   2x Levitra at competitive market prices. Fully tested batch. Customer satisfaction is our top priority.,0.253028 BTC,Australia,Australia,4.86/5,
vendor_UKPharma,Drugs/Benzos,Top Grade 25x Russian Valium 10mg - Relanium Brand - NO FE- Loose Diazepam [Fast Shipping],"Welcome to our official NightMarket shop! 25x Russian Valium 10mg - Relanium Brand - NO FE- Loose Diazepam ready for instant dispatch. Double vacuum sealed, professional MBB stealth. 99% delivery rate across UK.",0.051366 BTC,UK,UK,4.98/5,
vendor_UKPharma,Drugs/Prescription,25x Roche Valium 10mg Brazil-Origin - NO FE - Loose Diazepam,25x Roche Valium 10mg Brazil-Origin - NO FE - Loose Diazepam available now. All orders dispatched within 24 hours of payment confirmation. Domestic and international stealth available.,0.081030 BTC,UK,UK,4.84/5,
vendor_UKPharma,Drugs/Benzos,100% Pure Phenazepam 1mg Original Russian 10 pill Blister,"Premium Phenazepam 1mg Original Russian 10 pill Blister sourced directly from verified labs. Fast, reliable service. Please include your PGP encrypted address when ordering.",0.042773 BTC,UK,UK,5.00/5,
vendor_UKPharma,Drugs/Benzos,Ultra Clean 20 x 10mg MSJ Blue Diazepam Valium (Sri-Lanka originals) NO FE now. [Worldwide Stealth],20 x 10mg MSJ Blue Diazepam Valium (Sri-Lanka originals) NO FE now. available now. All orders dispatched within 24 hours of payment confirmation. Domestic and international stealth available.,0.096188 BTC,UK,UK,4.90/5,
vendor_UKPharma,Drugs/Benzos,20 x 5mg MSJ Yellow Diazepam Valium (Sri-Lanka originals),"Welcome to our official NightMarket shop! 20 x 5mg MSJ Yellow Diazepam Valium (Sri-Lanka originals) ready for instant dispatch. Double vacuum sealed, professional MBB stealth. 99% delivery rate across UK.",0.035205 BTC,UK,UK,4.93/5,
vendor_UKPharma,Drugs/Benzos,100 x 10mg MSJ Blue Diazepam Valium (Sri-Lanka originals) [Worldwide Stealth],"Premium 100 x 10mg MSJ Blue Diazepam Valium (Sri-Lanka originals) sourced directly from verified labs. Fast, reliable service. Please include your PGP encrypted address when ordering.",0.416273 BTC,UK,Europe (not Sweden/Norway),5.00/5,
vendor_UKPharma,Drugs/Benzos,14 x 7.5 mg Actavis Zopiclone Sleeping Tablets - 1 Blista Strip of Pills,14 x 7.5 mg Actavis Zopiclone Sleeping Tablets - 1 Blista Strip of  Pills available now. All orders dispatched within 24 hours of payment confirmation. Domestic and international stealth available.,0.069792 BTC,UK,UK,5.00/5,
vendor_UKPharma,Drugs/Benzos,Custom Sleeping Pills Tablets Capsules x 25 Diphenhydramine [Worldwide Stealth],"Premium Sleeping Pills Tablets Capsules x 25 Diphenhydramine sourced directly from verified labs. Fast, reliable service. Please include your PGP encrypted address when ordering.",0.067803 BTC,UK,UK,4.86/5,
vendor_UKPharma,Drugs/Benzos,custom,We are back on NightMarket offering our verified custom. Guaranteed high grade quality and stealth packaging. Contact via PGP for bulk orders.,0.054994 BTC,UK,UK,5.00/5,
vendor_UKPharma,Drugs/Cannabis/Hash,1 gram decent pollen hash £4/gram Free deliveryy,1 gram decent pollen hash £4/gram Free deliveryy available now. All orders dispatched within 24 hours of payment confirmation. Domestic and international stealth available.,0.017051 BTC,UK,UK,4.98/5,
vendor_UKPharma,Drugs/Benzos,Direct Source 10 x 10mg M & A Diazepam Original UK NHS Valium [24/7 Auto Dispatch],"Premium 10 x 10mg M & A Diazepam Original UK NHS Valium sourced directly from verified labs. Fast, reliable service. Please include your PGP encrypted address when ordering.",0.094048 BTC,UK,UK,5.00/5,
vendor_UKPharma,Drugs/Benzos,25x Etizolam 1mg Euro-sourced (Equates to 10mg Diazepam),"Welcome to our official NightMarket shop! 25x Etizolam 1mg Euro-sourced (Equates to 10mg Diazepam) ready for instant dispatch. Double vacuum sealed, professional MBB stealth. 99% delivery rate across UK.",0.085322 BTC,UK,UK,4.80/5,
vendor_UKPharma,Drugs/Benzos,50x Roche Valium 10mg Brazil-Origin - Loose Diazepam,We are back on NightMarket offering our verified 50x Roche Valium 10mg Brazil-Origin - Loose Diazepam. Guaranteed premium quality and stealth packaging. Contact via PGP for bulk orders.,0.173596 BTC,UK,UK,4.91/5,
vendor_UKPharma,Drugs/Benzos,Ultra Clean 50x Roche Valium 10mg Brazil-Origin - NO FE - Loose Diazepam [Tracked],High purity 50x Roche Valium 10mg Brazil-Origin - NO FE - Loose Diazepam at competitive market prices. Fully tested batch. Customer satisfaction is our top priority.,0.136006 BTC,UK,UK,4.98/5,
vendor_UKPharma,Data/Software,Sage 50 Accounts Professional Accounts Software for Accounting 2012 [24/7 Auto Dispatch],"Welcome to our official NightMarket shop! Sage 50 Accounts Professional Accounts Software for Accounting 2012 ready for instant dispatch. Double vacuum sealed, professional MBB stealth. 99% delivery rate across Worldwide.",0.085369 BTC,UK,Worldwide,4.90/5,
vendor_UKPharma,Drugs/Benzos,Direct Source 10 x 10mg Blue Diazepam - 1 blista stip of Valium - Shalina Brand,10 x 10mg Blue Diazepam - 1 blista stip of Valium - Shalina Brand available now. All orders dispatched within 24 hours of payment confirmation. Domestic and international stealth available.,0.049850 BTC,UK,UK,5.00/5,
vendor_UKPharma,Drugs/Benzos,25x Russian Valium 10mg - Relanium Brand - NO FE- Loose Diazepam £12,High purity 25x Russian Valium 10mg - Relanium Brand - NO FE- Loose Diazepam £12 at competitive market prices. Fully tested batch. Customer satisfaction is our top priority.,0.048533 BTC,UK,UK,5.00/5,
vendor_UKPharma,Drugs/Benzos,15 x 15mg Diazepam Capsules Extended Release,"Welcome to our official NightMarket shop! 15 x 15mg Diazepam Capsules Extended Release ready for instant dispatch. Double vacuum sealed, professional MBB stealth. 99% delivery rate across UK.",0.073397 BTC,UK,UK,5.00/5,
vendor_UKPharma,Drugs/Benzos,Ultra Clean SALE! 10 Grams Powder 5mg MSJ Yellow Diazepam Valium NO FE [Original Batch],High purity SALE! 10 Grams Powder 5mg MSJ Yellow Diazepam Valium  NO FE at competitive market prices. Fully tested batch. Customer satisfaction is our top priority.,0.190477 BTC,UK,UK,5.00/5,
cultmadeline-NL,Drugs/Cannabis/Weed,1oz of Exquisite II Strains (Various Selections) [Tracked],High purity 1oz of Exquisite II Strains (Various Selections) at competitive market prices. Fully tested batch. Customer satisfaction is our top priority.,1.122393 BTC,USA France  Sweden  Norway  Asia  Phillipines  Thailand  Hong Kong  Israel  United Kingdom,USA  France  Sweden  Norway  Asia  Phillipines  Thailand  Hong Kong  Israel  United Kingdom,5.00/5,
cultmadeline-NL,Drugs/Cannabis/Concentrates,100% Pure 1g of Honeycomb Wax,"Premium 1g of Honeycomb Wax sourced directly from verified labs. Fast, reliable service. Please include your PGP encrypted address when ordering.",0.092404 BTC,USA Canada  Europe,USA  Canada  Europe,4.94/5,
cultmadeline-NL,Drugs/Cannabis/Weed,Second 10 orders at 25% off - Indoor Premium Strains (Various Selections),"Premium Second 10 orders at 25% off - Indoor Premium Strains (Various Selections) sourced directly from verified labs. Fast, reliable service. Please include your PGP encrypted address when ordering.",0.329517 BTC,USA Europe  Canada  Phillipines,USA  Europe  Canada  Phillipines,4.81/5,
cultmadeline-NL,Drugs/Cannabis/Concentrates,Cult Madeline Wax Pen Set,"Welcome to our official NightMarket shop! Cult Madeline Wax Pen Set ready for instant dispatch. Double vacuum sealed, professional MBB stealth. 99% delivery rate across USA  France  Sweden  Norway  Asia  Phillipines  Thailand  Hong Kong  Israel  United Kingdom.",0.184935 BTC,USA France  Sweden  Norway  Asia  Phillipines  Thailand  Hong Kong  Israel  United Kingdom,USA  France  Sweden  Norway  Asia  Phillipines  Thailand  Hong Kong  Israel  United Kingdom,4.92/5,
cultmadeline-NL,Drugs/Cannabis/Weed,4oz of Bargain Strains (Blueberry Diesel),4oz of Bargain Strains (Blueberry Diesel) available now. All orders dispatched within 24 hours of payment confirmation. Domestic and international stealth available.,1.308968 BTC,USA Europe  Canada,USA  Europe  Canada,5.00/5,
cultmadeline-NL,Drugs/Cannabis/Concentrates,3g of Honeycomb Wax (Standard) [Tracked],"Welcome to our official NightMarket shop! 3g of Honeycomb Wax (Standard) ready for instant dispatch. Double vacuum sealed, professional MBB stealth. 99% delivery rate across USA  Canada  Europe.",0.401252 BTC,USA Canada  Europe,USA  Canada  Europe,4.91/5,
cultmadeline-NL,Drugs/Cannabis/Weed,1oz Premium Strains (Various Selections),"Welcome to our official NightMarket shop! 1oz Premium Strains (Various Selections) ready for instant dispatch. Double vacuum sealed, professional MBB stealth. 99% delivery rate across USA  Europe  Canada.",1.056555 BTC,USA Europe  Canada,USA  Europe  Canada,5.00/5,
cultmadeline-NL,Drugs/Cannabis/Weed,4oz of Exquisite Strains (Various Selections),"Welcome to our official NightMarket shop! 4oz of Exquisite Strains (Various Selections) ready for instant dispatch. Double vacuum sealed, professional MBB stealth. 99% delivery rate across USA  Europe  Canada.",4.537537 BTC,USA Europe  Canada,USA  Europe  Canada,4.83/5,
cultmadeline-NL,Drugs/Cannabis/Weed,Custom 1oz Premium Level II (Various Selections),"Premium 1oz Premium Level II (Various Selections) sourced directly from verified labs. Fast, reliable service. Please include your PGP encrypted address when ordering.",1.243260 BTC,USA France  Sweden  Norway  Asia  Phillipines  Thailand  Hong Kong  Israel  United Kingdom,USA  France  Sweden  Norway  Asia  Phillipines  Thailand  Hong Kong  Israel  United Kingdom,4.98/5,
cultmadeline-NL,Drugs/Cannabis/Concentrates,3g of Shatter (Premium),3g of Shatter (Premium) available now. All orders dispatched within 24 hours of payment confirmation. Domestic and international stealth available.,0.632092 BTC,USA France  Sweden  Norway  Asia  Phillipines  Thailand  Hong Kong  Israel  United Kingdom,USA  France  Sweden  Norway  Asia  Phillipines  Thailand  Hong Kong  Israel  United Kingdom,4.98/5,
cultmadeline-NL,Drugs/Cannabis/Weed,4oz of Premium Indoor Strains (Various Selections),4oz of Premium Indoor Strains (Various Selections) available now. All orders dispatched within 24 hours of payment confirmation. Domestic and international stealth available.,1.919341 BTC,USA,Worldwide,5.00/5,
cultmadeline-NL,Drugs/Cannabis/Concentrates,6g of Shatter (Premium),6g of Shatter (Premium) available now. All orders dispatched within 24 hours of payment confirmation. Domestic and international stealth available.,1.358504 BTC,USA France  Sweden  Norway  Asia  Phillipines  Thailand  Hong Kong  Israel  United Kingdom,USA  France  Sweden  Norway  Asia  Phillipines  Thailand  Hong Kong  Israel  United Kingdom,5.00/5,
cultmadeline-NL,Drugs/Cannabis/Weed,Ultra Clean 2oz of Bargain Strains (Blueberry Diesel),We are back on NightMarket offering our verified 2oz of Bargain Strains (Blueberry Diesel). Guaranteed lab tested quality and stealth packaging. Contact via PGP for bulk orders.,0.579572 BTC,USA,Worldwide,5.00/5,
cultmadeline-NL,Drugs/Cannabis/Concentrates,28g of Honeycomb Wax [Purity Tested],We are back on NightMarket offering our verified 28g of Honeycomb Wax. Guaranteed lab tested quality and stealth packaging. Contact via PGP for bulk orders.,1.706431 BTC,USA Canada  Europe,USA  Canada  Europe,4.83/5,
cultmadeline-NL,Drugs/Cannabis/Concentrates,Exclusive 12g of Honeycomb (Premium),High purity 12g of Honeycomb (Premium) at competitive market prices. Fully tested batch. Customer satisfaction is our top priority.,2.305869 BTC,USA Canada  Europe,USA  Canada  Europe,5.00/5,
cultmadeline-NL,Drugs/Cannabis/Weed,Top Grade 1oz Green House Strain (Various Selections),"Premium 1oz Green House Strain (Various Selections) sourced directly from verified labs. Fast, reliable service. Please include your PGP encrypted address when ordering.",0.618382 BTC,USA,Worldwide,4.92/5,
cultmadeline-NL,Drugs/Cannabis/Weed,Ultra Clean 2oz of Bargain Kush [24/7 Auto Dispatch],"Premium 2oz of Bargain Kush sourced directly from verified labs. Fast, reliable service. Please include your PGP encrypted address when ordering.",1.176594 BTC,USA EUROPE  CANADA,USA  EUROPE  CANADA,5.00/5,
ekni,Drugs/Ecstasy/Pills,XTC Pills MDMA (220mg) x100 [Escrow Ready],High purity XTC Pills MDMA (220mg)  x100 at competitive market prices. Fully tested batch. Customer satisfaction is our top priority.,1.524408 BTC,Netherlands,Worldwide,5.00/5,
ekni,Drugs/Psychedelics/LSD,LSD Blotters x10,"Welcome to our official NightMarket shop! LSD Blotters x10 ready for instant dispatch. Double vacuum sealed, professional MBB stealth. 99% delivery rate across Worldwide.",0.190228 BTC,Netherlands,Worldwide,4.99/5,
ekni,Drugs/Ecstasy/MDMA,Ultra Clean Crystal MDMA 250g,We are back on NightMarket offering our verified Crystal MDMA 250g. Guaranteed top tier quality and stealth packaging. Contact via PGP for bulk orders.,7.684509 BTC,Netherlands,EU,4.93/5,
ekni,Drugs/Ecstasy/Pills,XTC Pills MDMA (220mg) x25 [Tracked],"Premium XTC Pills MDMA (220mg) x25 sourced directly from verified labs. Fast, reliable service. Please include your PGP encrypted address when ordering.",0.367338 BTC,Netherlands,Worldwide,4.81/5,
ekni,Drugs/Ecstasy/MDMA,HQ Crystal MDMA 10g,High purity Crystal MDMA 10g at competitive market prices. Fully tested batch. Customer satisfaction is our top priority.,0.584286 BTC,Netherlands,Worldwide,5.00/5,
ekni,Drugs/Ecstasy/Pills,XTC Pills MDMA (145mg) x25,High purity XTC Pills MDMA (145mg) x25 at competitive market prices. Fully tested batch. Customer satisfaction is our top priority.,0.297587 BTC,Netherlands,Worldwide,4.86/5,
ekni,Drugs/Ecstasy/MDMA,MDMA 1g,High purity MDMA 1g at competitive market prices. Fully tested batch. Customer satisfaction is our top priority.,0.058552 BTC,Netherlands,EU,5.00/5,
ekni,Drugs/Ecstasy/MDMA,Crystal MDMA 100g,High purity Crystal MDMA 100g at competitive market prices. Fully tested batch. Customer satisfaction is our top priority.,4.980180 BTC,Netherlands,Worldwide,4.76/5,
ekni,Drugs/Psychedelics/DMT,100% Pure DMT (brown) 5g,High purity DMT (brown) 5g at competitive market prices. Fully tested batch. Customer satisfaction is our top priority.,1.396401 BTC,Netherlands,Worldwide,5.00/5,
ekni,Drugs/Stimulants/Speed,Amphetamines paste / Speed 10g,"Welcome to our official NightMarket shop! Amphetamines paste / Speed 10g ready for instant dispatch. Double vacuum sealed, professional MBB stealth. 99% delivery rate across Worldwide.",0.175457 BTC,Netherlands,Worldwide,4.76/5,
ekni,Drugs/Stimulants/Speed,Amphetamines paste / Speed 250g,Amphetamines paste / Speed 250g available now. All orders dispatched within 24 hours of payment confirmation. Domestic and international stealth available.,2.141643 BTC,Netherlands,EU,4.95/5,
ekni,Drugs/Ecstasy/Pills,100% Pure XTC Pills MDMA (145mg) x100 [Purity Tested],"Premium XTC Pills MDMA (145mg) x100 sourced directly from verified labs. Fast, reliable service. Please include your PGP encrypted address when ordering.",0.781616 BTC,Netherlands,Worldwide,4.90/5,
ekni,Drugs/Ecstasy/Pills,XTC Pills MDMA (200mg) x10 [24/7 Auto Dispatch],"Premium XTC Pills MDMA (200mg)  x10 sourced directly from verified labs. Fast, reliable service. Please include your PGP encrypted address when ordering.",0.151220 BTC,Netherlands,Worldwide,4.95/5,
ekni,Drugs/Stimulants/Speed,Exclusive Amphetamines paste / Speed 1kg,We are back on NightMarket offering our verified Amphetamines paste / Speed 1kg. Guaranteed premium quality and stealth packaging. Contact via PGP for bulk orders.,6.028804 BTC,Netherlands,EU,4.99/5,
ekni,Drugs/Stimulants/Speed,Amphetamines paste / Speed 25g,"Welcome to our official NightMarket shop! Amphetamines paste / Speed 25g ready for instant dispatch. Double vacuum sealed, professional MBB stealth. 99% delivery rate across Worldwide.",0.309821 BTC,Netherlands,Worldwide,4.90/5,
ekni,Drugs/Cannabis/Hash,Indian hand rubbed Charas 1g [Worldwide Stealth],We are back on NightMarket offering our verified Indian hand rubbed Charas 1g. Guaranteed lab tested quality and stealth packaging. Contact via PGP for bulk orders.,0.049117 BTC,India,Worldwide,4.81/5,
ekni,Drugs/Ecstasy/Pills,XTC Pills MDMA (145mg) x250 [Tracked],"Welcome to our official NightMarket shop! XTC Pills MDMA (145mg) x250 ready for instant dispatch. Double vacuum sealed, professional MBB stealth. 99% delivery rate across Worldwide.",2.231380 BTC,Netherlands,Worldwide,5.00/5,
ekni,Drugs/Cannabis/Weed,Weed indoor Haze 5g,"Welcome to our official NightMarket shop! Weed indoor Haze 5g ready for instant dispatch. Double vacuum sealed, professional MBB stealth. 99% delivery rate across EU.",0.274068 BTC,Netherlands,EU,4.80/5,
ekni,Drugs/Other,Kamargra tablets x20 [Purity Tested],"Premium Kamargra tablets x20 sourced directly from verified labs. Fast, reliable service. Please include your PGP encrypted address when ordering.",0.161973 BTC,Netherlands,Worldwide,4.91/5,
ekni,Drugs/Cannabis/Weed,Weed indoor Haze 10g [Fast Shipping],Weed indoor Haze 10g available now. All orders dispatched within 24 hours of payment confirmation. Domestic and international stealth available.,0.426969 BTC,Netherlands,EU,5.00/5,
aussieprime_547,Drugs/Cannabis/Weed,Direct Source 1/4 Pound Weed [Tracked],"Premium 1/4 Pound Weed sourced directly from verified labs. Fast, reliable service. Please include your PGP encrypted address when ordering.",3.516950 BTC,Australia,australia,5.00/5,
aussieprime_547,Drugs/Cannabis/Weed,1 OZ WEED,"Welcome to our official NightMarket shop! 1 OZ WEED ready for instant dispatch. Double vacuum sealed, professional MBB stealth. 99% delivery rate across Australia.",0.848984 BTC,Australia,Australia,5.00/5,
aussieprime_547,Drugs/Stimulants/Meth,7grams Uncut Crystal Meth [Original Batch],"Premium 7grams Uncut Crystal Meth sourced directly from verified labs. Fast, reliable service. Please include your PGP encrypted address when ordering.",7.028904 BTC,Australia,Worldwide,4.83/5,
aussieprime_547,Drugs/Cannabis/Weed,100% Pure 56Grams A+ Weed [Fast Shipping],"Premium 56Grams A+ Weed sourced directly from verified labs. Fast, reliable service. Please include your PGP encrypted address when ordering.",1.881657 BTC,Australia,australia,4.94/5,
aussieprime_547,Drugs/Stimulants/Meth,Custom 0.5g Ice Uncut,"Welcome to our official NightMarket shop! 0.5g Ice Uncut ready for instant dispatch. Double vacuum sealed, professional MBB stealth. 99% delivery rate across australia.",0.512769 BTC,Australia,australia,5.00/5,
aussieprime_547,Drugs/Cannabis/Weed,High Quality 14g Weed Top Quality [Purity Tested],High purity 14g Weed Top Quality at competitive market prices. Fully tested batch. Customer satisfaction is our top priority.,0.541079 BTC,Australia,australia,4.98/5,
aussieprime_547,Drugs/Cannabis/Weed,28Grams A+ Bud,High purity 28Grams A+ Bud at competitive market prices. Fully tested batch. Customer satisfaction is our top priority.,0.795935 BTC,Australia,Worldwide,4.94/5,
aussieprime_547,Drugs/Ecstasy/MDMA,Premium 1g Pure MDMA Crystals [Purity Tested],High purity 1g Pure MDMA Crystals at competitive market prices. Fully tested batch. Customer satisfaction is our top priority.,0.859122 BTC,Australia,Australia,4.89/5,
aussieprime_547,Drugs/Stimulants/Meth,1 Gram Ice Uncut [Original Batch],High purity 1 Gram Ice Uncut at competitive market prices. Fully tested batch. Customer satisfaction is our top priority.,1.432617 BTC,Australia,australia,4.82/5,
I_odnt_know,Drugs/Stimulants/Cocaine,High Quality Cocaine half gram,"Premium Cocaine half gram sourced directly from verified labs. Fast, reliable service. Please include your PGP encrypted address when ordering.",0.363994 BTC,Australia,Australia,5.00/5,
I_odnt_know,Drugs/Opioids/Fentanyl,Direct Source Fentanyl patch 100 micrograms [Original Batch],"Premium Fentanyl patch 100 micrograms sourced directly from verified labs. Fast, reliable service. Please include your PGP encrypted address when ordering.",0.685635 BTC,Australia,Australia,5.00/5,
I_odnt_know,Drugs/Opioids/Morphine,Custom morphine 60mg,"Welcome to our official NightMarket shop! morphine 60mg ready for instant dispatch. Double vacuum sealed, professional MBB stealth. 99% delivery rate across Australia.",0.262309 BTC,Australia,Australia,4.90/5,
I_odnt_know,Drugs/Opioids,Top Grade Fentanyl patch 100microgram,"Premium Fentanyl patch 100microgram sourced directly from verified labs. Fast, reliable service. Please include your PGP encrypted address when ordering.",0.718691 BTC,Australia,Australia,5.00/5,
I_odnt_know,Drugs/Opioids/Fentanyl,FENTANYL 500ugi,"Premium FENTANYL 500ugi sourced directly from verified labs. Fast, reliable service. Please include your PGP encrypted address when ordering.",0.075123 BTC,Australia,Australia,5.00/5,
I_odnt_know,Drugs/Cannabis/Weed,Premium white rhino14grams,"Premium white rhino14grams sourced directly from verified labs. Fast, reliable service. Please include your PGP encrypted address when ordering.",0.239651 BTC,Australia,Australia,4.95/5,
I_odnt_know,Drugs/Benzos,Xanax 1bottle 2mg,We are back on NightMarket offering our verified Xanax 1bottle 2mg. Guaranteed top tier quality and stealth packaging. Contact via PGP for bulk orders.,0.904263 BTC,Australia,Australia,5.00/5,
I_odnt_know,Drugs/Cannabis/Weed,White widow 14grams,We are back on NightMarket offering our verified White widow 14grams. Guaranteed high grade quality and stealth packaging. Contact via PGP for bulk orders.,0.764810 BTC,Australia,Australia,4.86/5,
I_odnt_know,Drugs/Cannabis/Weed,white widow 3g,We are back on NightMarket offering our verified white widow 3g. Guaranteed lab tested quality and stealth packaging. Contact via PGP for bulk orders.,0.131015 BTC,Australia,Australia,4.84/5,
SusnaSmith,Drugs/Ecstasy/Other,1 Gram 4-MEC [Worldwide Stealth],High purity 1 Gram 4-MEC at competitive market prices. Fully tested batch. Customer satisfaction is our top priority.,0.050332 BTC,USA,Worldwide,5.00/5,
SusnaSmith,Drugs/Cannabis/Synthetics,2 Grams MAM-2201,We are back on NightMarket offering our verified 2 Grams MAM-2201. Guaranteed 99% quality and stealth packaging. Contact via PGP for bulk orders.,0.125914 BTC,USA,Worldwide,4.82/5,
SusnaSmith,Drugs/Cannabis/Synthetics,HQ 20 Grams 5F-UR-144,"Welcome to our official NightMarket shop! 20 Grams 5F-UR-144 ready for instant dispatch. Double vacuum sealed, professional MBB stealth. 99% delivery rate across Worldwide.",0.519814 BTC,USA,Worldwide,5.00/5,
SusnaSmith,Drugs/Cannabis/Synthetics,5 Grams MAM-2201,5 Grams MAM-2201 available now. All orders dispatched within 24 hours of payment confirmation. Domestic and international stealth available.,0.355441 BTC,USA,Worldwide,5.00/5,
SusnaSmith,Drugs/RCs,Ultra Clean 2 Grams Ethylone,"Welcome to our official NightMarket shop! 2 Grams Ethylone ready for instant dispatch. Double vacuum sealed, professional MBB stealth. 99% delivery rate across Worldwide.",0.143870 BTC,USA,Worldwide,4.92/5,
SusnaSmith,Drugs/RCs,25 Grams 4-MEC,25 Grams 4-MEC available now. All orders dispatched within 24 hours of payment confirmation. Domestic and international stealth available.,0.781003 BTC,USA,Worldwide,5.00/5,
SusnaSmith,Drugs/Dissociatives/MXE,10 Grams MXE,"Welcome to our official NightMarket shop! 10 Grams MXE ready for instant dispatch. Double vacuum sealed, professional MBB stealth. 99% delivery rate across Worldwide.",0.332166 BTC,USA,Worldwide,5.00/5,
SusnaSmith,Drugs/Cannabis/Synthetics,Exclusive 10 Grams MAM-2201,We are back on NightMarket offering our verified 10 Grams MAM-2201. Guaranteed premium quality and stealth packaging. Contact via PGP for bulk orders.,0.512849 BTC,USA,Worldwide,4.81/5,
SusnaSmith,Drugs/RCs,5 Grams Ethylone,"Welcome to our official NightMarket shop! 5 Grams Ethylone ready for instant dispatch. Double vacuum sealed, professional MBB stealth. 99% delivery rate across Worldwide.",0.361535 BTC,USA,Worldwide,5.00/5,
SusnaSmith,Drugs/RCs,10 Grams 4-MEC,We are back on NightMarket offering our verified 10 Grams 4-MEC. Guaranteed premium quality and stealth packaging. Contact via PGP for bulk orders.,0.379846 BTC,USA,Worldwide,5.00/5,
SusnaSmith,Drugs/Cannabis/Synthetics,1 Gram 5F-UR-144 [Original Batch],"Welcome to our official NightMarket shop! 1 Gram 5F-UR-144 ready for instant dispatch. Double vacuum sealed, professional MBB stealth. 99% delivery rate across Worldwide.",0.046040 BTC,USA,Worldwide,4.83/5,
SusnaSmith,Drugs/Ecstasy/Other,5 Grams 4-MEC,We are back on NightMarket offering our verified 5 Grams 4-MEC. Guaranteed premium quality and stealth packaging. Contact via PGP for bulk orders.,0.160549 BTC,USA,Worldwide,5.00/5,
SusnaSmith,Drugs/Benzos,550mg Etizolam Liquid,550mg Etizolam Liquid available now. All orders dispatched within 24 hours of payment confirmation. Domestic and international stealth available.,0.367321 BTC,USA,USA,5.00/5,
SusnaSmith,Drugs/Dissociatives/MXE,2 Grams MXE [Tracked],High purity 2 Grams MXE at competitive market prices. Fully tested batch. Customer satisfaction is our top priority.,0.071848 BTC,USA,Worldwide,4.91/5,
Marcel_Ketman,Drugs/Ecstasy/MDMA,MDMA 1g,We are back on NightMarket offering our verified MDMA 1g. Guaranteed 99% quality and stealth packaging. Contact via PGP for bulk orders.,0.098533 BTC,UK,Worldwide,4.76/5,
Marcel_Ketman,Drugs/Psychedelics/LSD,10 LSD Tabs - 115ug [Tracked],10 LSD Tabs - 115ug available now. All orders dispatched within 24 hours of payment confirmation. Domestic and international stealth available.,0.221901 BTC,UK,Worldwide,4.83/5,
Marcel_Ketman,Drugs/Psychedelics/LSD,Premium 100 LSD Tabs - 185ug [Escrow Ready],"Welcome to our official NightMarket shop! 100 LSD Tabs - 185ug ready for instant dispatch. Double vacuum sealed, professional MBB stealth. 99% delivery rate across worldwide.",2.086037 BTC,UK,Worldwide,4.76/5,
Marcel_Ketman,Drugs/Other,Mephedrone 5g,Mephedrone 5g available now. All orders dispatched within 24 hours of payment confirmation. Domestic and international stealth available.,0.422971 BTC,UK,Worldwide,4.81/5,
Marcel_Ketman,Drugs/Psychedelics/LSD,10 LSD Tabs - 277ug,"Welcome to our official NightMarket shop! 10 LSD Tabs - 277ug ready for instant dispatch. Double vacuum sealed, professional MBB stealth. 99% delivery rate across worldwide.",0.351674 BTC,UK,Worldwide,5.00/5,
Marcel_Ketman,Drugs/Stimulants/Cocaine,Cocaine 3g,We are back on NightMarket offering our verified Cocaine 3g. Guaranteed 99% quality and stealth packaging. Contact via PGP for bulk orders.,1.177627 BTC,UK,Worldwide,4.97/5,
Marcel_Ketman,Drugs/Stimulants/Cocaine,Cocaine 5g [Escrow Ready],"Premium Cocaine 5g sourced directly from verified labs. Fast, reliable service. Please include your PGP encrypted address when ordering.",1.384285 BTC,UK,Worldwide,5.00/5,
Marcel_Ketman,Drugs/Stimulants/Cocaine,Exclusive Cocaine 28g,Cocaine 28g available now. All orders dispatched within 24 hours of payment confirmation. Domestic and international stealth available.,8.751615 BTC,UK,Worldwide,5.00/5,
Marcel_Ketman,Drugs/Other,Exclusive Mephedrone 1g,"Welcome to our official NightMarket shop! Mephedrone 1g ready for instant dispatch. Double vacuum sealed, professional MBB stealth. 99% delivery rate across worldwide.",0.077133 BTC,UK,Worldwide,5.00/5,
Marcel_Ketman,Drugs/Psychedelics/LSD,10 LSD Tabs - 185ug [Original Batch],"Welcome to our official NightMarket shop! 10 LSD Tabs - 185ug ready for instant dispatch. Double vacuum sealed, professional MBB stealth. 99% delivery rate across worldwide.",0.356553 BTC,UK,Worldwide,5.00/5,
Marcel_Ketman,Drugs/Dissociatives/Ketamine,Top Grade Ketamine 5g [Escrow Ready],We are back on NightMarket offering our verified Ketamine 5g. Guaranteed premium quality and stealth packaging. Contact via PGP for bulk orders.,0.695721 BTC,UK,Worldwide,4.84/5,
Marcel_Ketman,Drugs/Dissociatives/Ketamine,Custom Ketamine 100g,High purity Ketamine 100g at competitive market prices. Fully tested batch. Customer satisfaction is our top priority.,5.493997 BTC,EU,Worldwide,4.90/5,
Marcel_Ketman,Drugs/Psychedelics/LSD,500 LSD Tabs - 277ug,We are back on NightMarket offering our verified 500 LSD Tabs - 277ug. Guaranteed premium quality and stealth packaging. Contact via PGP for bulk orders.,12.922532 BTC,UK,Worldwide,5.00/5,
Marcel_Ketman,Drugs/Other,Mephedrone 10g,"Welcome to our official NightMarket shop! Mephedrone 10g ready for instant dispatch. Double vacuum sealed, professional MBB stealth. 99% delivery rate across worldwide.",0.732143 BTC,UK,Worldwide,4.96/5,
Marcel_Ketman,Drugs/Ecstasy/MDMA,Direct Source MDMA 5g,MDMA 5g available now. All orders dispatched within 24 hours of payment confirmation. Domestic and international stealth available.,0.517854 BTC,EU,Worldwide,4.84/5,
Marcel_Ketman,Drugs/Stimulants/Cocaine,Cocaine 10g,High purity Cocaine 10g at competitive market prices. Fully tested batch. Customer satisfaction is our top priority.,3.470951 BTC,UK,Worldwide,4.90/5,
Marcel_Ketman,Drugs/Psychedelics/LSD,5 LSD Tabs - 115ug,High purity 5 LSD Tabs - 115ug at competitive market prices. Fully tested batch. Customer satisfaction is our top priority.,0.115745 BTC,UK,Worldwide,4.76/5,
Marcel_Ketman,Drugs/Psychedelics/LSD,500 LSD Tabs - 185ug [Purity Tested],500 LSD Tabs - 185ug available now. All orders dispatched within 24 hours of payment confirmation. Domestic and international stealth available.,8.570205 BTC,UK,Worldwide,4.74/5,
NweTime,Drugs/Ecstasy/Pills,100% Pure 10 x Herbal Life 100 mg. [Worldwide Stealth],High purity 10 x Herbal Life 100 mg. at competitive market prices. Fully tested batch. Customer satisfaction is our top priority.,0.086455 BTC,Netherlands,Worldwide,4.98/5,
NweTime,Drugs/Psychedelics/LSD,100x Double Dipped! Fat Freddy's Cat 280 ug.,High purity 100x Double Dipped! Fat Freddy's Cat 280 ug. at competitive market prices. Fully tested batch. Customer satisfaction is our top priority.,2.830220 BTC,Netherlands,Worldwide,4.88/5,
NweTime,Drugs/Psychedelics/LSD,100% Pure 25 x Merylin Monroe 110 ug. [Escrow Ready],25 x Merylin Monroe 110 ug. available now. All orders dispatched within 24 hours of payment confirmation. Domestic and international stealth available.,0.215180 BTC,Netherlands,Worldwide,4.77/5,
NweTime,Drugs/Psychedelics/DMT,ICE 1 gr.,We are back on NightMarket offering our verified ICE 1 gr.. Guaranteed lab tested quality and stealth packaging. Contact via PGP for bulk orders.,0.140198 BTC,Netherlands,Worldwide,4.85/5,
NweTime,Drugs/Dissociatives/Ketamine,2 gr. Vanilla Ketamine,High purity 2 gr. Vanilla Ketamine at competitive market prices. Fully tested batch. Customer satisfaction is our top priority.,0.203089 BTC,Netherlands,Worldwide,4.80/5,
NweTime,Drugs/Ecstasy/Pills,20 x Domino's 200-220mg.,"Welcome to our official NightMarket shop! 20 x Domino's 200-220mg. ready for instant dispatch. Double vacuum sealed, professional MBB stealth. 99% delivery rate across worldwide.",0.232758 BTC,Netherlands,Worldwide,5.00/5,
NweTime,Drugs/Stimulants/Cocaine,3.5 gr. Pure Uncut Cocaine Hydrochloride [Fast Shipping],"Welcome to our official NightMarket shop! 3.5 gr. Pure Uncut Cocaine Hydrochloride ready for instant dispatch. Double vacuum sealed, professional MBB stealth. 99% delivery rate across worldwide.",0.676126 BTC,Netherlands,Worldwide,4.84/5,
NweTime,Drugs/Psychedelics/LSD,Ultra Clean 5x Double Dipped! Fat Freddy's Cat 280 ug.,"Premium 5x Double Dipped! Fat Freddy's Cat 280 ug. sourced directly from verified labs. Fast, reliable service. Please include your PGP encrypted address when ordering.",0.194850 BTC,Netherlands,Worldwide,4.99/5,
NweTime,Drugs/Psychedelics/LSD,Custom 10x Double Dipped! Twins 250 ug. [Tracked],"Welcome to our official NightMarket shop! 10x Double Dipped! Twins 250 ug. ready for instant dispatch. Double vacuum sealed, professional MBB stealth. 99% delivery rate across worldwide.",0.301553 BTC,Netherlands,Worldwide,4.80/5,
NweTime,Drugs/Psychedelics/2C,Verified PROMO SAMPLE 2 x 2C-B Miffy's 15 mg [Escrow Ready],"Welcome to our official NightMarket shop! PROMO SAMPLE 2 x 2C-B Miffy's 15 mg ready for instant dispatch. Double vacuum sealed, professional MBB stealth. 99% delivery rate across worldwide.",0.014083 BTC,Netherlands,Worldwide,5.00/5,
NweTime,Drugs/Ecstasy/Pills,20 x YouTube 200 mg.,We are back on NightMarket offering our verified 20 x YouTube 200 mg.. Guaranteed lab tested quality and stealth packaging. Contact via PGP for bulk orders.,0.206843 BTC,Netherlands,Worldwide,4.93/5,
NweTime,Drugs/Psychedelics/LSD,50 Fat Freddy's 180ug [Fast Shipping],"Welcome to our official NightMarket shop! 50 Fat Freddy's 180ug ready for instant dispatch. Double vacuum sealed, professional MBB stealth. 99% delivery rate across worldwide.",0.796272 BTC,Netherlands,Worldwide,5.00/5,
NweTime,Drugs/Dissociatives/Ketamine,10 gr. Vanilla Ketamine [Tracked],"Premium 10 gr. Vanilla Ketamine sourced directly from verified labs. Fast, reliable service. Please include your PGP encrypted address when ordering.",1.056453 BTC,Netherlands,Worldwide,4.96/5,
NweTime,Drugs/Psychedelics/LSD,High Quality 50 x Merylin Monroe 110 ug.,50 x Merylin Monroe 110 ug. available now. All orders dispatched within 24 hours of payment confirmation. Domestic and international stealth available.,0.277351 BTC,Netherlands,Worldwide,5.00/5,
NweTime,Drugs/Ecstasy/Pills,Custom 25 x Domino's 200-220mg. [Fast Shipping],25 x Domino's 200-220mg. available now. All orders dispatched within 24 hours of payment confirmation. Domestic and international stealth available.,0.219012 BTC,Netherlands,Worldwide,4.95/5,
NweTime,Drugs/Dissociatives/Ketamine,4 gr. Vanilla Ketamine,4 gr. Vanilla Ketamine available now. All orders dispatched within 24 hours of payment confirmation. Domestic and international stealth available.,0.351214 BTC,Netherlands,Worldwide,5.00/5,
NweTime,Drugs/Psychedelics/LSD,2 Twins 150ug SAMPLE,"Premium 2 Twins 150ug SAMPLE sourced directly from verified labs. Fast, reliable service. Please include your PGP encrypted address when ordering.",0.009929 BTC,Netherlands,Worldwide,4.78/5,
NweTime,Drugs/Psychedelics/LSD,50x Double Dipped! Twins 250 ug. [Fast Shipping],"Welcome to our official NightMarket shop! 50x Double Dipped! Twins 250 ug. ready for instant dispatch. Double vacuum sealed, professional MBB stealth. 99% delivery rate across worldwide.",1.564162 BTC,Netherlands,Worldwide,5.00/5,
NweTime,Drugs/Psychedelics/LSD,Direct Source 2 Fat Freddy's 180ug SAMPLE,We are back on NightMarket offering our verified 2 Fat Freddy's 180ug SAMPLE. Guaranteed high grade quality and stealth packaging. Contact via PGP for bulk orders.,0.011275 BTC,Netherlands,Worldwide,4.92/5,
NweTime,Drugs/Ecstasy/Pills,50 x Herbal Life 100 mg.,"Welcome to our official NightMarket shop! 50 x Herbal Life 100 mg. ready for instant dispatch. Double vacuum sealed, professional MBB stealth. 99% delivery rate across worldwide.",0.274998 BTC,Netherlands,Worldwide,4.79/5,
Quantik,Drugs/Steroids,100% Pure Nandrolone Phenylpropionate 10ml 100mg/ml - Best Quality [Purity Tested],"Premium Nandrolone Phenylpropionate 10ml 100mg/ml - Best Quality sourced directly from verified labs. Fast, reliable service. Please include your PGP encrypted address when ordering.",0.086889 BTC,Canada,USA and Canada,5.00/5,
Quantik,Drugs/Steroids,Oral Dianabol 30ml 50mg/ml - Best Quality,Oral Dianabol 30ml 50mg/ml - Best Quality available now. All orders dispatched within 24 hours of payment confirmation. Domestic and international stealth available.,0.126948 BTC,Canada,USA and Canada,5.00/5,
Quantik,Drugs/Steroids,100 Turinabol Tablets - 25mg - Best Quality & Arrival Guarantee,"Premium 100 Turinabol Tablets - 25mg - Best Quality & Arrival Guarantee sourced directly from verified labs. Fast, reliable service. Please include your PGP encrypted address when ordering.",0.407947 BTC,Canada,USA and Canada,5.00/5,
Quantik,Drugs/Steroids,Trenbolone Enanthate 10ml 200mg/ml - Best Quality [Worldwide Stealth],High purity Trenbolone Enanthate 10ml 200mg/ml - Best Quality at competitive market prices. Fully tested batch. Customer satisfaction is our top priority.,0.139121 BTC,Canada,USA and Canada,5.00/5,
Quantik,Drugs/Steroids,100 Nolvadex / Tamoxifen Tablets - 20mg - Best Quality & Arrival Guarantee [Fast Shipping],We are back on NightMarket offering our verified 100 Nolvadex / Tamoxifen Tablets - 20mg - Best Quality & Arrival Guarantee. Guaranteed premium quality and stealth packaging. Contact via PGP for bulk orders.,0.319489 BTC,Canada,USA and Canada,4.94/5,
Quantik,Drugs/Steroids,Trenbolone Acetate 10ml 100mg/ml - Best Quality,"Welcome to our official NightMarket shop! Trenbolone Acetate 10ml 100mg/ml - Best Quality ready for instant dispatch. Double vacuum sealed, professional MBB stealth. 99% delivery rate across USA and Canada.",0.122553 BTC,Canada,USA and Canada,5.00/5,
Quantik,Drugs/Steroids,Top Grade Nandrolone Decanoate 10ml 200mg/ml - Best Quality [Worldwide Stealth],High purity Nandrolone Decanoate 10ml 200mg/ml - Best Quality at competitive market prices. Fully tested batch. Customer satisfaction is our top priority.,0.113997 BTC,Canada,USA and Canada,5.00/5,
Quantik,Drugs/Steroids,Mix and Match - Bulk Steroid Tablets - 10 000 tablets (100 packs),We are back on NightMarket offering our verified Mix and Match - Bulk Steroid Tablets - 10 000 tablets (100 packs). Guaranteed premium quality and stealth packaging. Contact via PGP for bulk orders.,20.230715 BTC,Canada,USA and Canada,5.00/5,
Quantik,Drugs/Benzos,10000 Xanax Bars / Alprazolam - Pfizer 2mg - Best Quality & Arrival Guarantee,"Premium 10000 Xanax Bars / Alprazolam - Pfizer 2mg - Best Quality & Arrival Guarantee sourced directly from verified labs. Fast, reliable service. Please include your PGP encrypted address when ordering.",36.446823 BTC,Canada,USA and Canada,5.00/5,
Quantik,Drugs/Benzos,500 Xanax Bars / Alprazolam - Pfizer 2mg - Best Quality & Arrival Guarantee,We are back on NightMarket offering our verified 500 Xanax Bars / Alprazolam - Pfizer 2mg - Best Quality & Arrival Guarantee. Guaranteed lab tested quality and stealth packaging. Contact via PGP for bulk orders.,1.775503 BTC,Canada,USA and Canada,4.88/5,
Quantik,Drugs/Steroids,Testosterone400 10ml 400mg/ml - Best Quality [Tracked],"Premium Testosterone400 10ml 400mg/ml - Best Quality sourced directly from verified labs. Fast, reliable service. Please include your PGP encrypted address when ordering.",0.139454 BTC,Canada,USA and Canada,4.91/5,
Quantik,Drugs/Benzos,5000 Xanax Bars / Alprazolam - Pfizer 2mg - Best Quality & Arrival Guarantee [Escrow Ready],"Premium 5000 Xanax Bars / Alprazolam - Pfizer 2mg - Best Quality & Arrival Guarantee sourced directly from verified labs. Fast, reliable service. Please include your PGP encrypted address when ordering.",14.298719 BTC,Canada,USA and Canada,5.00/5,
Quantik,Drugs/Steroids,100 Winstrol / Stanozolol Tablets - 25mg - Best Quality & Arrival Guarantee,"Premium 100 Winstrol / Stanozolol Tablets - 25mg - Best Quality & Arrival Guarantee sourced directly from verified labs. Fast, reliable service. Please include your PGP encrypted address when ordering.",0.308650 BTC,Canada,USA and Canada,5.00/5,
Quantik,Drugs/Steroids,Verified 100 Anadrol / Oxymetholone Tablets - 50mg - Best Quality & Arrival Guarantee,100 Anadrol / Oxymetholone Tablets - 50mg - Best Quality & Arrival Guarantee available now. All orders dispatched within 24 hours of payment confirmation. Domestic and international stealth available.,0.419273 BTC,Canada,USA and Canada,5.00/5,
Quantik,Drugs/Steroids,Testosterone300 10ml 300mg/ml - Best Quality,Testosterone300 10ml 300mg/ml - Best Quality available now. All orders dispatched within 24 hours of payment confirmation. Domestic and international stealth available.,0.131051 BTC,Canada,USA and Canada,4.95/5,
Quantik,Drugs/Steroids,Mix and Match - Bulk Steroid Tablets - 2 500 tablets (25 packs),Mix and Match - Bulk Steroid Tablets - 2 500 tablets (25 packs) available now. All orders dispatched within 24 hours of payment confirmation. Domestic and international stealth available.,6.569740 BTC,Canada,USA and Canada,5.00/5,
Quantik,Drugs/Steroids,Custom Testosterone Propionate 10ml 100mg/ml - Best Quality [Worldwide Stealth],Testosterone Propionate 10ml 100mg/ml - Best Quality available now. All orders dispatched within 24 hours of payment confirmation. Domestic and international stealth available.,0.089754 BTC,Canada,USA and Canada,4.91/5,
Quantik,Drugs/Steroids,100 Letrozole / Femara Tablets - 2.5mg - Best Quality & Arrival Guarantee [Original Batch],"Premium 100 Letrozole / Femara Tablets - 2.5mg - Best Quality & Arrival Guarantee sourced directly from verified labs. Fast, reliable service. Please include your PGP encrypted address when ordering.",0.344808 BTC,Canada,USA and Canada,4.85/5,
Quantik,Drugs/Steroids,100 Proviron / Mesterolone Tablets - 50mg - Best Quality & Arrival Guarantee,"Welcome to our official NightMarket shop! 100 Proviron / Mesterolone Tablets - 50mg - Best Quality & Arrival Guarantee ready for instant dispatch. Double vacuum sealed, professional MBB stealth. 99% delivery rate across USA and Canada.",0.349079 BTC,Canada,USA and Canada,4.83/5,
Quantik,Drugs/Steroids,Testosterone Enanthate 10ml 250mg/ml - Best Quality,High purity Testosterone Enanthate 10ml 250mg/ml - Best Quality at competitive market prices. Fully tested batch. Customer satisfaction is our top priority.,0.084790 BTC,Canada,USA and Canada,5.00/5,
Quantik,Drugs/Steroids,Mix and Match - Bulk Steroid Tablets - 1 000 tablets (10 packs),We are back on NightMarket offering our verified Mix and Match - Bulk Steroid Tablets - 1 000 tablets (10 packs). Guaranteed premium quality and stealth packaging. Contact via PGP for bulk orders.,2.908185 BTC,Canada,Worldwide,4.93/5,
Quantik,Drugs/Steroids,Custom 100 Clomid / Clomiphene Tablets - 50mg - Best Quality & Arrival Guarantee,High purity 100 Clomid / Clomiphene Tablets - 50mg - Best Quality & Arrival Guarantee at competitive market prices. Fully tested batch. Customer satisfaction is our top priority.,0.284853 BTC,Canada,USA and Canada,5.00/5,
Quantik,Drugs/Steroids,100 Anavar / Oxandrolone Tablets - 25mg - Best Quality & Arrival Guarantee [24/7 Auto Dispatch],"Welcome to our official NightMarket shop! 100 Anavar / Oxandrolone Tablets - 25mg - Best Quality & Arrival Guarantee ready for instant dispatch. Double vacuum sealed, professional MBB stealth. 99% delivery rate across USA and Canada.",0.384722 BTC,Canada,USA and Canada,4.94/5,
Quantik,Drugs/Benzos,250 Xanax Bars / Alprazolam - Pfizer 2mg - Best Quality & Arrival Guarantee [24/7 Auto Dispatch],"Premium 250 Xanax Bars / Alprazolam - Pfizer 2mg - Best Quality & Arrival Guarantee sourced directly from verified labs. Fast, reliable service. Please include your PGP encrypted address when ordering.",1.331171 BTC,Canada,USA and Canada,4.93/5,
Quantik,Drugs/Steroids,Ultra Clean 100 Dianabol / Methandienone Tablets - 25mg - Best Quality & Arrival Guarantee [Purity Tested],We are back on NightMarket offering our verified 100 Dianabol / Methandienone Tablets - 25mg - Best Quality & Arrival Guarantee. Guaranteed lab tested quality and stealth packaging. Contact via PGP for bulk orders.,0.333884 BTC,Canada,USA and Canada,5.00/5,
Alex-Sosa,Drugs/Stimulants/Cocaine,0.5 gram uncut cocaine,"Welcome to our official NightMarket shop! 0.5 gram uncut cocaine ready for instant dispatch. Double vacuum sealed, professional MBB stealth. 99% delivery rate across WorldWide except USA.",0.219936 BTC,Netherlands,WorldWide except USA,4.62/5,
Alex-Sosa,Drugs/Ecstasy/Pills,HQ 25 route 66 XTC pills 160mg MDMA,We are back on NightMarket offering our verified 25 route 66 XTC pills 160mg MDMA. Guaranteed high grade quality and stealth packaging. Contact via PGP for bulk orders.,0.240628 BTC,USA,Worldwide,5.00/5,
Alex-Sosa,Drugs/Stimulants/Speed,10 gram amphetamine SPEED paste [Purity Tested],High purity 10 gram amphetamine SPEED paste at competitive market prices. Fully tested batch. Customer satisfaction is our top priority.,0.198740 BTC,USA,Worldwide,4.94/5,
Alex-Sosa,Drugs/Cannabis/Weed,Custom 25 gram high quality NLX dutch weed [24/7 Auto Dispatch],High purity 25 gram high quality NLX dutch weed at competitive market prices. Fully tested batch. Customer satisfaction is our top priority.,0.470280 BTC,Netherlands,WorldWide except USA,4.39/5,
Alex-Sosa,Drugs/Stimulants/Cocaine,Custom 2.5 gram uncut cocaine [Tracked],2.5 gram uncut cocaine available now. All orders dispatched within 24 hours of payment confirmation. Domestic and international stealth available.,0.600694 BTC,Netherlands,WorldWide except USA,4.58/5,
Alex-Sosa,Drugs/Stimulants/Cocaine,"0.25 gram uncut cocaine ""Sample"" special April price","Welcome to our official NightMarket shop! 0.25 gram uncut cocaine ""Sample""  special April price ready for instant dispatch. Double vacuum sealed, professional MBB stealth. 99% delivery rate across worldwide.",0.052629 BTC,Netherlands,Worldwide,5.00/5,
Alex-Sosa,Drugs/Stimulants/Cocaine,5 gram uncut cocaine,"Premium 5 gram uncut cocaine sourced directly from verified labs. Fast, reliable service. Please include your PGP encrypted address when ordering.",1.330567 BTC,Netherlands,WorldWide except USA,4.43/5,
Alex-Sosa,Drugs/Other,0.25 g FREEBASE cocaine ONLY THIS MONTH $40 FREE SHIPPING,"Welcome to our official NightMarket shop! 0.25 g FREEBASE cocaine ONLY THIS MONTH $40 FREE SHIPPING ready for instant dispatch. Double vacuum sealed, professional MBB stealth. 99% delivery rate across worldwide.",0.088327 BTC,Netherlands,Worldwide,4.97/5,
Alex-Sosa,Drugs/Dissociatives/Ketamine,High Quality 5.0 gram R-isomer KETAMINE,We are back on NightMarket offering our verified 5.0 gram R-isomer KETAMINE. Guaranteed 99% quality and stealth packaging. Contact via PGP for bulk orders.,0.836247 BTC,Netherlands,WorldWide except USA,4.50/5,
Alex-Sosa,Drugs/Dissociatives/Ketamine,10 gram R-isomer KETAMINE,We are back on NightMarket offering our verified 10 gram R-isomer KETAMINE. Guaranteed 99% quality and stealth packaging. Contact via PGP for bulk orders.,1.360534 BTC,Netherlands,WorldWide except USA,4.17/5,
Alex-Sosa,Drugs/Dissociatives/Ketamine,Verified 2.5 gram R-isomer KETAMINE,High purity 2.5 gram R-isomer KETAMINE at competitive market prices. Fully tested batch. Customer satisfaction is our top priority.,0.450293 BTC,Netherlands,WorldWide except USA,4.30/5,
Alex-Sosa,Drugs/Dissociatives/Ketamine,Ultra Clean 1.0 gram R-isomer KETAMINE,"Premium 1.0 gram R-isomer KETAMINE sourced directly from verified labs. Fast, reliable service. Please include your PGP encrypted address when ordering.",0.177058 BTC,Netherlands,WorldWide except USA,4.37/5,
Alex-Sosa,Drugs/Ecstasy/Pills,1000 x SUPERMANS XTC 150mg,We are back on NightMarket offering our verified 1000 x SUPERMANS XTC 150mg. Guaranteed top tier quality and stealth packaging. Contact via PGP for bulk orders.,5.758223 BTC,Netherlands,WorldWide except USA,4.42/5,
Alex-Sosa,Drugs/Stimulants/Cocaine,1 gram uncut cocaine [Original Batch],"Welcome to our official NightMarket shop! 1 gram uncut cocaine ready for instant dispatch. Double vacuum sealed, professional MBB stealth. 99% delivery rate across WorldWide except USA.",0.372961 BTC,Netherlands,WorldWide except USA,4.52/5,
Alex-Sosa,Drugs/Ecstasy/Pills,Direct Source 10 route 66 XTC pills 160mg MDMA [Fast Shipping],We are back on NightMarket offering our verified 10 route 66 XTC pills 160mg MDMA. Guaranteed top tier quality and stealth packaging. Contact via PGP for bulk orders.,0.115850 BTC,USA,Worldwide,4.72/5,
Alex-Sosa,Drugs/Ecstasy/Pills,Ultra Clean 5 x SUPERMANS XTC 150mg [Fast Shipping],High purity 5 x SUPERMANS XTC 150mg at competitive market prices. Fully tested batch. Customer satisfaction is our top priority.,0.063783 BTC,Netherlands,WorldWide except USA,4.84/5,
Alex-Sosa,Drugs/Dissociatives/Ketamine,OFFER: 1.0g R-Ketamine for the price of 0.5g,"Welcome to our official NightMarket shop! OFFER: 1.0g R-Ketamine for the price of 0.5g ready for instant dispatch. Double vacuum sealed, professional MBB stealth. 99% delivery rate across WorldWide except USA.",0.081948 BTC,Netherlands,WorldWide except USA,4.32/5,
Alex-Sosa,Drugs/Cannabis/Weed,2.5 gram high quality NLX dutch weed,"Welcome to our official NightMarket shop! 2.5 gram high quality NLX dutch weed ready for instant dispatch. Double vacuum sealed, professional MBB stealth. 99% delivery rate across WorldWide except USA.",0.069758 BTC,Netherlands,WorldWide except USA,4.30/5,
Alex-Sosa,Drugs/Ecstasy/Pills,OFFER: 10x superman xtc pills for the price of 5 - 150mg,High purity OFFER: 10x superman xtc pills for the price of 5 - 150mg at competitive market prices. Fully tested batch. Customer satisfaction is our top priority.,0.092378 BTC,Netherlands,WorldWide except USA,4.35/5,
medibu,Drugs/Cannabis/Concentrates,Bhang Stick Indica Natural Oil (Hybrid),We are back on NightMarket offering our verified Bhang Stick Indica Natural Oil (Hybrid). Guaranteed premium quality and stealth packaging. Contact via PGP for bulk orders.,0.146162 BTC,USA,worldwide,4.78/5,
medibu,Drugs/Cannabis/Weed,Quailty Outdoor: Blueberry (1/4 ounce),High purity Quailty Outdoor: Blueberry (1/4 ounce) at competitive market prices. Fully tested batch. Customer satisfaction is our top priority.,0.118885 BTC,USA,USA,4.91/5,
medibu,Drugs/Cannabis/Weed,King Tut Indoor QP (4 ounces),High purity King Tut Indoor QP (4 ounces) at competitive market prices. Fully tested batch. Customer satisfaction is our top priority.,2.852587 BTC,USA,USA,5.00/5,
medibu,Drugs/Cannabis/Concentrates,2.5ml medibuds vape liquid bottle (Pineapple Express),2.5ml medibuds vape liquid bottle (Pineapple Express) available now. All orders dispatched within 24 hours of payment confirmation. Domestic and international stealth available.,0.276859 BTC,USA,worldwide,4.91/5,
medibu,Drugs/Cannabis/Concentrates,Open Vape 1 gram cartridge (hybrid) (approx 500 mg cannabis oil),Open Vape 1 gram cartridge (hybrid) (approx 500 mg cannabis oil) available now. All orders dispatched within 24 hours of payment confirmation. Domestic and international stealth available.,0.228022 BTC,USA,worldwide,4.99/5,
medibu,Drugs/Cannabis/Weed,Premium Outdoor: Jack Herer (1 ounce) [Original Batch],Premium Outdoor: Jack Herer (1 ounce) available now. All orders dispatched within 24 hours of payment confirmation. Domestic and international stealth available.,0.290992 BTC,USA,USA,4.85/5,
medibu,Drugs/Cannabis/Weed,Custom Outdoor Jack White (1/4 pound) [Purity Tested],We are back on NightMarket offering our verified Outdoor Jack White (1/4 pound). Guaranteed 99% quality and stealth packaging. Contact via PGP for bulk orders.,1.496448 BTC,USA,USA,5.00/5,
medibu,Drugs/Cannabis/Edibles,HQ ENDOCANN high CBD Cannabidiol capsules 25 mg CBD / < 15 mg THC each (5 capsules) [Worldwide Stealth],High purity ENDOCANN high CBD Cannabidiol capsules 25 mg CBD / < 15 mg THC each (5 capsules) at competitive market prices. Fully tested batch. Customer satisfaction is our top priority.,0.100264 BTC,USA,USA,4.97/5,
medibu,Drugs/Cannabis/Weed,Purple Afghani (Indoor) (1 ounce) [Worldwide Stealth],"Welcome to our official NightMarket shop! Purple Afghani (Indoor) (1 ounce) ready for instant dispatch. Double vacuum sealed, professional MBB stealth. 99% delivery rate across USA.",0.954591 BTC,USA,USA,5.00/5,
medibu,Drugs/Cannabis/Weed,Outdoor Mr Nice (1/2 pound),"Premium Outdoor Mr Nice (1/2 pound) sourced directly from verified labs. Fast, reliable service. Please include your PGP encrypted address when ordering.",4.657586 BTC,USA,USA,5.00/5,
medibu,Drugs/Cannabis/Weed,Indoor Purple Kush A+ (1/2 pound) [Fast Shipping],"Premium Indoor Purple Kush A+ (1/2 pound) sourced directly from verified labs. Fast, reliable service. Please include your PGP encrypted address when ordering.",3.569945 BTC,USA,USA,5.00/5,
medibu,Drugs/Cannabis/Weed,Exclusive Indoor Coffee Kush (Hybrid) QP,"Welcome to our official NightMarket shop! Indoor Coffee Kush (Hybrid) QP ready for instant dispatch. Double vacuum sealed, professional MBB stealth. 99% delivery rate across USA.",2.685764 BTC,USA,USA,5.00/5,
medibu,Drugs/Cannabis/Concentrates,Exclusive Bhang Stick Indica Pure Oil (Sativa) [Original Batch],"Premium Bhang Stick Indica Pure Oil (Sativa) sourced directly from verified labs. Fast, reliable service. Please include your PGP encrypted address when ordering.",0.309406 BTC,USA,worldwide,5.00/5,
medibu,Drugs/Cannabis/Weed,Verified Indoor Dr Who (Indica) (1 ounce) [Purity Tested],Indoor Dr Who (Indica) (1 ounce) available now. All orders dispatched within 24 hours of payment confirmation. Domestic and international stealth available.,0.890448 BTC,USA,USA,4.87/5,
medibu,Drugs/Cannabis/Weed,Direct Source Top Shelf Indoor (Fire): OG Kush (1/2 ounce),Top Shelf Indoor (Fire): OG Kush (1/2 ounce) available now. All orders dispatched within 24 hours of payment confirmation. Domestic and international stealth available.,0.263465 BTC,USA,USA,4.81/5,
medibu,Drugs/Cannabis/Concentrates,2.5ml medibuds vape liquid bottle (Green Crack) [24/7 Auto Dispatch],High purity 2.5ml medibuds vape liquid bottle (Green Crack) at competitive market prices. Fully tested batch. Customer satisfaction is our top priority.,0.293697 BTC,USA,worldwide,4.85/5,
medibu,Drugs/Cannabis/Concentrates,Premium medibuds vape liquid cartridge (Lavender Kush) 200 mg THC [Worldwide Stealth],"Premium medibuds vape liquid cartridge (Lavender Kush) 200 mg THC sourced directly from verified labs. Fast, reliable service. Please include your PGP encrypted address when ordering.",0.135033 BTC,USA,worldwide,4.87/5,
medibu,Drugs/Cannabis/Weed,Indoor Strawberry Cough (4 ounces),High purity Indoor Strawberry Cough (4 ounces) at competitive market prices. Fully tested batch. Customer satisfaction is our top priority.,2.366916 BTC,USA,USA,4.86/5,
medibu,Drugs/Cannabis/Weed,Direct Source Indoor White Rhino (top shelf) (QP),"Welcome to our official NightMarket shop! Indoor White Rhino (top shelf) (QP) ready for instant dispatch. Double vacuum sealed, professional MBB stealth. 99% delivery rate across USA.",1.497245 BTC,USA,USA,4.95/5,
medibu,Drugs/Cannabis/Weed,Blackberry Haze Indoor (A+++ grade) (1/4 ounce),"Welcome to our official NightMarket shop! Blackberry Haze Indoor (A+++ grade) (1/4 ounce) ready for instant dispatch. Double vacuum sealed, professional MBB stealth. 99% delivery rate across USA.",0.320215 BTC,USA,USA,4.97/5,
medibu,Drugs/Cannabis/Weed,Indoor Lemon Kush (A+++) (1/2 ounce),"Premium Indoor Lemon Kush (A+++) (1/2 ounce) sourced directly from verified labs. Fast, reliable service. Please include your PGP encrypted address when ordering.",0.554680 BTC,USA,USA,5.00/5,
medibu,Drugs/Cannabis/Weed,Sugar Magnolia Indoor QP (4 ounces),High purity Sugar Magnolia Indoor QP (4 ounces) at competitive market prices. Fully tested batch. Customer satisfaction is our top priority.,2.908091 BTC,USA,USA,5.00/5,
medibu,Drugs/Cannabis/Concentrates,Bhang Stick Pure Oil Cartridge (Sativa),Bhang Stick Pure Oil Cartridge (Sativa) available now. All orders dispatched within 24 hours of payment confirmation. Domestic and international stealth available.,0.250909 BTC,USA,worldwide,5.00/5,
wEaponsguy,Weapons/Lethal firearms,Direct Source Glock 19 [Purity Tested],"Premium Glock 19 sourced directly from verified labs. Fast, reliable service. Please include your PGP encrypted address when ordering.",8.265878 BTC,USA,Worldwide,4.48/5,
wEaponsguy,Weapons/Lethal firearms,Custom Custom for Mr. MC,Custom for Mr. MC available now. All orders dispatched within 24 hours of payment confirmation. Domestic and international stealth available.,12.047740 BTC,USA,Worldwide,4.62/5,
wEaponsguy,Weapons/Lethal firearms,Verified FSN 9MM FULL ESCROW [24/7 Auto Dispatch],High purity FSN 9MM FULL ESCROW at competitive market prices. Fully tested batch. Customer satisfaction is our top priority.,5.934766 BTC,USA,Worldwide,5.00/5,
wEaponsguy,Weapons/Lethal firearms,Custom for therealbatman,Custom for therealbatman available now. All orders dispatched within 24 hours of payment confirmation. Domestic and international stealth available.,4.629412 BTC,USA,Worldwide,4.77/5,
wEaponsguy,Weapons/Lethal firearms,Custom for Gunlover21000 [24/7 Auto Dispatch],We are back on NightMarket offering our verified Custom for Gunlover21000. Guaranteed 99% quality and stealth packaging. Contact via PGP for bulk orders.,3.131708 BTC,USA,Worldwide,4.70/5,
wEaponsguy,Weapons/Lethal firearms,High Quality Weapon Stealth and Express Shipping Fee.,"Premium Weapon Stealth and Express Shipping Fee. sourced directly from verified labs. Fast, reliable service. Please include your PGP encrypted address when ordering.",0.944340 BTC,USA,Worldwide,4.59/5,
wEaponsguy,Weapons/Lethal firearms,Any Pistol YOU WANT full Escrow [Tracked],"Premium Any Pistol YOU WANT full Escrow sourced directly from verified labs. Fast, reliable service. Please include your PGP encrypted address when ordering.",6.248204 BTC,USA,Worldwide,4.51/5,
wEaponsguy,Weapons/Lethal firearms,High Quality Radom P64 9mm FULL ESCROW,We are back on NightMarket offering our verified Radom P64 9mm FULL ESCROW. Guaranteed top tier quality and stealth packaging. Contact via PGP for bulk orders.,3.182552 BTC,USA,Worldwide,4.90/5,
wEaponsguy,Weapons/Lethal firearms,Custom Custom for JD,"Premium Custom for JD sourced directly from verified labs. Fast, reliable service. Please include your PGP encrypted address when ordering.",10.047814 BTC,USA,Worldwide,4.62/5,
wEaponsguy,Weapons/Lethal firearms,Ultra Clean Custom for LDB,Custom for LDB available now. All orders dispatched within 24 hours of payment confirmation. Domestic and international stealth available.,6.015511 BTC,USA,Worldwide,4.71/5,
wEaponsguy,Weapons/Lethal firearms,Ultra Clean Taurus PT 709 9mm FULL ESCROW [Fast Shipping],Taurus PT 709 9mm FULL ESCROW available now. All orders dispatched within 24 hours of payment confirmation. Domestic and international stealth available.,4.522909 BTC,USA,Worldwide,4.84/5,
wEaponsguy,Weapons/Lethal firearms,Top Grade Glock 17 FULL ESCROW,Glock 17 FULL ESCROW available now. All orders dispatched within 24 hours of payment confirmation. Domestic and international stealth available.,5.493460 BTC,USA,Worldwide,5.00/5,
wEaponsguy,Weapons/Lethal firearms,Ruger P90 FULL escrow [Tracked],"Premium Ruger P90 FULL escrow sourced directly from verified labs. Fast, reliable service. Please include your PGP encrypted address when ordering.",4.387551 BTC,USA,Worldwide,4.93/5,
wEaponsguy,Weapons/Ammunition,Verified 2 ar magazines [Tracked],High purity 2 ar magazines at competitive market prices. Fully tested batch. Customer satisfaction is our top priority.,0.327966 BTC,USA,Worldwide,4.58/5,
wEaponsguy,Weapons/Lethal firearms,Direct Source Springfield XD 9mm FUll ESCROW [Fast Shipping],"Premium Springfield XD 9mm FUll ESCROW sourced directly from verified labs. Fast, reliable service. Please include your PGP encrypted address when ordering.",4.976534 BTC,USA,Worldwide,4.85/5,
wEaponsguy,Weapons/Lethal firearms,100% Pure 2 Glock 19's Full Escrow,High purity 2 Glock 19's Full Escrow at competitive market prices. Fully tested batch. Customer satisfaction is our top priority.,14.282934 BTC,USA,Worldwide,4.61/5,
wEaponsguy,Weapons/Lethal firearms,Direct Source Hi Point 380 FULL ESCROW,"Premium Hi Point 380 FULL ESCROW sourced directly from verified labs. Fast, reliable service. Please include your PGP encrypted address when ordering.",3.017345 BTC,USA,Worldwide,4.95/5,
wEaponsguy,Weapons/Lethal firearms,Custom for AARONABE,High purity Custom for AARONABE at competitive market prices. Fully tested batch. Customer satisfaction is our top priority.,5.450562 BTC,USA,Worldwide,4.55/5,
wEaponsguy,Weapons/Lethal firearms,Custom for BH 55,High purity Custom for BH 55 at competitive market prices. Fully tested batch. Customer satisfaction is our top priority.,3.397391 BTC,USA,Worldwide,5.00/5,
wEaponsguy,Weapons/Lethal firearms,Custom for Friendly,We are back on NightMarket offering our verified Custom for Friendly. Guaranteed premium quality and stealth packaging. Contact via PGP for bulk orders.,6.165821 BTC,USA,Worldwide,4.59/5,
wEaponsguy,Weapons/Lethal firearms,Direct Source Taurus .44 Tracker FULL ESCROW [Tracked],"Premium Taurus .44 Tracker FULL ESCROW sourced directly from verified labs. Fast, reliable service. Please include your PGP encrypted address when ordering.",4.585028 BTC,USA,Worldwide,5.00/5,
wEaponsguy,Weapons/Lethal firearms,Ultra Clean Custom for Casino1 [Purity Tested],"Premium Custom for Casino1 sourced directly from verified labs. Fast, reliable service. Please include your PGP encrypted address when ordering.",2.905276 BTC,USA,Worldwide,4.56/5,
wEaponsguy,Weapons/Lethal firearms,Custom Custom for BB [Purity Tested],Custom for BB available now. All orders dispatched within 24 hours of payment confirmation. Domestic and international stealth available.,1.503685 BTC,World,Worldwide,4.43/5,
wEaponsguy,Weapons/Lethal firearms,Custom S&W model 14 FULL ESCROW [24/7 Auto Dispatch],We are back on NightMarket offering our verified S&W model 14 FULL ESCROW. Guaranteed high grade quality and stealth packaging. Contact via PGP for bulk orders.,4.599659 BTC,USA,Worldwide,4.95/5,
wEaponsguy,Weapons/Lethal firearms,Walther P22 FULL ESCROW,We are back on NightMarket offering our verified Walther P22 FULL ESCROW. Guaranteed lab tested quality and stealth packaging. Contact via PGP for bulk orders.,3.440238 BTC,USA,Worldwide,5.00/5,
WALLSTREETx2_DE,Drugs/Prescription,Exclusive 10 Pack Of Suboxone 8mg/2mg Strips [Tracked],High purity 10 Pack Of Suboxone 8mg/2mg Strips at competitive market prices. Fully tested batch. Customer satisfaction is our top priority.,0.496823 BTC,USA,USA,4.84/5,
WALLSTREETx2_DE,Drugs/Opioids,Verified 1 Fentanyl Patch 50mcg/h [24/7 Auto Dispatch],"Premium 1 Fentanyl Patch 50mcg/h sourced directly from verified labs. Fast, reliable service. Please include your PGP encrypted address when ordering.",0.210264 BTC,USA,USA,4.84/5,
WALLSTREETx2_DE,Drugs/Opioids/Buprenorphine,3 Pack Of Suboxone 8mg/2mg pills,3 Pack Of Suboxone 8mg/2mg pills available now. All orders dispatched within 24 hours of payment confirmation. Domestic and international stealth available.,0.194756 BTC,USA,USA,4.84/5,
WALLSTREETx2_DE,Drugs/Opioids/Oxycodone,HQ 5 Pack of 15mg OXY [24/7 Auto Dispatch],"Welcome to our official NightMarket shop! 5 Pack of 15mg OXY ready for instant dispatch. Double vacuum sealed, professional MBB stealth. 99% delivery rate across USA.",0.285844 BTC,USA,USA,5.00/5,
WALLSTREETx2_DE,Drugs/Opioids/Buprenorphine,Direct Source 1 Suboxone 12mg/3mg Strips,We are back on NightMarket offering our verified 1 Suboxone 12mg/3mg Strips. Guaranteed 99% quality and stealth packaging. Contact via PGP for bulk orders.,0.079622 BTC,USA,USA,4.82/5,
WALLSTREETx2_DE,Drugs/Opioids/Oxycodone,3 Pack of 60mg Oxycontin OP's [Purity Tested],3 Pack of 60mg Oxycontin OP's available now. All orders dispatched within 24 hours of payment confirmation. Domestic and international stealth available.,0.205565 BTC,USA,USA,4.88/5,
WALLSTREETx2_DE,Drugs/Stimulants/Prescription,"Exclusive 100 Pack of ""RITALIN"" 20mg","High purity 100 Pack of ""RITALIN"" 20mg at competitive market prices. Fully tested batch. Customer satisfaction is our top priority.",2.838905 BTC,USA,USA,4.96/5,
vdr_Dankness,Drugs/Cannabis/Weed,Sour Diesel 1/8 oz [Fast Shipping],We are back on NightMarket offering our verified Sour Diesel 1/8 oz. Guaranteed top tier quality and stealth packaging. Contact via PGP for bulk orders.,0.123100 BTC,USA,Worldwide,4.80/5,
vdr_Dankness,Drugs/Cannabis/Concentrates,Honey Oil 4g,High purity Honey Oil 4g at competitive market prices. Fully tested batch. Customer satisfaction is our top priority.,0.367008 BTC,USA,Worldwide,4.76/5,
vdr_Dankness,Drugs/Cannabis/Weed,GirlScoutCookies 1oz,High purity GirlScoutCookies 1oz at competitive market prices. Fully tested batch. Customer satisfaction is our top priority.,0.733717 BTC,USA,USA,4.88/5,
vdr_Dankness,Drugs/Cannabis/Weed,Cheese QP,High purity Cheese QP at competitive market prices. Fully tested batch. Customer satisfaction is our top priority.,1.274280 BTC,USA,USA,5.00/5,
vdr_Dankness,Drugs/Cannabis/Weed,Grand Daddy Purple 1lb Grade A+ outdoor FE only,We are back on NightMarket offering our verified Grand Daddy Purple 1lb Grade A+ outdoor FE only. Guaranteed high grade quality and stealth packaging. Contact via PGP for bulk orders.,7.346837 BTC,USA,Worldwide,4.92/5,
acapulcogold420,Drugs/Ecstasy/MDMA,Premium pure MDMA 0 5g escrow / eu / freepost,pure MDMA 0 5g escrow / eu / freepost available now. All orders dispatched within 24 hours of payment confirmation. Domestic and international stealth available.,0.071346 BTC,USA,Worldwide,4.81/5,
acapulcogold420,Drugs/Cannabis/Weed,Verified 2g top quality indor weed-freeship/escrow/fe=10%+,"Premium 2g top quality indor weed-freeship/escrow/fe=10%+ sourced directly from verified labs. Fast, reliable service. Please include your PGP encrypted address when ordering.",0.122618 BTC,USA,Worldwide,5.00/5,
acapulcogold420,Drugs/Cannabis/Weed,30g HQ Hydro Escrow/freeship/FE=+10% [Purity Tested],High purity 30g HQ Hydro Escrow/freeship/FE=+10% at competitive market prices. Fully tested batch. Customer satisfaction is our top priority.,1.278261 BTC,EU,Worldwide,4.82/5,
acapulcogold420,Drugs/Cannabis/Weed,10g WHITE WIDOW excelent homemade quality hydro escrow/FE+10%/freeship [Original Batch],We are back on NightMarket offering our verified 10g WHITE WIDOW   excelent homemade quality hydro escrow/FE+10%/freeship. Guaranteed lab tested quality and stealth packaging. Contact via PGP for bulk orders.,0.262659 BTC,USA,Worldwide,5.00/5,
acapulcogold420,Drugs/Cannabis/Weed,5g HQ Hydro Escrow/freeship/FE=+10%,"Premium 5g HQ Hydro Escrow/freeship/FE=+10% sourced directly from verified labs. Fast, reliable service. Please include your PGP encrypted address when ordering.",0.164057 BTC,EU,Worldwide,5.00/5,
acapulcogold420,Drugs/Cannabis/Weed,5g premium medical grade weed Escrow/freeship/FE=+10% [Original Batch],"Premium 5g premium medical grade weed Escrow/freeship/FE=+10% sourced directly from verified labs. Fast, reliable service. Please include your PGP encrypted address when ordering.",0.262106 BTC,EU,Worldwide,5.00/5,
acapulcogold420,Drugs/Cannabis/Weed,2g white rhino top quality indor weed-freeship/escrow/fe=10+,We are back on NightMarket offering our verified 2g white rhino top quality indor weed-freeship/escrow/fe=10+. Guaranteed top tier quality and stealth packaging. Contact via PGP for bulk orders.,0.107374 BTC,USA,Worldwide,4.91/5,
acapulcogold420,Drugs/Cannabis/Weed,1g premium medical grade weed-freeship/escrow/fe=10%+,"Premium 1g premium medical grade weed-freeship/escrow/fe=10%+ sourced directly from verified labs. Fast, reliable service. Please include your PGP encrypted address when ordering.",0.106718 BTC,USA,Worldwide,4.90/5,
acapulcogold420,Drugs/Cannabis/Weed,0.5g white rhino top quality indor weed-freeship/escrow/fe=10+ [Escrow Ready],High purity 0.5g white rhino top quality indor weed-freeship/escrow/fe=10+ at competitive market prices. Fully tested batch. Customer satisfaction is our top priority.,0.039948 BTC,USA,Worldwide,4.90/5,
acapulcogold420,Drugs/Cannabis/Weed,5g OG kush inc.seeds nice offer [Original Batch],"Premium 5g OG kush inc.seeds nice offer sourced directly from verified labs. Fast, reliable service. Please include your PGP encrypted address when ordering.",0.107630 BTC,USA,Worldwide,5.00/5,
acapulcogold420,Drugs/Cannabis/Concentrates,1g Hash oil - phoenix tears TOPQ - /freeship/,1g Hash oil - phoenix tears TOPQ -  /freeship/ available now. All orders dispatched within 24 hours of payment confirmation. Domestic and international stealth available.,0.089114 BTC,USA,Worldwide,4.94/5,
acapulcogold420,Drugs/Cannabis/Weed,1g top quality indor weed-freeship/escrow/fe=10%+,"Premium 1g top quality indor weed-freeship/escrow/fe=10%+ sourced directly from verified labs. Fast, reliable service. Please include your PGP encrypted address when ordering.",0.083051 BTC,USA,Worldwide,4.96/5,
acapulcogold420,Drugs/Cannabis/Seeds,OG KUSH seeds fem. FE=10%+,"Premium OG KUSH seeds fem. FE=10%+ sourced directly from verified labs. Fast, reliable service. Please include your PGP encrypted address when ordering.",0.008706 BTC,USA,Worldwide,4.83/5,
acapulcogold420,Drugs/Cannabis/Concentrates,1g Hash oil (THC concentrat) premium TOPQ - escrow/freeship/FE =+ 10%,"Welcome to our official NightMarket shop! 1g Hash oil (THC concentrat) premium TOPQ -  escrow/freeship/FE =+ 10% ready for instant dispatch. Double vacuum sealed, professional MBB stealth. 99% delivery rate across worldwide.",0.096684 BTC,USA,Worldwide,5.00/5,
acapulcogold420,Drugs/Cannabis/Weed,5G WHITE SATYN TOPQ INDOOR HYDRO by acapulcogold / escrow / freeship [Tracked],5G WHITE SATYN TOPQ INDOOR HYDRO by acapulcogold / escrow / freeship available now. All orders dispatched within 24 hours of payment confirmation. Domestic and international stealth available.,0.119693 BTC,USA,Worldwide,4.87/5,
acapulcogold420,Drugs/Cannabis/Weed,Exclusive 0.5g top quality indor weed-freeship/escrow/fe=10%+,0.5g  top quality indor weed-freeship/escrow/fe=10%+ available now. All orders dispatched within 24 hours of payment confirmation. Domestic and international stealth available.,0.049704 BTC,USA,Worldwide,5.00/5,
acapulcogold420,Drugs/Cannabis/Weed,5G TRAINWRECK TOPQ INDOOR HYDRO by acapulcogold / escrow / freeship [Original Batch],High purity 5G TRAINWRECK TOPQ INDOOR HYDRO by acapulcogold / escrow / freeship at competitive market prices. Fully tested batch. Customer satisfaction is our top priority.,0.120310 BTC,USA,Worldwide,5.00/5,
deadmaufive,Drugs/Ecstasy/MDA,Canadian Arctic Sand MDA - 1 gram,High purity Canadian Arctic Sand MDA - 1 gram at competitive market prices. Fully tested batch. Customer satisfaction is our top priority.,0.115911 BTC,Canada,WORLDWIDE,4.91/5,
deadmaufive,Drugs/Ecstasy/MDMA,Direct Source LL's Tan Sand MDMA - 28 grams,"Premium LL's Tan Sand MDMA - 28 grams sourced directly from verified labs. Fast, reliable service. Please include your PGP encrypted address when ordering.",1.754060 BTC,Canada,Worldwide,5.00/5,
deadmaufive,Drugs/Ecstasy/MDMA,Ultra Clean Tan Sand MDMA - 7 grams [Worldwide Stealth],We are back on NightMarket offering our verified Tan Sand MDMA - 7 grams. Guaranteed 99% quality and stealth packaging. Contact via PGP for bulk orders.,0.475173 BTC,Canada,Worldwide,5.00/5,
deadmaufive,Drugs/Ecstasy/MDA,Premium 50 Capsule (100mg) - Canadian Arctic Sand MDA [Original Batch],"Premium 50 Capsule (100mg) - Canadian Arctic Sand MDA sourced directly from verified labs. Fast, reliable service. Please include your PGP encrypted address when ordering.",0.449762 BTC,Canada,Worldwide,4.99/5,
deadmaufive,Drugs/Ecstasy/MDMA,Ultra Clean LL's Tan Sand MDMA - 1 gram [Original Batch],LL's Tan Sand MDMA - 1 gram available now. All orders dispatched within 24 hours of payment confirmation. Domestic and international stealth available.,0.085350 BTC,Canada,Worldwide,4.95/5,
deadmaufive,Drugs/Ecstasy/MDMA,Canadian Brown Sugar MDMA - 28 Grams [Original Batch],"Premium Canadian Brown Sugar MDMA - 28 Grams sourced directly from verified labs. Fast, reliable service. Please include your PGP encrypted address when ordering.",1.364851 BTC,Canada,Can/US,4.89/5,
deadmaufive,Drugs/Ecstasy/MDA,Canadian Arctic Sand MDA - 7 grams [Worldwide Stealth],"Premium Canadian Arctic Sand MDA - 7 grams sourced directly from verified labs. Fast, reliable service. Please include your PGP encrypted address when ordering.",0.398469 BTC,Canada,WORLDWIDE,4.92/5,
deadmaufive,Drugs/Ecstasy/MDMA,Top Grade Pure Powder MDMA - 1 Gram,"Premium Pure Powder MDMA - 1 Gram sourced directly from verified labs. Fast, reliable service. Please include your PGP encrypted address when ordering.",0.067168 BTC,Canada,Can/US,4.85/5,
deadmaufive,Drugs/Ecstasy/MDMA,Canadian Brown Sugar MDMA - 3 Grams,"Premium Canadian Brown Sugar MDMA - 3 Grams sourced directly from verified labs. Fast, reliable service. Please include your PGP encrypted address when ordering.",0.140083 BTC,Canada,Can/US,4.96/5,
deadmaufive,Drugs/Ecstasy/MDMA,Direct Source Pure Powder MDMA - 3 Grams,"Welcome to our official NightMarket shop! Pure Powder MDMA - 3 Grams ready for instant dispatch. Double vacuum sealed, professional MBB stealth. 99% delivery rate across Can/US.",0.254746 BTC,Canada,Can/US,4.82/5,
deadmaufive,Drugs/Ecstasy/MDMA,Custom Canadian Brown Sugar MDMA - 5 Grams [Worldwide Stealth],High purity Canadian Brown Sugar MDMA - 5 Grams at competitive market prices. Fully tested batch. Customer satisfaction is our top priority.,0.256111 BTC,Canada,Can/US,4.83/5,
deadmaufive,Drugs/Ecstasy/MDMA,Exclusive Canadian Brown Sugar MDMA - 7 Grams [Worldwide Stealth],We are back on NightMarket offering our verified Canadian Brown Sugar MDMA - 7 Grams. Guaranteed top tier quality and stealth packaging. Contact via PGP for bulk orders.,0.422541 BTC,Canada,Can/US,4.99/5,
deadmaufive,Drugs/Ecstasy/MDMA,Exclusive Canadian Brown Sugar MDMA - 10 Grams,We are back on NightMarket offering our verified Canadian Brown Sugar MDMA - 10 Grams. Guaranteed 99% quality and stealth packaging. Contact via PGP for bulk orders.,0.454650 BTC,Canada,Can/US,5.00/5,
deadmaufive,Drugs/Ecstasy/MDMA,Direct Source Pure Powder MDMA - 5 Grams [Worldwide Stealth],We are back on NightMarket offering our verified Pure Powder MDMA - 5 Grams. Guaranteed premium quality and stealth packaging. Contact via PGP for bulk orders.,0.336015 BTC,Canada,Can/US,5.00/5,
deadmaufive,Drugs/Ecstasy/MDMA,Pure Powder MDMA - 7 Grams [Escrow Ready],"Premium Pure Powder MDMA - 7 Grams sourced directly from verified labs. Fast, reliable service. Please include your PGP encrypted address when ordering.",0.570308 BTC,Canada,Can/US,4.95/5,
deadmaufive,Drugs/Ecstasy/MDA,HQ 10 Capsule (100mg) - Canadian Arctic Sand MDA,We are back on NightMarket offering our verified 10 Capsule (100mg) - Canadian Arctic Sand MDA. Guaranteed high grade quality and stealth packaging. Contact via PGP for bulk orders.,0.117317 BTC,Canada,Worldwide,5.00/5,
deadmaufive,Drugs/Ecstasy/MDA,High Quality Canadian Arctic Sand MDA - 14 grams,We are back on NightMarket offering our verified Canadian Arctic Sand MDA - 14 grams. Guaranteed top tier quality and stealth packaging. Contact via PGP for bulk orders.,0.821725 BTC,Canada,Worldwide,4.93/5,
deadmaufive,Drugs/Ecstasy/MDMA,LL's Tan Sand MDMA - 10 grams,We are back on NightMarket offering our verified LL's Tan Sand MDMA - 10 grams. Guaranteed high grade quality and stealth packaging. Contact via PGP for bulk orders.,0.833719 BTC,Canada,Worldwide,5.00/5,
vdr_meandmypills,Drugs/Prescription,VALIUM ROCHE 5 MG ::::UK TO UK/EU SHIPPING:::60 PILLS PACK:::,"Welcome to our official NightMarket shop! VALIUM ROCHE 5 MG ::::UK TO UK/EU SHIPPING:::60 PILLS PACK::: ready for instant dispatch. Double vacuum sealed, professional MBB stealth. 99% delivery rate across worldwide.",0.143347 BTC,EU,Worldwide,4.78/5,
vdr_meandmypills,Drugs/Prescription,RIVOTRIL (Clonazepam) 2mg X 90 Pills by ROCHE :::UK VENDOR::,High purity RIVOTRIL (Clonazepam) 2mg X 90 Pills by ROCHE :::UK VENDOR:: at competitive market prices. Fully tested batch. Customer satisfaction is our top priority.,0.266256 BTC,EU,Worldwide,4.88/5,
vdr_meandmypills,Drugs/Benzos,100% Pure RIVOTRIL BY ROCHE 2mg 60 PILLS {REASONABLE PRICE} USA TO USA SHIPPING,RIVOTRIL BY ROCHE 2mg 60 PILLS {REASONABLE PRICE} USA TO USA SHIPPING available now. All orders dispatched within 24 hours of payment confirmation. Domestic and international stealth available.,0.198156 BTC,USA,Worldwide,4.91/5,
vdr_meandmypills,Drugs/Benzos,Verified ATIVAN (LORAZEPAM) BY WYETH 2mg X 90 **SHIPPING FROM UK** [Tracked],"Welcome to our official NightMarket shop! ATIVAN (LORAZEPAM) BY WYETH 2mg X 90 **SHIPPING FROM UK** ready for instant dispatch. Double vacuum sealed, professional MBB stealth. 99% delivery rate across worldwide.",0.201392 BTC,EU,Worldwide,5.00/5,
vdr_meandmypills,Drugs/Stimulants/Prescription,ADDERALL IR 30 mg X 10 Pills,ADDERALL IR 30 mg X 10 Pills available now. All orders dispatched within 24 hours of payment confirmation. Domestic and international stealth available.,0.205347 BTC,EU,Worldwide,5.00/5,
vdr_meandmypills,Drugs/Benzos,VALIUM ROCHE 5 MG ::::UK TO UK/EU SHIPPING:::30 PILLS PACK:::,VALIUM ROCHE 5 MG ::::UK TO UK/EU SHIPPING:::30 PILLS PACK::: available now. All orders dispatched within 24 hours of payment confirmation. Domestic and international stealth available.,0.074792 BTC,EU,Worldwide,4.84/5,
vdr_meandmypills,Drugs/Benzos,ATIVAN (LORAZEPAM) BY WYETH 2mg X 30 **SHIPPING FROM UK** [Tracked],High purity ATIVAN (LORAZEPAM) BY WYETH 2mg X 30 **SHIPPING FROM UK** at competitive market prices. Fully tested batch. Customer satisfaction is our top priority.,0.041195 BTC,EU,Worldwide,4.75/5,
vdr_meandmypills,Drugs/Benzos,Custom ATIVAN (LORAZEPAM) BY WYETH 2mg X 60 **SHIPPING FROM UK** [Purity Tested],"Welcome to our official NightMarket shop! ATIVAN (LORAZEPAM) BY WYETH 2mg X 60 **SHIPPING FROM UK** ready for instant dispatch. Double vacuum sealed, professional MBB stealth. 99% delivery rate across worldwide.",0.130908 BTC,EU,Worldwide,4.88/5,
vdr_meandmypills,Drugs/Benzos,Premium RIVOTRIL BY ROCHE 2mg 90 PILLS {REASONABLE PRICE} USA TO USA SHIPPING,RIVOTRIL BY ROCHE 2mg 90 PILLS {REASONABLE PRICE} USA TO USA SHIPPING available now. All orders dispatched within 24 hours of payment confirmation. Domestic and international stealth available.,0.314708 BTC,USA,Worldwide,4.86/5,
vdr_meandmypills,Drugs/Benzos,Exclusive ROCHE VALIUM 10mg 100 Pills Pack :::US-US Shipping:::,"Premium ROCHE VALIUM 10mg 100 Pills Pack :::US-US Shipping::: sourced directly from verified labs. Fast, reliable service. Please include your PGP encrypted address when ordering.",0.202486 BTC,USA,Worldwide,4.97/5,
vdr_meandmypills,Drugs/Benzos,Direct Source VALIUM ROCHE 10mg X 30 UK TO UK [Tracked],"Premium VALIUM ROCHE 10mg X 30 UK TO UK sourced directly from verified labs. Fast, reliable service. Please include your PGP encrypted address when ordering.",0.106023 BTC,EU,Worldwide,5.00/5,
DreamWeaver-FR,Drugs/Cannabis/Weed,3.5g BlueBerry | UK Vendor | Free UK Shipping,3.5g BlueBerry | UK Vendor | Free UK Shipping available now. All orders dispatched within 24 hours of payment confirmation. Domestic and international stealth available.,0.105950 BTC,UK,European Union,5.00/5,
DreamWeaver-FR,Drugs/Stimulants/Speed,Top Grade 5g Amphetamine | High Quality / Dry / Uncut | UK Vendor | Free UK Shipping,We are back on NightMarket offering our verified 5g Amphetamine | High Quality / Dry / Uncut | UK Vendor  | Free UK Shipping. Guaranteed top tier quality and stealth packaging. Contact via PGP for bulk orders.,0.298502 BTC,UK,Worldwide,4.87/5,
DreamWeaver-FR,Drugs/Stimulants/Speed,28g Amphetamine | High Quality / Dry / Uncut | UK Vendor | Free UK Shipping [24/7 Auto Dispatch],"Premium 28g Amphetamine | High Quality / Dry / Uncut | UK Vendor | Free UK Shipping sourced directly from verified labs. Fast, reliable service. Please include your PGP encrypted address when ordering.",1.112638 BTC,UK,Worldwide,4.99/5,
DreamWeaver-FR,Drugs/Cannabis/Weed,Custom 3.5g BlueBerry | NEW BATCH | Free UK Shipping,"Premium 3.5g BlueBerry | NEW BATCH | Free UK Shipping sourced directly from verified labs. Fast, reliable service. Please include your PGP encrypted address when ordering.",0.268423 BTC,UK,Worldwide,4.80/5,
DreamWeaver-FR,Drugs/Stimulants/Speed,100% Pure 5g Amphetamine | High Quality / Uncut | UK Vendor | Free UK Shipping,"Welcome to our official NightMarket shop! 5g Amphetamine | High Quality / Uncut | UK Vendor | Free UK Shipping ready for instant dispatch. Double vacuum sealed, professional MBB stealth. 99% delivery rate across European Union.",0.213374 BTC,UK,European Union,5.00/5,
DreamWeaver-FR,Drugs/Cannabis/Weed,High Quality 3.5g Jack Herer | High Grade | UK Vendor | Free UK Shipping [Purity Tested],High purity 3.5g Jack Herer | High Grade | UK Vendor | Free UK Shipping at competitive market prices. Fully tested batch. Customer satisfaction is our top priority.,0.190916 BTC,UK,Worldwide,4.96/5,
DreamWeaver-FR,Drugs/Stimulants/Speed,100g Amphetamine Custom Order| High Quality / Uncut | UK Vendor | Free UK Shipping,"Welcome to our official NightMarket shop! 100g Amphetamine Custom Order| High Quality / Uncut | UK Vendor | Free UK Shipping ready for instant dispatch. Double vacuum sealed, professional MBB stealth. 99% delivery rate across Worldwide.",3.044233 BTC,UK,Worldwide,5.00/5,
DreamWeaver-FR,Drugs/Cannabis/Weed,1.2 g Super Iced Grapefruit | High Grade | Free UK Postage [24/7 Auto Dispatch],"Premium 1.2 g Super Iced Grapefruit | High Grade | Free UK Postage sourced directly from verified labs. Fast, reliable service. Please include your PGP encrypted address when ordering.",0.063904 BTC,UK,Worldwide,5.00/5,
DreamWeaver-FR,Drugs/Ecstasy/MDMA,1g MDMA Crystals | White / Amber | 84% | UK Vendor | Free UK Shipping,High purity 1g MDMA Crystals | White / Amber | 84% | UK Vendor | Free UK Shipping at competitive market prices. Fully tested batch. Customer satisfaction is our top priority.,0.196028 BTC,UK,Worldwide,4.83/5,
DreamWeaver-FR,Drugs/Cannabis/Weed,1.2g Amnesia Haze | UK Vendor | Free UK Shipping,1.2g Amnesia Haze | UK Vendor | Free UK Shipping available now. All orders dispatched within 24 hours of payment confirmation. Domestic and international stealth available.,0.122873 BTC,UK,Worldwide,5.00/5,
DreamWeaver-FR,Drugs/Cannabis/Weed,Ultra Clean 3.5g Orange Bud | UK Vendor | Free UK Shipping,3.5g Orange Bud | UK Vendor | Free UK Shipping available now. All orders dispatched within 24 hours of payment confirmation. Domestic and international stealth available.,0.110073 BTC,UK,European Union,4.85/5,
DreamWeaver-FR,Drugs/Cannabis/Weed,3.5 g Super Iced Grapefruit | High Grade | Free UK Postage,3.5 g Super Iced Grapefruit | High Grade | Free UK Postage available now. All orders dispatched within 24 hours of payment confirmation. Domestic and international stealth available.,0.141228 BTC,UK,Worldwide,4.76/5,
DreamWeaver-FR,Drugs/Cannabis/Weed,Ultra Clean 3.5g Orange Bud | NEW STOCK | UK Vendor | Free UK Shipping,"Welcome to our official NightMarket shop! 3.5g Orange Bud | NEW STOCK | UK Vendor | Free UK Shipping ready for instant dispatch. Double vacuum sealed, professional MBB stealth. 99% delivery rate across European Union.",0.182785 BTC,UK,European Union,5.00/5,
DreamWeaver-FR,Drugs/Stimulants/Speed,High Quality 1g Amphetamine | High Quality / Dry / Uncut | UK Vendor | Free UK Shipping [Escrow Ready],"Premium 1g Amphetamine | High Quality / Dry / Uncut | UK Vendor  | Free UK Shipping sourced directly from verified labs. Fast, reliable service. Please include your PGP encrypted address when ordering.",0.069087 BTC,UK,Worldwide,4.86/5,
DreamWeaver-FR,Drugs/Psychedelics/DMT,100mg Amber DMT Powder | UK Vendor | Free UK Shipping,100mg Amber DMT Powder | UK Vendor  | Free UK Shipping available now. All orders dispatched within 24 hours of payment confirmation. Domestic and international stealth available.,0.034234 BTC,UK,European Union,4.83/5,
DreamWeaver-FR,Drugs/Stimulants/Speed,1g Amphetamine | High Quality / Uncut | UK Vendor | Free UK Shipping,1g Amphetamine | High Quality / Uncut | UK Vendor  | Free UK Shipping available now. All orders dispatched within 24 hours of payment confirmation. Domestic and international stealth available.,0.064298 BTC,UK,European Union,4.95/5,
DreamWeaver-FR,Drugs/Cannabis/Weed,Verified 1.2g Jack Herer | High Grade | UK Vendor | Free UK Shipping [Worldwide Stealth],1.2g Jack Herer | High Grade | UK Vendor | Free UK Shipping available now. All orders dispatched within 24 hours of payment confirmation. Domestic and international stealth available.,0.056422 BTC,UK,Worldwide,5.00/5,
DreamWeaver-FR,Drugs/Cannabis/Weed,1.2g Orange Bud | NEW STOCK | UK Vendor | Free UK Shipping,High purity 1.2g Orange Bud | NEW STOCK | UK Vendor | Free UK Shipping at competitive market prices. Fully tested batch. Customer satisfaction is our top priority.,0.081796 BTC,UK,European Union,4.95/5,
DreamWeaver-FR,Drugs/Stimulants/Speed,Verified 28g Amphetamine | High Quality / Uncut | UK Vendor | Free UK Shipping [Escrow Ready],High purity 28g Amphetamine | High Quality / Uncut | UK Vendor | Free UK Shipping at competitive market prices. Fully tested batch. Customer satisfaction is our top priority.,1.076124 BTC,UK,Worldwide,4.94/5,
drk_sereal,Data/Software,Adobe Acrobat XI Pro : Win : legitimate serial number,Adobe Acrobat XI Pro : Win : legitimate serial number available now. All orders dispatched within 24 hours of payment confirmation. Domestic and international stealth available.,0.094088 BTC,Torland,Worldwide,5.00/5,
drk_sereal,Data/Software,Microsoft Windows Server 2012 Standard : legitimate product key [Original Batch],"Premium Microsoft Windows Server 2012 Standard : legitimate product key sourced directly from verified labs. Fast, reliable service. Please include your PGP encrypted address when ordering.",0.110749 BTC,USA,Worldwide,4.79/5,
drk_sereal,Data/Software,Custom Microsoft System Center 2012 R2 Endpoint Protection Client,We are back on NightMarket offering our verified Microsoft System Center 2012 R2 Endpoint Protection Client. Guaranteed 99% quality and stealth packaging. Contact via PGP for bulk orders.,0.037665 BTC,Torland,Worldwide,5.00/5,
drk_sereal,Data/Software,Exclusive Zemana AntiMalware : legitimate lifetime license [Escrow Ready],High purity Zemana AntiMalware : legitimate lifetime license at competitive market prices. Fully tested batch. Customer satisfaction is our top priority.,0.082586 BTC,USA,Worldwide,5.00/5,
drk_sereal,Data/Accounts,Top Grade CyberGhost SPECIAL EDITION VPN (12M) : serial key 1 year,"Welcome to our official NightMarket shop! CyberGhost SPECIAL EDITION VPN (12M) : serial key 1 year ready for instant dispatch. Double vacuum sealed, professional MBB stealth. 99% delivery rate across worldwide.",0.011470 BTC,USA,Worldwide,4.74/5,
drk_sereal,Data/Software,Microsoft Office for Mac 2011 : license [24/7 Auto Dispatch],We are back on NightMarket offering our verified Microsoft Office for Mac 2011 : license. Guaranteed 99% quality and stealth packaging. Contact via PGP for bulk orders.,0.106173 BTC,Torland,Worldwide,4.88/5,
drk_sereal,Data/Software,Custom Internet Download Manager : legitimate serial number,We are back on NightMarket offering our verified Internet Download Manager : legitimate serial number. Guaranteed high grade quality and stealth packaging. Contact via PGP for bulk orders.,0.040096 BTC,Torland,Worldwide,4.99/5,
drk_sereal,Data/Software,HQ Microsoft Windows 8 Enterprise : legitimate product key [Tracked],"Welcome to our official NightMarket shop! Microsoft Windows 8 Enterprise : legitimate product key ready for instant dispatch. Double vacuum sealed, professional MBB stealth. 99% delivery rate across worldwide.",0.188972 BTC,Torland,Worldwide,4.84/5,
drk_sereal,Data/Software,Premium UltraEdit : Win : legitimate license,High purity UltraEdit : Win : legitimate license at competitive market prices. Fully tested batch. Customer satisfaction is our top priority.,0.080150 BTC,USA,Worldwide,4.97/5,
drk_sereal,Data/Software,Adobe Creative Suite 6 Master Collection : Win : legitimate license,Adobe Creative Suite 6 Master Collection : Win : legitimate license available now. All orders dispatched within 24 hours of payment confirmation. Domestic and international stealth available.,0.207942 BTC,Torland,Worldwide,5.00/5,
drk_sereal,Data/Software,TreeSize Professional V6.0 : legitimate installation key,TreeSize Professional V6.0 : legitimate installation key available now. All orders dispatched within 24 hours of payment confirmation. Domestic and international stealth available.,0.085794 BTC,Torland,Worldwide,5.00/5,
drk_sereal,Data/Software,Kon-Boot 2in1 v2.4 : exclusive genuine,Kon-Boot 2in1 v2.4 : exclusive genuine available now. All orders dispatched within 24 hours of payment confirmation. Domestic and international stealth available.,0.057794 BTC,Torland,Worldwide,4.95/5,
drk_sereal,Data/Software,Adobe CC 2014 Desktop Apps : Win : legitimate license [Tracked],"Welcome to our official NightMarket shop! Adobe CC 2014 Desktop Apps : Win : legitimate license ready for instant dispatch. Double vacuum sealed, professional MBB stealth. 99% delivery rate across worldwide.",0.613444 BTC,Torland,Worldwide,5.00/5,
drk_sereal,Data/Software,Malwarebytes Anti-Malware Premium : license,High purity Malwarebytes Anti-Malware Premium : license at competitive market prices. Fully tested batch. Customer satisfaction is our top priority.,0.053161 BTC,Torland,Worldwide,4.77/5,
drk_sereal,Data/Software,Passmark OSForensics 3.0 Professional edition : license key,"Premium Passmark OSForensics 3.0 Professional edition : license key sourced directly from verified labs. Fast, reliable service. Please include your PGP encrypted address when ordering.",0.058061 BTC,Torland,Worldwide,4.97/5,
drk_sereal,Data/Software,100% Pure VueScan Professional Edition : legitimate serial,"Welcome to our official NightMarket shop! VueScan Professional Edition : legitimate serial ready for instant dispatch. Double vacuum sealed, professional MBB stealth. 99% delivery rate across worldwide.",0.024429 BTC,USA,Worldwide,4.93/5,
darksid,Drugs/Ecstasy/Pills,HQ 10 x MDMA Based Pills,We are back on NightMarket offering our verified 10 x MDMA Based Pills. Guaranteed top tier quality and stealth packaging. Contact via PGP for bulk orders.,0.230422 BTC,Australia,Australia,4.94/5,
darksid,Drugs/Ecstasy/Pills,Ultra Clean 100 x MDMA Based Pills,100 x MDMA Based Pills available now. All orders dispatched within 24 hours of payment confirmation. Domestic and international stealth available.,1.292861 BTC,Australia,Worldwide,4.70/5,
darksid,Drugs/Ecstasy/Pills,Verified 50 x MDMA Based Pills,"Welcome to our official NightMarket shop! 50 x MDMA Based Pills ready for instant dispatch. Double vacuum sealed, professional MBB stealth. 99% delivery rate across Australia.",1.073669 BTC,Australia,Australia,4.83/5,
darksid,Drugs/Ecstasy/Pills,20 x BLUE FERRARI ECSTASY PILLS [24/7 Auto Dispatch],High purity 20 x BLUE FERRARI ECSTASY PILLS at competitive market prices. Fully tested batch. Customer satisfaction is our top priority.,0.461672 BTC,Australia,Australia,5.00/5,
darksid,Drugs/Ecstasy/Pills,50 x BLUE FERRARI ECSTASY PILLS,High purity 50 x BLUE FERRARI ECSTASY PILLS at competitive market prices. Fully tested batch. Customer satisfaction is our top priority.,1.043667 BTC,Australia,Australia,4.71/5,
darksid,Drugs/Ecstasy/Pills,HQ 50 PINK CUPIDS ECSTACY PILLS 85-90MG MDMA FULL ESCROW :)!!!,50 PINK CUPIDS ECSTACY PILLS 85-90MG MDMA FULL ESCROW :)!!! available now. All orders dispatched within 24 hours of payment confirmation. Domestic and international stealth available.,0.882617 BTC,Australia,Worldwide,4.88/5,
darksid,Drugs/Ecstasy/Pills,5 x BLUE FERRARI ECSTASY PILLS,High purity 5 x BLUE FERRARI ECSTASY PILLS at competitive market prices. Fully tested batch. Customer satisfaction is our top priority.,0.202852 BTC,Australia,Worldwide,4.74/5,
darksid,Drugs/Ecstasy/Pills,Aussie domestic XTC pills -enquire within [Purity Tested],We are back on NightMarket offering our verified Aussie domestic XTC pills -enquire within. Guaranteed premium quality and stealth packaging. Contact via PGP for bulk orders.,20.882098 BTC,Australia,Worldwide,5.00/5,
darksid,Drugs/Ecstasy/Pills,10 PINK CUPIDS ECSTACY PILLS 85-90MG MDMA FULL ESCROW :)!!! [Purity Tested],High purity 10 PINK CUPIDS ECSTACY PILLS 85-90MG MDMA FULL ESCROW :)!!! at competitive market prices. Fully tested batch. Customer satisfaction is our top priority.,0.286055 BTC,Australia,Worldwide,4.91/5,
darksid,Drugs/Ecstasy/Pills,10 x BLUE FERRARI ECSTASY PILLS,We are back on NightMarket offering our verified 10 x BLUE FERRARI ECSTASY PILLS. Guaranteed lab tested quality and stealth packaging. Contact via PGP for bulk orders.,0.468175 BTC,Australia,Australia,4.79/5,
summertimeNL,Drugs/Opioids/Oxycodone,Roxycodone Oxycodone Highest Quality Most Desired M's 30 MG [Tracked],Roxycodone Oxycodone Highest Quality Most Desired M's 30 MG available now. All orders dispatched within 24 hours of payment confirmation. Domestic and international stealth available.,0.166872 BTC,USA,USA,4.96/5,
summertimeNL,Drugs/Opioids/Oxycodone,Premium Oxycodone 15 MG Crushable USA Pharmacy Products Fast Shipping! [Worldwide Stealth],We are back on NightMarket offering our verified Oxycodone 15 MG Crushable USA Pharmacy Products Fast Shipping!. Guaranteed lab tested quality and stealth packaging. Contact via PGP for bulk orders.,0.082924 BTC,USA,USA,5.00/5,
summertimeNL,Drugs/Prescription,High Quality Morphine 30 MG [Tracked],We are back on NightMarket offering our verified Morphine 30 MG. Guaranteed premium quality and stealth packaging. Contact via PGP for bulk orders.,0.063614 BTC,USA,USA,4.99/5,
summertimeNL,Drugs/Prescription,Custom 10 MG Methadone USA Pharmacy Product - Free Shipping! [Purity Tested],High purity 10 MG Methadone USA Pharmacy Product - Free Shipping! at competitive market prices. Fully tested batch. Customer satisfaction is our top priority.,0.014921 BTC,USA,USA,5.00/5,
summertimeNL,Drugs/Opioids,M Box Roxycodone Oxycodone Highest Quality Most Desired 30 MG,High purity M Box Roxycodone Oxycodone Highest Quality Most Desired 30 MG at competitive market prices. Fully tested batch. Customer satisfaction is our top priority.,0.062586 BTC,USA,Worldwide,4.72/5,
summertimeNL,Drugs/Stimulants/Cocaine,Party Time Cocaine! 3 Gram Reseller Pack <3,Party Time Cocaine! 3 Gram Reseller Pack <3 available now. All orders dispatched within 24 hours of payment confirmation. Domestic and international stealth available.,0.839210 BTC,USA,USA,5.00/5,
summertimeNL,Drugs/Prescription,10 MG Methadone USA Pharmacy Product [Purity Tested],High purity 10 MG Methadone USA Pharmacy Product at competitive market prices. Fully tested batch. Customer satisfaction is our top priority.,0.026785 BTC,USA,USA,4.86/5,
summertimeNL,Drugs/Stimulants/Cocaine,Exclusive Real Peruvian Flake Cocaine Best onDark Net Awesome! 8-Ball (3.5 g),Real Peruvian Flake Cocaine Best onDark Net Awesome! 8-Ball (3.5 g) available now. All orders dispatched within 24 hours of payment confirmation. Domestic and international stealth available.,1.763167 BTC,USA,USA,4.99/5,
summertimeNL,Drugs/Stimulants/Cocaine,Rock Cocaine! Slightly cut but still awesome! 1 gram bag,Rock Cocaine! Slightly cut but still awesome! 1 gram bag available now. All orders dispatched within 24 hours of payment confirmation. Domestic and international stealth available.,0.137264 BTC,USA,USA,4.86/5,
summertimeNL,Drugs/Stimulants/Cocaine,Custom Real Peruvian Flake Cocaine Best onDark Net Awesome! 1/2 Ounce (14 g) [Worldwide Stealth],"Premium Real Peruvian Flake Cocaine Best onDark Net Awesome! 1/2 Ounce (14 g) sourced directly from verified labs. Fast, reliable service. Please include your PGP encrypted address when ordering.",7.446242 BTC,USA,USA,5.00/5,
summertimeNL,Drugs/Stimulants/Cocaine,One Ounce of the Best Rock Cocaine on Agora! (28 g) [Original Batch],One Ounce of the Best Rock Cocaine on Agora! (28 g) available now. All orders dispatched within 24 hours of payment confirmation. Domestic and international stealth available.,11.142691 BTC,USA,USA,4.79/5,
summertimeNL,Drugs/Opioids/Oxycodone,Oxycodone 20 MG Crushable USA Pharmacy Products Fast Shipping!,"Premium Oxycodone 20 MG Crushable USA Pharmacy Products Fast Shipping! sourced directly from verified labs. Fast, reliable service. Please include your PGP encrypted address when ordering.",0.094289 BTC,USA,USA,4.95/5,
summertimeNL,Drugs/Stimulants/Cocaine,Party Time Cocaine! 1/2 Gram (0.5g) Party Pack,High purity Party Time Cocaine! 1/2 Gram (0.5g) Party Pack at competitive market prices. Fully tested batch. Customer satisfaction is our top priority.,0.300659 BTC,USA,USA,5.00/5,
summertimeNL,Drugs/Stimulants/Cocaine,Party Time Cocaine! 2 Gram Party Pack,"Welcome to our official NightMarket shop! Party Time Cocaine! 2 Gram Party Pack ready for instant dispatch. Double vacuum sealed, professional MBB stealth. 99% delivery rate across USA.",0.469791 BTC,USA,USA,5.00/5,
summertimeNL,Other,Verified Custom Listing made special for you!,Custom Listing made special for you! available now. All orders dispatched within 24 hours of payment confirmation. Domestic and international stealth available.,0.150434 BTC,USA,USA,4.80/5,
summertimeNL,Drugs/Opioids/Oxycodone,Top Grade Oxycontin 60 MG OP (not crushable),Oxycontin 60 MG OP (not crushable) available now. All orders dispatched within 24 hours of payment confirmation. Domestic and international stealth available.,0.153400 BTC,USA,USA,5.00/5,
hogstandard,Drugs/Cannabis/Hash,Norge: 5 gram Lys pollen hasj,Norge: 5 gram Lys pollen hasj available now. All orders dispatched within 24 hours of payment confirmation. Domestic and international stealth available.,0.267509 BTC,Norway,Worldwide,5.00/5,
hogstandard,Drugs/Cannabis/Weed,Norge: 50 gram G-13,We are back on NightMarket offering our verified Norge: 50 gram G-13. Guaranteed high grade quality and stealth packaging. Contact via PGP for bulk orders.,3.282236 BTC,Norway,Worldwide,4.92/5,
hogstandard,Drugs/Cannabis/Weed,Norge: 5 gram Oslo Kush®,"Welcome to our official NightMarket shop! Norge: 5 gram Oslo Kush® ready for instant dispatch. Double vacuum sealed, professional MBB stealth. 99% delivery rate across worldwide.",0.602389 BTC,Norway,Worldwide,4.81/5,
hogstandard,Drugs/Cannabis/Hash,Norge: 50 gram Top Sahara Hasj [Worldwide Stealth],High purity Norge: 50 gram Top Sahara Hasj at competitive market prices. Fully tested batch. Customer satisfaction is our top priority.,3.711978 BTC,Norway,Worldwide,4.80/5,
hogstandard,Drugs/Cannabis/Weed,Norge: BUDsjett bud 10 gram,"Welcome to our official NightMarket shop! Norge: BUDsjett bud 10 gram ready for instant dispatch. Double vacuum sealed, professional MBB stealth. 99% delivery rate across worldwide.",0.296836 BTC,Norway,Worldwide,5.00/5,
hogstandard,Drugs/Cannabis/Weed,Custom Norge: 5 gram g-13,High purity Norge: 5 gram g-13 at competitive market prices. Fully tested batch. Customer satisfaction is our top priority.,0.487368 BTC,Norway,Scandinavia,5.00/5,
jesse_96,Data/Accounts,List of email addresses with passwords. [Original Batch],"Premium List of email addresses with passwords. sourced directly from verified labs. Fast, reliable service. Please include your PGP encrypted address when ordering.",0.034296 BTC,UK,Worldwide,5.00/5,
jesse_96,Data/Accounts,List of 200 email adresses with passwords. [Tracked],List of 200 email adresses with passwords. available now. All orders dispatched within 24 hours of payment confirmation. Domestic and international stealth available.,0.033691 BTC,USA,Worldwide,4.97/5,
jesse_96,Drugs/Dissociatives/Ketamine,1 g of cooked ketamine [Tracked],High purity 1 g of cooked ketamine at competitive market prices. Fully tested batch. Customer satisfaction is our top priority.,0.078922 BTC,UK,Worldwide,4.72/5,
jesse_96,Data/Accounts,Top Grade List of 500 email adresses with passwords. [Purity Tested],We are back on NightMarket offering our verified List of 500 email adresses with passwords.. Guaranteed high grade quality and stealth packaging. Contact via PGP for bulk orders.,0.047589 BTC,USA,Worldwide,4.79/5,
jesse_96,Data/Accounts,verified paypal account,High purity verified paypal account at competitive market prices. Fully tested batch. Customer satisfaction is our top priority.,0.046717 BTC,USA,Worldwide,5.00/5,
jesse_96,Drugs/Ecstasy/MDMA,1g of mdma,"Welcome to our official NightMarket shop! 1g of mdma ready for instant dispatch. Double vacuum sealed, professional MBB stealth. 99% delivery rate across EU.",0.135614 BTC,UK,EU,4.93/5,
jesse_96,Data/Accounts,list of 120 email addresses passwords and other personal details [Worldwide Stealth],"Premium list of 120 email addresses  passwords and other personal details sourced directly from verified labs. Fast, reliable service. Please include your PGP encrypted address when ordering.",0.023443 BTC,USA,Worldwide,4.71/5,
jesse_96,Drugs/Cannabis/Weed,3.5g of good quality weed,"Premium 3.5g of good quality weed sourced directly from verified labs. Fast, reliable service. Please include your PGP encrypted address when ordering.",0.082066 BTC,UK,EU,4.99/5,
jesse_96,Data/Accounts,Top Grade list of 180 passport numbers dob name nationality etc.,list of 180 passport numbers  dob  name  nationality  etc. available now. All orders dispatched within 24 hours of payment confirmation. Domestic and international stealth available.,0.062240 BTC,USA,Worldwide,5.00/5,
fake_2018,Forgeries/Scans/Photos,HQ PHOTOSHOP JOB ANY DOCS,We are back on NightMarket offering our verified PHOTOSHOP JOB   ANY DOCS. Guaranteed top tier quality and stealth packaging. Contact via PGP for bulk orders.,0.236431 BTC,Torland,Worldwide,4.75/5,
fake_2018,Information/Guides,List of Hacking Scripts for Metasploit's Meterpreter [Original Batch],High purity List of Hacking Scripts for Metasploit's Meterpreter at competitive market prices. Fully tested batch. Customer satisfaction is our top priority.,0.018727 BTC,USA,Worldwide,4.81/5,
fake_2018,Information/Guides,Custom DLB How to set up and use a dead-letter box,"Welcome to our official NightMarket shop! DLB How to set up and use a dead-letter box ready for instant dispatch. Double vacuum sealed, professional MBB stealth. 99% delivery rate across worldwide.",0.032901 BTC,USA,Worldwide,4.59/5,
fake_2018,Information/Guides,★ ★ CARDING WITH YOUR SMARTPHONE - IF NOT WORK I REFUND ★ ★,★ ★ CARDING WITH YOUR SMARTPHONE - IF NOT WORK I REFUND ★ ★ available now. All orders dispatched within 24 hours of payment confirmation. Domestic and international stealth available.,0.118912 BTC,USA,Worldwide,4.60/5,
fake_2018,Services/Money,NEW KIND OF ANONYMOUS POLISH VISA CARD,High purity NEW KIND OF ANONYMOUS POLISH VISA CARD at competitive market prices. Fully tested batch. Customer satisfaction is our top priority.,0.491573 BTC,USA,Worldwide,4.94/5,
fake_2018,Information/Guides,FREE AMAZON GIFT CARDS,High purity FREE AMAZON GIFT CARDS at competitive market prices. Fully tested batch. Customer satisfaction is our top priority.,0.039744 BTC,USA,Worldwide,4.96/5,
fake_2018,Information/eBooks,The anarchist arsenal,We are back on NightMarket offering our verified The anarchist arsenal. Guaranteed 99% quality and stealth packaging. Contact via PGP for bulk orders.,0.018394 BTC,USA,Worldwide,4.66/5,
fake_2018,Data/Software,SKYPE SPY CAM [Worldwide Stealth],"Welcome to our official NightMarket shop! SKYPE SPY CAM ready for instant dispatch. Double vacuum sealed, professional MBB stealth. 99% delivery rate across worldwide.",0.067395 BTC,USA,Worldwide,4.90/5,
fake_2018,Information/Guides,HQ HOW TO GAIN 10K+ FACEBOOK FAN PAGE LIKES [Original Batch],HOW TO GAIN 10K+ FACEBOOK FAN PAGE LIKES available now. All orders dispatched within 24 hours of payment confirmation. Domestic and international stealth available.,0.030266 BTC,USA,Worldwide,4.95/5,
fake_2018,Information/Guides,10 Ways to Find People on Facebook,"Welcome to our official NightMarket shop! 10 Ways to Find People on Facebook ready for instant dispatch. Double vacuum sealed, professional MBB stealth. 99% delivery rate across worldwide.",0.019263 BTC,USA,Worldwide,4.95/5,
fake_2018,Information/eBooks,Verified PAYPAL BUDDY - HOW TO STAY ON THE GOOD SIDE OF PAYPAL [Original Batch],PAYPAL BUDDY - HOW TO STAY ON THE GOOD SIDE OF PAYPAL available now. All orders dispatched within 24 hours of payment confirmation. Domestic and international stealth available.,0.034408 BTC,USA,Worldwide,4.91/5,
fake_2018,Services/Other,Custom TOP USA CREDIT PROFILES SSN DOB PHONE ETC..,We are back on NightMarket offering our verified TOP USA CREDIT PROFILES SSN DOB PHONE ETC... Guaranteed lab tested quality and stealth packaging. Contact via PGP for bulk orders.,0.050632 BTC,USA,Worldwide,4.69/5,
fake_2018,Info/eBooks/Drugs,100% Pure NARCOTICS TRAFFICKING ORGANIZATIONS [Worldwide Stealth],High purity NARCOTICS TRAFFICKING ORGANIZATIONS at competitive market prices. Fully tested batch. Customer satisfaction is our top priority.,0.017687 BTC,USA,Worldwide,4.94/5,
fake_2018,Counterfeits/Money,Ultra Clean HD 50 EURO NOTES TEMPLATES VERY HIGH QUALITY,We are back on NightMarket offering our verified HD 50 EURO NOTES TEMPLATES VERY HIGH QUALITY. Guaranteed lab tested quality and stealth packaging. Contact via PGP for bulk orders.,0.108402 BTC,USA,Worldwide,4.96/5,
fake_2018,Counterfeits/Electronics,Custom 8GB All-In-One Online Privacy Device USB STICK,We are back on NightMarket offering our verified 8GB All-In-One Online Privacy Device USB STICK. Guaranteed 99% quality and stealth packaging. Contact via PGP for bulk orders.,0.149522 BTC,Canada,ww,4.87/5,
fake_2018,Info/eBooks/Economy,TAX REFUND FRAUD USA [24/7 Auto Dispatch],High purity TAX REFUND FRAUD USA at competitive market prices. Fully tested batch. Customer satisfaction is our top priority.,0.105956 BTC,USA,Worldwide,4.96/5,
fake_2018,Info/eBooks/Anonymity,UNLIMITED EMAIL ALIASES,High purity UNLIMITED EMAIL ALIASES at competitive market prices. Fully tested batch. Customer satisfaction is our top priority.,0.017348 BTC,USA,Worldwide,4.78/5,
BCBUDKING,Drugs/Cannabis/Weed,Candy Kush 112g - QP,High purity Candy Kush  112g - QP at competitive market prices. Fully tested batch. Customer satisfaction is our top priority.,2.681804 BTC,Canada,World,5.00/5,
BCBUDKING,Drugs/Cannabis/Weed,100% Pure Rockstar Kush 112g - QP [Worldwide Stealth],Rockstar Kush 112g - QP available now. All orders dispatched within 24 hours of payment confirmation. Domestic and international stealth available.,2.518159 BTC,Canada,World,4.88/5,
BCBUDKING,Drugs/Cannabis/Weed,HempStar 112g - QP [Purity Tested],High purity HempStar 112g - QP at competitive market prices. Fully tested batch. Customer satisfaction is our top priority.,3.151648 BTC,Canada,World,4.98/5,
BCBUDKING,Drugs/Cannabis/Weed,HQ Rockstar 112g - QP (super sale),High purity Rockstar 112g - QP (super sale) at competitive market prices. Fully tested batch. Customer satisfaction is our top priority.,2.422277 BTC,Canada,World,5.00/5,
BCBUDKING,Drugs/Cannabis/Weed,Bubba 112g - QP (sale) [Escrow Ready],We are back on NightMarket offering our verified Bubba 112g - QP (sale). Guaranteed high grade quality and stealth packaging. Contact via PGP for bulk orders.,2.607695 BTC,Canada,World,4.86/5,
BCBUDKING,Drugs/Cannabis/Weed,Hindu Kush 28g - 1oz [24/7 Auto Dispatch],We are back on NightMarket offering our verified Hindu Kush 28g - 1oz. Guaranteed high grade quality and stealth packaging. Contact via PGP for bulk orders.,0.352493 BTC,Canada,World,4.84/5,
BCBUDKING,Drugs/Cannabis/Weed,KEMO (Chemo- New Batch) 112g - QP,High purity KEMO (Chemo- New Batch) 112g - QP at competitive market prices. Fully tested batch. Customer satisfaction is our top priority.,2.106511 BTC,Canada,World,4.82/5,
BCBUDKING,Drugs/Cannabis/Weed,HQ Platinum Kush 28g - 1oz,"Welcome to our official NightMarket shop! Platinum Kush  28g - 1oz ready for instant dispatch. Double vacuum sealed, professional MBB stealth. 99% delivery rate across World.",0.780545 BTC,Canada,World,5.00/5,
BCBUDKING,Drugs/Cannabis/Weed,Pink Kush 7g - 1/4 (ONLY FOR NEW CUSTOMERS),We are back on NightMarket offering our verified Pink Kush 7g - 1/4 (ONLY FOR NEW CUSTOMERS). Guaranteed premium quality and stealth packaging. Contact via PGP for bulk orders.,0.161300 BTC,Canada,World,4.93/5,
BCBUDKING,Drugs/Cannabis/Weed,Headband Kush 112g - QP,"Welcome to our official NightMarket shop! Headband Kush 112g - QP ready for instant dispatch. Double vacuum sealed, professional MBB stealth. 99% delivery rate across World.",2.083881 BTC,Canada,World,4.91/5,
BCBUDKING,Drugs/Cannabis/Weed,Bubba 84g - 3oz (sale) [Tracked],Bubba  84g - 3oz (sale) available now. All orders dispatched within 24 hours of payment confirmation. Domestic and international stealth available.,2.082333 BTC,Canada,World,4.98/5,
BCBUDKING,Drugs/Cannabis/Weed,Ultra Clean Rockstar Kush 28g - 1oz [Fast Shipping],"Welcome to our official NightMarket shop! Rockstar Kush 28g - 1oz ready for instant dispatch. Double vacuum sealed, professional MBB stealth. 99% delivery rate across World.",0.820610 BTC,Canada,World,4.84/5,
BCBUDKING,Drugs/Cannabis/Weed,CHEMO 28g - 1oz [24/7 Auto Dispatch],"Welcome to our official NightMarket shop! CHEMO   28g - 1oz ready for instant dispatch. Double vacuum sealed, professional MBB stealth. 99% delivery rate across World.",0.506889 BTC,Canada,World,5.00/5,
BCBUDKING,Drugs/Cannabis/Weed,High Quality Master Kush 28g - 1oz (AAA),Master Kush 28g - 1oz (AAA) available now. All orders dispatched within 24 hours of payment confirmation. Domestic and international stealth available.,0.742200 BTC,Canada,World,4.88/5,
BCBUDKING,Drugs/Cannabis/Weed,High Quality KEMO (Chemo) 28g - 1oz,We are back on NightMarket offering our verified KEMO (Chemo)  28g - 1oz. Guaranteed top tier quality and stealth packaging. Contact via PGP for bulk orders.,0.429737 BTC,Canada,World,4.71/5,
BCBUDKING,Drugs/Cannabis/Weed,Master Kush 224g - HP,"Premium Master Kush 224g - HP sourced directly from verified labs. Fast, reliable service. Please include your PGP encrypted address when ordering.",3.201993 BTC,Canada,World,5.00/5,
BCBUDKING,Drugs/Cannabis/Weed,100% Pure Master Kush 112g - QP (AAA) [Purity Tested],"Premium Master Kush 112g - QP (AAA) sourced directly from verified labs. Fast, reliable service. Please include your PGP encrypted address when ordering.",2.541077 BTC,Canada,World,5.00/5,
BCBUDKING,Drugs/Cannabis/Weed,Exclusive Monster Kush 7g - 1/4 (ONLY FOR NEW CUSTOMERS),"Premium Monster Kush 7g - 1/4 (ONLY FOR NEW CUSTOMERS) sourced directly from verified labs. Fast, reliable service. Please include your PGP encrypted address when ordering.",0.234925 BTC,Canada,World,5.00/5,
BCBUDKING,Drugs/Cannabis/Weed,Purple/Candy KUSH 84g - 3oz [24/7 Auto Dispatch],"Premium Purple/Candy KUSH    84g - 3oz sourced directly from verified labs. Fast, reliable service. Please include your PGP encrypted address when ordering.",2.684223 BTC,Canada,World,5.00/5,
BCBUDKING,Drugs/Cannabis/Weed,OG Pink Kush 224g - HP [24/7 Auto Dispatch],"Premium OG Pink Kush  224g - HP sourced directly from verified labs. Fast, reliable service. Please include your PGP encrypted address when ordering.",3.374242 BTC,Canada,World,5.00/5,
BCBUDKING,Drugs/Cannabis/Weed,Custom Hindu Kush 224g - HP [Purity Tested],We are back on NightMarket offering our verified Hindu Kush 224g - HP. Guaranteed premium quality and stealth packaging. Contact via PGP for bulk orders.,3.117988 BTC,Canada,World,5.00/5,
BCBUDKING,Drugs/Cannabis/Weed,Exclusive God Bud (Indica) 28g - 1oz [24/7 Auto Dispatch],"Welcome to our official NightMarket shop! God Bud  (Indica) 28g - 1oz ready for instant dispatch. Double vacuum sealed, professional MBB stealth. 99% delivery rate across World.",0.690431 BTC,Canada,World,4.89/5,
BCBUDKING,Drugs/Cannabis/Weed,King Kush 3.5g - 1/8th (one Per customer),High purity King Kush 3.5g - 1/8th  (one Per customer) at competitive market prices. Fully tested batch. Customer satisfaction is our top priority.,0.067655 BTC,Canada,Worldwide,4.92/5,
ithomas,Drugs/Stimulants/Cocaine,ithomas Cocaine Supply [Tracked],"Premium ithomas Cocaine Supply sourced directly from verified labs. Fast, reliable service. Please include your PGP encrypted address when ordering.",0.128888 BTC,USA,Worldwide,4.94/5,
ithomas,Drugs/Stimulants/Cocaine,Exclusive ithomas Cocaine Supply [Fast Shipping],We are back on NightMarket offering our verified ithomas Cocaine Supply. Guaranteed premium quality and stealth packaging. Contact via PGP for bulk orders.,0.216028 BTC,USA,Worldwide,4.72/5,
ithomas,Services/Hacking,ithomas Hacking Supply,ithomas Hacking Supply available now. All orders dispatched within 24 hours of payment confirmation. Domestic and international stealth available.,0.145938 BTC,USA,Worldwide,4.80/5,
julieryan,Drugs/Stimulants/Cocaine,100% Pure julieryan Cocaine Supply [24/7 Auto Dispatch],High purity julieryan Cocaine Supply at competitive market prices. Fully tested batch. Customer satisfaction is our top priority.,0.297629 BTC,USA,Worldwide,5.00/5,
julieryan,Drugs/Stimulants/Cocaine,julieryan Cocaine Supply,"Welcome to our official NightMarket shop! julieryan Cocaine Supply ready for instant dispatch. Double vacuum sealed, professional MBB stealth. 99% delivery rate across Worldwide.",0.391268 BTC,USA,Worldwide,4.87/5,
julieryan,Drugs/Stimulants/Cocaine,julieryan Cocaine Supply [Purity Tested],High purity julieryan Cocaine Supply at competitive market prices. Fully tested batch. Customer satisfaction is our top priority.,0.087666 BTC,USA,Worldwide,4.87/5,
julieryan,Drugs/Cannabis/Weed,Custom julieryan Weed Supply,julieryan Weed Supply available now. All orders dispatched within 24 hours of payment confirmation. Domestic and international stealth available.,0.386745 BTC,USA,Worldwide,4.98/5,
julieryan,Drugs/Cannabis/Weed,julieryan Weed Supply,High purity julieryan Weed Supply at competitive market prices. Fully tested batch. Customer satisfaction is our top priority.,0.323509 BTC,USA,Worldwide,5.00/5,
zhurst,Drugs/Cannabis/Weed,Top Grade zhurst Weed Supply,"Premium zhurst Weed Supply sourced directly from verified labs. Fast, reliable service. Please include your PGP encrypted address when ordering.",0.364629 BTC,USA,Worldwide,4.83/5,
zhurst,Drugs/Ecstasy/MDMA,zhurst MDMA Supply [Worldwide Stealth],zhurst MDMA Supply available now. All orders dispatched within 24 hours of payment confirmation. Domestic and international stealth available.,0.488828 BTC,USA,Worldwide,5.00/5,
jeffrey28,Drugs/Cannabis/Weed,jeffrey28 Weed Supply [Purity Tested],High purity jeffrey28 Weed Supply at competitive market prices. Fully tested batch. Customer satisfaction is our top priority.,0.030521 BTC,USA,Worldwide,4.87/5,
jeffrey28,Digital/Security,jeffrey28 Security Supply,We are back on NightMarket offering our verified jeffrey28 Security Supply. Guaranteed 99% quality and stealth packaging. Contact via PGP for bulk orders.,0.111198 BTC,USA,Worldwide,4.93/5,
ddavis,Services/Hacking,High Quality ddavis Hacking Supply,ddavis Hacking Supply available now. All orders dispatched within 24 hours of payment confirmation. Domestic and international stealth available.,0.347373 BTC,USA,Worldwide,5.00/5,
ddavis,Drugs/Ecstasy/MDMA,ddavis MDMA Supply [Purity Tested],"Premium ddavis MDMA Supply sourced directly from verified labs. Fast, reliable service. Please include your PGP encrypted address when ordering.",0.427747 BTC,USA,Worldwide,4.87/5,
hernandezernest,Drugs/Stimulants/Cocaine,Verified hernandezernest Cocaine Supply,High purity hernandezernest Cocaine Supply at competitive market prices. Fully tested batch. Customer satisfaction is our top priority.,0.082081 BTC,USA,Worldwide,5.00/5,
hernandezernest,Services/Hacking,Custom hernandezernest Hacking Supply,High purity hernandezernest Hacking Supply at competitive market prices. Fully tested batch. Customer satisfaction is our top priority.,0.300484 BTC,USA,Worldwide,4.85/5,
hernandezernest,Services/Hacking,hernandezernest Hacking Supply [Escrow Ready],"Premium hernandezernest Hacking Supply sourced directly from verified labs. Fast, reliable service. Please include your PGP encrypted address when ordering.",0.251392 BTC,USA,Worldwide,4.72/5,
hernandezernest,Drugs/Stimulants/Cocaine,High Quality hernandezernest Cocaine Supply [24/7 Auto Dispatch],We are back on NightMarket offering our verified hernandezernest Cocaine Supply. Guaranteed 99% quality and stealth packaging. Contact via PGP for bulk orders.,0.256545 BTC,USA,Worldwide,4.90/5,
hernandezernest,Drugs/Stimulants/Cocaine,HQ hernandezernest Cocaine Supply,hernandezernest Cocaine Supply available now. All orders dispatched within 24 hours of payment confirmation. Domestic and international stealth available.,0.099462 BTC,USA,Worldwide,4.89/5,
ycarlson,Services/Hacking,Exclusive ycarlson Hacking Supply,ycarlson Hacking Supply available now. All orders dispatched within 24 hours of payment confirmation. Domestic and international stealth available.,0.463503 BTC,USA,Worldwide,5.00/5,
ycarlson,Services/Hacking,ycarlson Hacking Supply [Worldwide Stealth],"Welcome to our official NightMarket shop! ycarlson Hacking Supply ready for instant dispatch. Double vacuum sealed, professional MBB stealth. 99% delivery rate across Worldwide.",0.202441 BTC,USA,Worldwide,4.92/5,
ycarlson,Drugs/Ecstasy/MDMA,Custom ycarlson MDMA Supply [Tracked],"Premium ycarlson MDMA Supply sourced directly from verified labs. Fast, reliable service. Please include your PGP encrypted address when ordering.",0.194069 BTC,USA,Worldwide,4.90/5,
ycarlson,Drugs/Ecstasy/MDMA,ycarlson MDMA Supply [Fast Shipping],"Welcome to our official NightMarket shop! ycarlson MDMA Supply ready for instant dispatch. Double vacuum sealed, professional MBB stealth. 99% delivery rate across Worldwide.",0.392939 BTC,USA,Worldwide,4.93/5,
ycarlson,Drugs/Ecstasy/MDMA,ycarlson MDMA Supply,High purity ycarlson MDMA Supply at competitive market prices. Fully tested batch. Customer satisfaction is our top priority.,0.373703 BTC,USA,Worldwide,4.82/5,
ycarlson,Drugs/Ecstasy/MDMA,ycarlson MDMA Supply,"Premium ycarlson MDMA Supply sourced directly from verified labs. Fast, reliable service. Please include your PGP encrypted address when ordering.",0.111455 BTC,USA,Worldwide,4.88/5,
ycarlson,Drugs/Cannabis/Weed,ycarlson Weed Supply,ycarlson Weed Supply available now. All orders dispatched within 24 hours of payment confirmation. Domestic and international stealth available.,0.287070 BTC,USA,Worldwide,4.93/5,
ycarlson,Digital/Security,ycarlson Security Supply [Tracked],We are back on NightMarket offering our verified ycarlson Security Supply. Guaranteed high grade quality and stealth packaging. Contact via PGP for bulk orders.,0.209396 BTC,USA,Worldwide,4.86/5,
dcarlson,Drugs/Stimulants/Cocaine,dcarlson Cocaine Supply,"Premium dcarlson Cocaine Supply sourced directly from verified labs. Fast, reliable service. Please include your PGP encrypted address when ordering.",0.189806 BTC,USA,Worldwide,4.98/5,
dcarlson,Drugs/Stimulants/Cocaine,Premium dcarlson Cocaine Supply [Worldwide Stealth],"Premium dcarlson Cocaine Supply sourced directly from verified labs. Fast, reliable service. Please include your PGP encrypted address when ordering.",0.208272 BTC,USA,Worldwide,4.93/5,
dcarlson,Services/Hacking,HQ dcarlson Hacking Supply [Worldwide Stealth],We are back on NightMarket offering our verified dcarlson Hacking Supply. Guaranteed premium quality and stealth packaging. Contact via PGP for bulk orders.,0.174007 BTC,USA,Worldwide,4.94/5,
tasha01,Drugs/Ecstasy/MDMA,tasha01 MDMA Supply,High purity tasha01 MDMA Supply at competitive market prices. Fully tested batch. Customer satisfaction is our top priority.,0.079789 BTC,USA,Worldwide,4.94/5,
tasha01,Drugs/Cannabis/Weed,tasha01 Weed Supply [Tracked],High purity tasha01 Weed Supply at competitive market prices. Fully tested batch. Customer satisfaction is our top priority.,0.296279 BTC,USA,Worldwide,4.92/5,
tasha01,Services/Hacking,tasha01 Hacking Supply [Escrow Ready],"Premium tasha01 Hacking Supply sourced directly from verified labs. Fast, reliable service. Please include your PGP encrypted address when ordering.",0.145290 BTC,USA,Worldwide,5.00/5,
tasha01,Drugs/Stimulants/Cocaine,Premium tasha01 Cocaine Supply,tasha01 Cocaine Supply available now. All orders dispatched within 24 hours of payment confirmation. Domestic and international stealth available.,0.174615 BTC,USA,Worldwide,5.00/5,
tasha01,Services/Hacking,HQ tasha01 Hacking Supply,High purity tasha01 Hacking Supply at competitive market prices. Fully tested batch. Customer satisfaction is our top priority.,0.030311 BTC,USA,Worldwide,4.82/5,
tasha01,Digital/Security,tasha01 Security Supply,"Premium tasha01 Security Supply sourced directly from verified labs. Fast, reliable service. Please include your PGP encrypted address when ordering.",0.313472 BTC,USA,Worldwide,4.70/5,
tasha01,Drugs/Ecstasy/MDMA,tasha01 MDMA Supply,"Premium tasha01 MDMA Supply sourced directly from verified labs. Fast, reliable service. Please include your PGP encrypted address when ordering.",0.195754 BTC,USA,Worldwide,5.00/5,
tasha01,Drugs/Ecstasy/MDMA,tasha01 MDMA Supply [24/7 Auto Dispatch],High purity tasha01 MDMA Supply at competitive market prices. Fully tested batch. Customer satisfaction is our top priority.,0.248151 BTC,USA,Worldwide,4.94/5,
kayla51,Drugs/Stimulants/Cocaine,Exclusive kayla51 Cocaine Supply [Original Batch],kayla51 Cocaine Supply available now. All orders dispatched within 24 hours of payment confirmation. Domestic and international stealth available.,0.311081 BTC,USA,Worldwide,4.69/5,
kayla51,Services/Hacking,kayla51 Hacking Supply,High purity kayla51 Hacking Supply at competitive market prices. Fully tested batch. Customer satisfaction is our top priority.,0.307407 BTC,USA,Worldwide,4.99/5,
kayla51,Digital/Security,100% Pure kayla51 Security Supply [Escrow Ready],High purity kayla51 Security Supply at competitive market prices. Fully tested batch. Customer satisfaction is our top priority.,0.479366 BTC,USA,Worldwide,5.00/5,
kayla51,Drugs/Ecstasy/MDMA,kayla51 MDMA Supply [Original Batch],We are back on NightMarket offering our verified kayla51 MDMA Supply. Guaranteed premium quality and stealth packaging. Contact via PGP for bulk orders.,0.410652 BTC,USA,Worldwide,4.96/5,
ryan70,Services/Hacking,ryan70 Hacking Supply [Escrow Ready],High purity ryan70 Hacking Supply at competitive market prices. Fully tested batch. Customer satisfaction is our top priority.,0.409958 BTC,USA,Worldwide,4.91/5,
ryan70,Services/Hacking,Custom ryan70 Hacking Supply [24/7 Auto Dispatch],High purity ryan70 Hacking Supply at competitive market prices. Fully tested batch. Customer satisfaction is our top priority.,0.258008 BTC,USA,Worldwide,4.89/5,
ryan70,Services/Hacking,ryan70 Hacking Supply [Fast Shipping],"Welcome to our official NightMarket shop! ryan70 Hacking Supply ready for instant dispatch. Double vacuum sealed, professional MBB stealth. 99% delivery rate across Worldwide.",0.141466 BTC,USA,Worldwide,4.72/5,
teresa28,Digital/Security,teresa28 Security Supply [Purity Tested],High purity teresa28 Security Supply at competitive market prices. Fully tested batch. Customer satisfaction is our top priority.,0.351455 BTC,USA,Worldwide,4.99/5,
teresa28,Drugs/Stimulants/Cocaine,teresa28 Cocaine Supply [Tracked],We are back on NightMarket offering our verified teresa28 Cocaine Supply. Guaranteed lab tested quality and stealth packaging. Contact via PGP for bulk orders.,0.060582 BTC,USA,Worldwide,5.00/5,
teresa28,Drugs/Ecstasy/MDMA,teresa28 MDMA Supply [Purity Tested],We are back on NightMarket offering our verified teresa28 MDMA Supply. Guaranteed high grade quality and stealth packaging. Contact via PGP for bulk orders.,0.141809 BTC,USA,Worldwide,5.00/5,
teresa28,Digital/Security,teresa28 Security Supply,"Welcome to our official NightMarket shop! teresa28 Security Supply ready for instant dispatch. Double vacuum sealed, professional MBB stealth. 99% delivery rate across Worldwide.",0.088068 BTC,USA,Worldwide,4.81/5,
teresa28,Drugs/Cannabis/Weed,teresa28 Weed Supply,"Welcome to our official NightMarket shop! teresa28 Weed Supply ready for instant dispatch. Double vacuum sealed, professional MBB stealth. 99% delivery rate across Worldwide.",0.117939 BTC,USA,Worldwide,5.00/5,
harrellkenneth,Drugs/Ecstasy/MDMA,harrellkenneth MDMA Supply,We are back on NightMarket offering our verified harrellkenneth MDMA Supply. Guaranteed high grade quality and stealth packaging. Contact via PGP for bulk orders.,0.389769 BTC,USA,Worldwide,5.00/5,
harrellkenneth,Drugs/Cannabis/Weed,harrellkenneth Weed Supply,"Welcome to our official NightMarket shop! harrellkenneth Weed Supply ready for instant dispatch. Double vacuum sealed, professional MBB stealth. 99% delivery rate across Worldwide.",0.225237 BTC,USA,Worldwide,5.00/5,
harrellkenneth,Drugs/Ecstasy/MDMA,harrellkenneth MDMA Supply,harrellkenneth MDMA Supply available now. All orders dispatched within 24 hours of payment confirmation. Domestic and international stealth available.,0.450852 BTC,USA,Worldwide,4.96/5,
harrellkenneth,Digital/Security,harrellkenneth Security Supply,We are back on NightMarket offering our verified harrellkenneth Security Supply. Guaranteed top tier quality and stealth packaging. Contact via PGP for bulk orders.,0.229806 BTC,USA,Worldwide,4.85/5,
harrellkenneth,Drugs/Stimulants/Cocaine,Direct Source harrellkenneth Cocaine Supply,"Welcome to our official NightMarket shop! harrellkenneth Cocaine Supply ready for instant dispatch. Double vacuum sealed, professional MBB stealth. 99% delivery rate across Worldwide.",0.038259 BTC,USA,Worldwide,4.92/5,
ericfarmer,Drugs/Cannabis/Weed,ericfarmer Weed Supply [Escrow Ready],We are back on NightMarket offering our verified ericfarmer Weed Supply. Guaranteed lab tested quality and stealth packaging. Contact via PGP for bulk orders.,0.158725 BTC,USA,Worldwide,5.00/5,
ericfarmer,Drugs/Cannabis/Weed,Exclusive ericfarmer Weed Supply,High purity ericfarmer Weed Supply at competitive market prices. Fully tested batch. Customer satisfaction is our top priority.,0.334771 BTC,USA,Worldwide,5.00/5,
ericfarmer,Digital/Security,Top Grade ericfarmer Security Supply [Escrow Ready],"Premium ericfarmer Security Supply sourced directly from verified labs. Fast, reliable service. Please include your PGP encrypted address when ordering.",0.339196 BTC,USA,Worldwide,4.88/5,
ericfarmer,Drugs/Cannabis/Weed,Direct Source ericfarmer Weed Supply,High purity ericfarmer Weed Supply at competitive market prices. Fully tested batch. Customer satisfaction is our top priority.,0.044602 BTC,USA,Worldwide,4.96/5,
ericfarmer,Digital/Security,ericfarmer Security Supply [Escrow Ready],"Premium ericfarmer Security Supply sourced directly from verified labs. Fast, reliable service. Please include your PGP encrypted address when ordering.",0.471849 BTC,USA,Worldwide,4.90/5,
ericfarmer,Drugs/Cannabis/Weed,ericfarmer Weed Supply,We are back on NightMarket offering our verified ericfarmer Weed Supply. Guaranteed 99% quality and stealth packaging. Contact via PGP for bulk orders.,0.251029 BTC,USA,Worldwide,4.86/5,
ericfarmer,Services/Hacking,ericfarmer Hacking Supply,ericfarmer Hacking Supply available now. All orders dispatched within 24 hours of payment confirmation. Domestic and international stealth available.,0.105359 BTC,USA,Worldwide,4.89/5,
ericfarmer,Digital/Security,ericfarmer Security Supply,ericfarmer Security Supply available now. All orders dispatched within 24 hours of payment confirmation. Domestic and international stealth available.,0.335199 BTC,USA,Worldwide,5.00/5,
georgetracy,Digital/Security,georgetracy Security Supply [Purity Tested],"Welcome to our official NightMarket shop! georgetracy Security Supply ready for instant dispatch. Double vacuum sealed, professional MBB stealth. 99% delivery rate across Worldwide.",0.352496 BTC,USA,Worldwide,5.00/5,
georgetracy,Drugs/Stimulants/Cocaine,georgetracy Cocaine Supply,"Welcome to our official NightMarket shop! georgetracy Cocaine Supply ready for instant dispatch. Double vacuum sealed, professional MBB stealth. 99% delivery rate across Worldwide.",0.320534 BTC,USA,Worldwide,4.98/5,
georgetracy,Drugs/Stimulants/Cocaine,georgetracy Cocaine Supply,We are back on NightMarket offering our verified georgetracy Cocaine Supply. Guaranteed high grade quality and stealth packaging. Contact via PGP for bulk orders.,0.029318 BTC,USA,Worldwide,5.00/5,
georgetracy,Digital/Security,Verified georgetracy Security Supply,We are back on NightMarket offering our verified georgetracy Security Supply. Guaranteed 99% quality and stealth packaging. Contact via PGP for bulk orders.,0.121436 BTC,USA,Worldwide,5.00/5,
georgetracy,Drugs/Stimulants/Cocaine,georgetracy Cocaine Supply,High purity georgetracy Cocaine Supply at competitive market prices. Fully tested batch. Customer satisfaction is our top priority.,0.219203 BTC,USA,Worldwide,4.85/5,
hickmannatasha,Digital/Security,hickmannatasha Security Supply,We are back on NightMarket offering our verified hickmannatasha Security Supply. Guaranteed premium quality and stealth packaging. Contact via PGP for bulk orders.,0.352232 BTC,USA,Worldwide,5.00/5,
hickmannatasha,Services/Hacking,hickmannatasha Hacking Supply [Tracked],hickmannatasha Hacking Supply available now. All orders dispatched within 24 hours of payment confirmation. Domestic and international stealth available.,0.127065 BTC,USA,Worldwide,5.00/5,
hickmannatasha,Digital/Security,Top Grade hickmannatasha Security Supply,"Premium hickmannatasha Security Supply sourced directly from verified labs. Fast, reliable service. Please include your PGP encrypted address when ordering.",0.421474 BTC,USA,Worldwide,4.76/5,
hickmannatasha,Digital/Security,hickmannatasha Security Supply,"Premium hickmannatasha Security Supply sourced directly from verified labs. Fast, reliable service. Please include your PGP encrypted address when ordering.",0.221379 BTC,USA,Worldwide,4.70/5,
hickmannatasha,Drugs/Stimulants/Cocaine,hickmannatasha Cocaine Supply,We are back on NightMarket offering our verified hickmannatasha Cocaine Supply. Guaranteed high grade quality and stealth packaging. Contact via PGP for bulk orders.,0.397742 BTC,USA,Worldwide,4.69/5,
hickmannatasha,Drugs/Stimulants/Cocaine,hickmannatasha Cocaine Supply [24/7 Auto Dispatch],hickmannatasha Cocaine Supply available now. All orders dispatched within 24 hours of payment confirmation. Domestic and international stealth available.,0.503142 BTC,USA,Worldwide,5.00/5,
hickmannatasha,Services/Hacking,hickmannatasha Hacking Supply [Escrow Ready],"Premium hickmannatasha Hacking Supply sourced directly from verified labs. Fast, reliable service. Please include your PGP encrypted address when ordering.",0.367506 BTC,USA,Worldwide,5.00/5,
john39,Services/Hacking,john39 Hacking Supply,We are back on NightMarket offering our verified john39 Hacking Supply. Guaranteed top tier quality and stealth packaging. Contact via PGP for bulk orders.,0.057283 BTC,USA,Worldwide,5.00/5,
john39,Services/Hacking,john39 Hacking Supply [Original Batch],john39 Hacking Supply available now. All orders dispatched within 24 hours of payment confirmation. Domestic and international stealth available.,0.300280 BTC,USA,Worldwide,4.83/5,
john39,Services/Hacking,john39 Hacking Supply [Original Batch],We are back on NightMarket offering our verified john39 Hacking Supply. Guaranteed 99% quality and stealth packaging. Contact via PGP for bulk orders.,0.353965 BTC,USA,Worldwide,5.00/5,
john39,Drugs/Cannabis/Weed,High Quality john39 Weed Supply [24/7 Auto Dispatch],We are back on NightMarket offering our verified john39 Weed Supply. Guaranteed top tier quality and stealth packaging. Contact via PGP for bulk orders.,0.503405 BTC,USA,Worldwide,4.99/5,
john39,Drugs/Cannabis/Weed,Premium john39 Weed Supply [Original Batch],john39 Weed Supply available now. All orders dispatched within 24 hours of payment confirmation. Domestic and international stealth available.,0.318154 BTC,USA,Worldwide,5.00/5,
millertodd,Digital/Security,millertodd Security Supply,High purity millertodd Security Supply at competitive market prices. Fully tested batch. Customer satisfaction is our top priority.,0.304406 BTC,USA,Worldwide,4.79/5,
millertodd,Drugs/Ecstasy/MDMA,High Quality millertodd MDMA Supply,millertodd MDMA Supply available now. All orders dispatched within 24 hours of payment confirmation. Domestic and international stealth available.,0.105768 BTC,USA,Worldwide,4.90/5,
millertodd,Drugs/Cannabis/Weed,Ultra Clean millertodd Weed Supply [Tracked],"Premium millertodd Weed Supply sourced directly from verified labs. Fast, reliable service. Please include your PGP encrypted address when ordering.",0.345467 BTC,USA,Worldwide,5.00/5,
millertodd,Drugs/Stimulants/Cocaine,millertodd Cocaine Supply,"Welcome to our official NightMarket shop! millertodd Cocaine Supply ready for instant dispatch. Double vacuum sealed, professional MBB stealth. 99% delivery rate across Worldwide.",0.484652 BTC,USA,Worldwide,5.00/5,
millertodd,Drugs/Stimulants/Cocaine,millertodd Cocaine Supply [Fast Shipping],"Premium millertodd Cocaine Supply sourced directly from verified labs. Fast, reliable service. Please include your PGP encrypted address when ordering.",0.233842 BTC,USA,Worldwide,4.82/5,
millertodd,Drugs/Stimulants/Cocaine,Direct Source millertodd Cocaine Supply [Original Batch],We are back on NightMarket offering our verified millertodd Cocaine Supply. Guaranteed premium quality and stealth packaging. Contact via PGP for bulk orders.,0.196103 BTC,USA,Worldwide,5.00/5,
millertodd,Services/Hacking,millertodd Hacking Supply,High purity millertodd Hacking Supply at competitive market prices. Fully tested batch. Customer satisfaction is our top priority.,0.168336 BTC,USA,Worldwide,4.83/5,
spenceamanda,Digital/Security,spenceamanda Security Supply [Original Batch],We are back on NightMarket offering our verified spenceamanda Security Supply. Guaranteed top tier quality and stealth packaging. Contact via PGP for bulk orders.,0.156144 BTC,USA,Worldwide,4.65/5,
spenceamanda,Drugs/Ecstasy/MDMA,spenceamanda MDMA Supply [Original Batch],"Premium spenceamanda MDMA Supply sourced directly from verified labs. Fast, reliable service. Please include your PGP encrypted address when ordering.",0.410426 BTC,USA,Worldwide,4.75/5,
spenceamanda,Drugs/Cannabis/Weed,spenceamanda Weed Supply,"Welcome to our official NightMarket shop! spenceamanda Weed Supply ready for instant dispatch. Double vacuum sealed, professional MBB stealth. 99% delivery rate across Worldwide.",0.376387 BTC,USA,Worldwide,4.82/5,
davidalvarez,Drugs/Ecstasy/MDMA,High Quality davidalvarez MDMA Supply [Fast Shipping],High purity davidalvarez MDMA Supply at competitive market prices. Fully tested batch. Customer satisfaction is our top priority.,0.265429 BTC,USA,Worldwide,5.00/5,
davidalvarez,Drugs/Ecstasy/MDMA,davidalvarez MDMA Supply [Fast Shipping],davidalvarez MDMA Supply available now. All orders dispatched within 24 hours of payment confirmation. Domestic and international stealth available.,0.343878 BTC,USA,Worldwide,4.90/5,
josephbrennan,Services/Hacking,josephbrennan Hacking Supply [24/7 Auto Dispatch],josephbrennan Hacking Supply available now. All orders dispatched within 24 hours of payment confirmation. Domestic and international stealth available.,0.150642 BTC,USA,Worldwide,5.00/5,
josephbrennan,Drugs/Cannabis/Weed,HQ josephbrennan Weed Supply,"Premium josephbrennan Weed Supply sourced directly from verified labs. Fast, reliable service. Please include your PGP encrypted address when ordering.",0.289049 BTC,USA,Worldwide,4.81/5,
josephbrennan,Drugs/Stimulants/Cocaine,josephbrennan Cocaine Supply,"Premium josephbrennan Cocaine Supply sourced directly from verified labs. Fast, reliable service. Please include your PGP encrypted address when ordering.",0.382954 BTC,USA,Worldwide,5.00/5,
josephbrennan,Digital/Security,Exclusive josephbrennan Security Supply [Fast Shipping],High purity josephbrennan Security Supply at competitive market prices. Fully tested batch. Customer satisfaction is our top priority.,0.186960 BTC,USA,Worldwide,4.82/5,
josephbrennan,Digital/Security,Verified josephbrennan Security Supply,We are back on NightMarket offering our verified josephbrennan Security Supply. Guaranteed lab tested quality and stealth packaging. Contact via PGP for bulk orders.,0.302882 BTC,USA,Worldwide,4.75/5,
josephbrennan,Drugs/Stimulants/Cocaine,josephbrennan Cocaine Supply,We are back on NightMarket offering our verified josephbrennan Cocaine Supply. Guaranteed high grade quality and stealth packaging. Contact via PGP for bulk orders.,0.389836 BTC,USA,Worldwide,4.98/5,
josephbrennan,Drugs/Ecstasy/MDMA,josephbrennan MDMA Supply,"Premium josephbrennan MDMA Supply sourced directly from verified labs. Fast, reliable service. Please include your PGP encrypted address when ordering.",0.102600 BTC,USA,Worldwide,4.84/5,
ibrandt,Digital/Security,ibrandt Security Supply,High purity ibrandt Security Supply at competitive market prices. Fully tested batch. Customer satisfaction is our top priority.,0.281181 BTC,USA,Worldwide,5.00/5,
ibrandt,Drugs/Cannabis/Weed,ibrandt Weed Supply [Original Batch],We are back on NightMarket offering our verified ibrandt Weed Supply. Guaranteed lab tested quality and stealth packaging. Contact via PGP for bulk orders.,0.350817 BTC,USA,Worldwide,4.69/5,
ibrandt,Digital/Security,ibrandt Security Supply [Fast Shipping],"Welcome to our official NightMarket shop! ibrandt Security Supply ready for instant dispatch. Double vacuum sealed, professional MBB stealth. 99% delivery rate across Worldwide.",0.370874 BTC,USA,Worldwide,5.00/5,
ibrandt,Drugs/Cannabis/Weed,Direct Source ibrandt Weed Supply,ibrandt Weed Supply available now. All orders dispatched within 24 hours of payment confirmation. Domestic and international stealth available.,0.063185 BTC,USA,Worldwide,4.83/5,
ibrandt,Drugs/Stimulants/Cocaine,ibrandt Cocaine Supply [Worldwide Stealth],High purity ibrandt Cocaine Supply at competitive market prices. Fully tested batch. Customer satisfaction is our top priority.,0.262366 BTC,USA,Worldwide,4.99/5,
ibrandt,Drugs/Stimulants/Cocaine,ibrandt Cocaine Supply,We are back on NightMarket offering our verified ibrandt Cocaine Supply. Guaranteed lab tested quality and stealth packaging. Contact via PGP for bulk orders.,0.374401 BTC,USA,Worldwide,4.88/5,
ibrandt,Drugs/Ecstasy/MDMA,ibrandt MDMA Supply,High purity ibrandt MDMA Supply at competitive market prices. Fully tested batch. Customer satisfaction is our top priority.,0.153962 BTC,USA,Worldwide,5.00/5,
ibrandt,Drugs/Cannabis/Weed,ibrandt Weed Supply,ibrandt Weed Supply available now. All orders dispatched within 24 hours of payment confirmation. Domestic and international stealth available.,0.338575 BTC,USA,Worldwide,4.79/5,
jenniferross,Drugs/Cannabis/Weed,jenniferross Weed Supply,"Welcome to our official NightMarket shop! jenniferross Weed Supply ready for instant dispatch. Double vacuum sealed, professional MBB stealth. 99% delivery rate across Worldwide.",0.120326 BTC,USA,Worldwide,5.00/5,
jenniferross,Digital/Security,jenniferross Security Supply [Fast Shipping],jenniferross Security Supply available now. All orders dispatched within 24 hours of payment confirmation. Domestic and international stealth available.,0.227864 BTC,USA,Worldwide,4.85/5,
samuel87,Services/Hacking,samuel87 Hacking Supply,We are back on NightMarket offering our verified samuel87 Hacking Supply. Guaranteed high grade quality and stealth packaging. Contact via PGP for bulk orders.,0.292406 BTC,USA,Worldwide,4.97/5,
samuel87,Drugs/Cannabis/Weed,100% Pure samuel87 Weed Supply,"Welcome to our official NightMarket shop! samuel87 Weed Supply ready for instant dispatch. Double vacuum sealed, professional MBB stealth. 99% delivery rate across Worldwide.",0.230327 BTC,USA,Worldwide,5.00/5,
samuel87,Services/Hacking,samuel87 Hacking Supply,samuel87 Hacking Supply available now. All orders dispatched within 24 hours of payment confirmation. Domestic and international stealth available.,0.296518 BTC,USA,Worldwide,4.87/5,
samuel87,Drugs/Cannabis/Weed,samuel87 Weed Supply,We are back on NightMarket offering our verified samuel87 Weed Supply. Guaranteed premium quality and stealth packaging. Contact via PGP for bulk orders.,0.253253 BTC,USA,Worldwide,5.00/5,
samuel87,Digital/Security,Custom samuel87 Security Supply [Fast Shipping],"Premium samuel87 Security Supply sourced directly from verified labs. Fast, reliable service. Please include your PGP encrypted address when ordering.",0.273217 BTC,USA,Worldwide,4.78/5,
samuel87,Drugs/Stimulants/Cocaine,Top Grade samuel87 Cocaine Supply,We are back on NightMarket offering our verified samuel87 Cocaine Supply. Guaranteed high grade quality and stealth packaging. Contact via PGP for bulk orders.,0.472087 BTC,USA,Worldwide,5.00/5,
samuel87,Services/Hacking,samuel87 Hacking Supply [Escrow Ready],"Premium samuel87 Hacking Supply sourced directly from verified labs. Fast, reliable service. Please include your PGP encrypted address when ordering.",0.517737 BTC,USA,Worldwide,4.71/5,
samuel87,Services/Hacking,samuel87 Hacking Supply,High purity samuel87 Hacking Supply at competitive market prices. Fully tested batch. Customer satisfaction is our top priority.,0.125715 BTC,USA,Worldwide,4.92/5,
wrightcaleb,Drugs/Cannabis/Weed,HQ wrightcaleb Weed Supply [Fast Shipping],wrightcaleb Weed Supply available now. All orders dispatched within 24 hours of payment confirmation. Domestic and international stealth available.,0.514294 BTC,USA,Worldwide,4.93/5,
wrightcaleb,Drugs/Ecstasy/MDMA,wrightcaleb MDMA Supply [Fast Shipping],wrightcaleb MDMA Supply available now. All orders dispatched within 24 hours of payment confirmation. Domestic and international stealth available.,0.107606 BTC,USA,Worldwide,4.69/5,
wrightcaleb,Digital/Security,wrightcaleb Security Supply,"Premium wrightcaleb Security Supply sourced directly from verified labs. Fast, reliable service. Please include your PGP encrypted address when ordering.",0.089062 BTC,USA,Worldwide,5.00/5,
wrightcaleb,Drugs/Stimulants/Cocaine,High Quality wrightcaleb Cocaine Supply,"Welcome to our official NightMarket shop! wrightcaleb Cocaine Supply ready for instant dispatch. Double vacuum sealed, professional MBB stealth. 99% delivery rate across Worldwide.",0.474067 BTC,USA,Worldwide,4.68/5,
